id,user_id,questions_id,answers,created_time,modified_time
1,1,1,4,2025-08-31 22:03:39.481,2025-08-31 22:03:39.481
2,1,2,2,2025-08-31 22:03:39.498,2025-08-31 22:03:39.498
3,1,3,4,2025-08-31 22:03:39.509,2025-08-31 22:03:39.509
4,1,1,4,2025-08-31 22:17:55.694,2025-08-31 22:17:55.694
5,1,2,2,2025-08-31 22:17:55.734,2025-08-31 22:17:55.734
6,1,3,4,2025-08-31 22:17:55.745,2025-08-31 22:17:55.745
7,1,1,1,2025-09-01 11:24:22.972,2025-09-01 11:24:22.972
8,1,2,3,2025-09-01 11:24:23.018,2025-09-01 11:24:23.018
9,1,3,4,2025-09-01 11:24:23.03,2025-09-01 11:24:23.03
10,1,4,3,2025-09-01 11:24:23.044,2025-09-01 11:24:23.044
11,1,5,2,2025-09-01 11:24:23.056,2025-09-01 11:24:23.056
12,1,6,1,2025-09-01 11:24:23.067,2025-09-01 11:24:23.067
13,1,7,3,2025-09-01 11:24:23.078,2025-09-01 11:24:23.078
14,1,8,3,2025-09-01 11:24:23.09,2025-09-01 11:24:23.09
15,1,9,3,2025-09-01 11:24:23.102,2025-09-01 11:24:23.102
16,1,10,1,2025-09-01 11:24:23.113,2025-09-01 11:24:23.113
17,1,1,3,2025-09-01 19:43:59.587,2025-09-01 19:43:59.587
18,1,2,2,2025-09-01 19:43:59.631,2025-09-01 19:43:59.631
19,1,3,4,2025-09-01 19:43:59.642,2025-09-01 19:43:59.642
20,1,4,5,2025-09-01 19:43:59.651,2025-09-01 19:43:59.651
21,1,5,4,2025-09-01 19:43:59.661,2025-09-01 19:43:59.661
22,1,6,3,2025-09-01 19:43:59.671,2025-09-01 19:43:59.671
23,1,7,1,2025-09-01 19:43:59.68,2025-09-01 19:43:59.68
24,1,8,1,2025-09-01 19:43:59.688,2025-09-01 19:43:59.688
25,1,9,4,2025-09-01 19:43:59.698,2025-09-01 19:43:59.698
26,1,10,3,2025-09-01 19:43:59.707,2025-09-01 19:43:59.707
27,1,1,5,2025-09-01 19:48:21.039,2025-09-01 19:48:21.039
28,1,2,5,2025-09-01 19:48:21.066,2025-09-01 19:48:21.066
29,1,3,5,2025-09-01 19:48:21.083,2025-09-01 19:48:21.083
30,1,4,1,2025-09-01 19:48:21.095,2025-09-01 19:48:21.095
31,1,5,1,2025-09-01 19:48:21.106,2025-09-01 19:48:21.106
32,1,6,1,2025-09-01 19:48:21.115,2025-09-01 19:48:21.115
33,1,7,1,2025-09-01 19:48:21.125,2025-09-01 19:48:21.125
34,1,8,1,2025-09-01 19:48:21.135,2025-09-01 19:48:21.135
35,1,9,1,2025-09-01 19:48:21.144,2025-09-01 19:48:21.144
36,1,10,1,2025-09-01 19:48:21.154,2025-09-01 19:48:21.154
37,1,1,3,2025-09-02 09:32:20.44,2025-09-02 09:32:20.44
38,1,2,2,2025-09-02 09:32:20.486,2025-09-02 09:32:20.486
39,1,3,4,2025-09-02 09:32:20.496,2025-09-02 09:32:20.496
40,1,4,3,2025-09-02 09:32:20.505,2025-09-02 09:32:20.505
41,1,5,3,2025-09-02 09:32:20.517,2025-09-02 09:32:20.517
42,1,6,4,2025-09-02 09:32:20.527,2025-09-02 09:32:20.527
43,1,7,3,2025-09-02 09:32:20.538,2025-09-02 09:32:20.538
44,1,8,3,2025-09-02 09:32:20.548,2025-09-02 09:32:20.548
45,1,9,4,2025-09-02 09:32:20.557,2025-09-02 09:32:20.557
46,1,10,2,2025-09-02 09:32:20.565,2025-09-02 09:32:20.565
47,1,1,3,2025-09-02 09:34:36.411,2025-09-02 09:34:36.411
48,1,2,1,2025-09-02 09:34:36.452,2025-09-02 09:34:36.452
49,1,3,4,2025-09-02 09:34:36.464,2025-09-02 09:34:36.464
50,1,4,3,2025-09-02 09:34:36.473,2025-09-02 09:34:36.473
51,1,5,4,2025-09-02 09:34:36.482,2025-09-02 09:34:36.482
52,1,6,3,2025-09-02 09:34:36.49,2025-09-02 09:34:36.49
53,1,7,4,2025-09-02 09:34:36.499,2025-09-02 09:34:36.499
54,1,8,4,2025-09-02 09:34:36.508,2025-09-02 09:34:36.508
55,1,9,4,2025-09-02 09:34:36.516,2025-09-02 09:34:36.516
56,1,10,3,2025-09-02 09:34:36.525,2025-09-02 09:34:36.525
57,1,1,2,2025-09-02 09:38:59.577,2025-09-02 09:38:59.577
58,1,2,3,2025-09-02 09:38:59.613,2025-09-02 09:38:59.613
59,1,3,4,2025-09-02 09:38:59.624,2025-09-02 09:38:59.624
60,1,4,3,2025-09-02 09:38:59.633,2025-09-02 09:38:59.633
61,1,5,3,2025-09-02 09:38:59.642,2025-09-02 09:38:59.642
62,1,6,2,2025-09-02 09:38:59.652,2025-09-02 09:38:59.652
63,1,7,4,2025-09-02 09:38:59.662,2025-09-02 09:38:59.662
64,1,8,4,2025-09-02 09:38:59.67,2025-09-02 09:38:59.67
65,1,9,3,2025-09-02 09:38:59.678,2025-09-02 09:38:59.678
66,1,10,4,2025-09-02 09:38:59.685,2025-09-02 09:38:59.685
67,1,1,2,2025-09-02 11:32:39.93,2025-09-02 11:32:39.93
68,1,2,3,2025-09-02 11:32:39.99,2025-09-02 11:32:39.99
69,1,3,3,2025-09-02 11:32:40.003,2025-09-02 11:32:40.003
70,1,4,4,2025-09-02 11:32:40.013,2025-09-02 11:32:40.013
71,1,5,3,2025-09-02 11:32:40.024,2025-09-02 11:32:40.024
72,1,6,1,2025-09-02 11:32:40.033,2025-09-02 11:32:40.033
73,1,7,4,2025-09-02 11:32:40.042,2025-09-02 11:32:40.042
74,1,8,4,2025-09-02 11:32:40.05,2025-09-02 11:32:40.05
75,1,9,4,2025-09-02 11:32:40.059,2025-09-02 11:32:40.059
76,1,10,3,2025-09-02 11:32:40.066,2025-09-02 11:32:40.066
77,8,11,6,2025-09-04 10:56:25.884,2025-09-04 10:56:25.884
78,8,12,6,2025-09-04 10:56:25.933,2025-09-04 10:56:25.933
79,8,13,6,2025-09-04 10:56:25.946,2025-09-04 10:56:25.946
80,8,14,3,2025-09-04 10:56:25.955,2025-09-04 10:56:25.955
81,8,15,3,2025-09-04 10:56:25.964,2025-09-04 10:56:25.964
82,8,16,4,2025-09-04 10:56:25.973,2025-09-04 10:56:25.973
83,8,17,2,2025-09-04 10:56:25.98,2025-09-04 10:56:25.98
84,8,18,2,2025-09-04 10:56:25.989,2025-09-04 10:56:25.989
85,8,11,4,2025-09-04 11:05:26.02,2025-09-04 11:05:26.02
86,8,12,2,2025-09-04 11:05:26.053,2025-09-04 11:05:26.053
87,8,13,4,2025-09-04 11:05:26.063,2025-09-04 11:05:26.063
88,8,14,3,2025-09-04 11:05:26.073,2025-09-04 11:05:26.073
89,8,15,1,2025-09-04 11:05:26.083,2025-09-04 11:05:26.083
90,8,16,5,2025-09-04 11:05:26.093,2025-09-04 11:05:26.093
91,8,17,4,2025-09-04 11:05:26.103,2025-09-04 11:05:26.103
92,8,18,4,2025-09-04 11:05:26.113,2025-09-04 11:05:26.113
93,8,11,2,2025-09-04 11:14:53.647,2025-09-04 11:14:53.647
94,8,12,1,2025-09-04 11:14:53.697,2025-09-04 11:14:53.697
95,8,13,5,2025-09-04 11:14:53.71,2025-09-04 11:14:53.71
96,8,14,6,2025-09-04 11:14:53.72,2025-09-04 11:14:53.72
97,8,15,2,2025-09-04 11:14:53.729,2025-09-04 11:14:53.729
98,8,16,6,2025-09-04 11:14:53.74,2025-09-04 11:14:53.74
99,8,17,5,2025-09-04 11:14:53.751,2025-09-04 11:14:53.751
100,8,18,5,2025-09-04 11:14:53.761,2025-09-04 11:14:53.761
101,8,11,2,2025-09-08 09:28:04.3,2025-09-08 09:28:04.3
102,8,12,1,2025-09-08 09:28:04.338,2025-09-08 09:28:04.338
103,8,13,4,2025-09-08 09:28:04.349,2025-09-08 09:28:04.349
104,8,14,4,2025-09-08 09:28:04.359,2025-09-08 09:28:04.359
105,8,15,3,2025-09-08 09:28:04.368,2025-09-08 09:28:04.368
106,8,16,1,2025-09-08 09:28:04.379,2025-09-08 09:28:04.379
107,8,17,6,2025-09-08 09:28:04.387,2025-09-08 09:28:04.387
108,8,18,6,2025-09-08 09:28:04.395,2025-09-08 09:28:04.395
109,8,11,1,2025-09-08 09:38:33.333,2025-09-08 09:38:33.333
110,8,12,4,2025-09-08 09:38:33.395,2025-09-08 09:38:33.395
111,8,13,5,2025-09-08 09:38:33.406,2025-09-08 09:38:33.406
112,8,14,3,2025-09-08 09:38:33.417,2025-09-08 09:38:33.417
113,8,15,5,2025-09-08 09:38:33.432,2025-09-08 09:38:33.432
114,8,16,1,2025-09-08 09:38:33.446,2025-09-08 09:38:33.446
115,8,17,3,2025-09-08 09:38:33.458,2025-09-08 09:38:33.458
116,8,18,3,2025-09-08 09:38:33.468,2025-09-08 09:38:33.468
117,8,19,2,2025-09-08 11:48:01.64,2025-09-08 11:48:01.64
118,8,20,5,2025-09-08 11:48:01.698,2025-09-08 11:48:01.698
119,8,21,3,2025-09-08 11:48:01.712,2025-09-08 11:48:01.712
120,8,22,7,2025-09-08 11:48:01.724,2025-09-08 11:48:01.724
121,8,23,3,2025-09-08 11:48:01.735,2025-09-08 11:48:01.735
122,8,24,6,2025-09-08 11:48:01.746,2025-09-08 11:48:01.746
123,8,25,3,2025-09-08 11:48:01.761,2025-09-08 11:48:01.761
124,8,26,6,2025-09-08 11:48:01.771,2025-09-08 11:48:01.771
125,8,27,2,2025-09-08 11:48:01.782,2025-09-08 11:48:01.782
126,8,28,7,2025-09-08 11:48:01.791,2025-09-08 11:48:01.791
127,8,29,2,2025-09-08 11:48:01.801,2025-09-08 11:48:01.801
128,8,20,7,2025-09-08 11:48:01.81,2025-09-08 11:48:01.81
129,8,31,2,2025-09-08 11:48:01.821,2025-09-08 11:48:01.821
130,8,32,2,2025-09-08 11:48:01.83,2025-09-08 11:48:01.83
131,8,33,6,2025-09-08 11:48:01.839,2025-09-08 11:48:01.839
132,8,34,3,2025-09-08 11:48:01.85,2025-09-08 11:48:01.85
133,9,34,2,2025-09-08 15:39:33.188,2025-09-08 15:39:33.188
134,10,34,2,2025-09-08 15:39:33.229,2025-09-08 15:39:33.229
135,11,34,2,2025-09-08 15:39:33.239,2025-09-08 15:39:33.239
136,12,34,3,2025-09-08 15:39:33.248,2025-09-08 15:39:33.248
137,13,34,5,2025-09-08 15:39:33.257,2025-09-08 15:39:33.257
138,14,34,5,2025-09-08 15:39:33.267,2025-09-08 15:39:33.267
139,15,34,3,2025-09-08 15:39:33.277,2025-09-08 15:39:33.277
140,16,34,2,2025-09-08 15:39:33.286,2025-09-08 15:39:33.286
141,17,34,1,2025-09-08 15:39:33.294,2025-09-08 15:39:33.294
142,18,34,1,2025-09-08 15:39:33.303,2025-09-08 15:39:33.303
143,19,34,3,2025-09-08 15:39:33.318,2025-09-08 15:39:33.318
144,20,34,4,2025-09-08 15:39:33.328,2025-09-08 15:39:33.328
145,21,34,4,2025-09-08 15:39:33.336,2025-09-08 15:39:33.336
146,22,34,1,2025-09-08 15:39:33.345,2025-09-08 15:39:33.345
147,23,34,1,2025-09-08 15:39:33.355,2025-09-08 15:39:33.355
148,24,34,4,2025-09-08 15:39:33.365,2025-09-08 15:39:33.365
149,25,34,4,2025-09-08 15:39:33.375,2025-09-08 15:39:33.375
150,26,34,3,2025-09-08 15:39:33.384,2025-09-08 15:39:33.384
151,27,34,1,2025-09-08 15:39:33.393,2025-09-08 15:39:33.393
152,28,34,3,2025-09-08 15:39:33.402,2025-09-08 15:39:33.402
153,29,34,5,2025-09-08 15:39:33.411,2025-09-08 15:39:33.411
154,30,34,1,2025-09-08 15:39:33.421,2025-09-08 15:39:33.421
155,31,34,4,2025-09-08 15:39:33.431,2025-09-08 15:39:33.431
156,32,34,2,2025-09-08 15:39:33.441,2025-09-08 15:39:33.441
157,33,34,4,2025-09-08 15:39:33.449,2025-09-08 15:39:33.449
158,34,34,3,2025-09-08 15:39:33.457,2025-09-08 15:39:33.457
159,35,34,1,2025-09-08 15:39:33.467,2025-09-08 15:39:33.467
160,36,34,4,2025-09-08 15:39:33.476,2025-09-08 15:39:33.476
161,37,34,2,2025-09-08 15:39:33.485,2025-09-08 15:39:33.485
162,38,34,2,2025-09-08 15:39:33.494,2025-09-08 15:39:33.494
163,39,34,4,2025-09-08 15:39:33.501,2025-09-08 15:39:33.501
164,40,34,4,2025-09-08 15:39:33.515,2025-09-08 15:39:33.515
165,41,34,3,2025-09-08 15:39:33.526,2025-09-08 15:39:33.526
166,42,34,2,2025-09-08 15:39:33.534,2025-09-08 15:39:33.534
167,43,34,6,2025-09-08 15:39:33.543,2025-09-08 15:39:33.543
168,44,34,3,2025-09-08 15:39:33.551,2025-09-08 15:39:33.551
169,45,34,4,2025-09-08 15:39:33.561,2025-09-08 15:39:33.561
170,46,34,4,2025-09-08 15:39:33.569,2025-09-08 15:39:33.569
171,47,34,1,2025-09-08 15:39:33.578,2025-09-08 15:39:33.578
172,48,34,7,2025-09-08 15:39:33.588,2025-09-08 15:39:33.588
173,49,34,1,2025-09-08 15:39:33.596,2025-09-08 15:39:33.596
174,50,34,4,2025-09-08 15:39:33.606,2025-09-08 15:39:33.606
175,51,34,3,2025-09-08 15:39:33.615,2025-09-08 15:39:33.615
176,52,34,4,2025-09-08 15:39:33.622,2025-09-08 15:39:33.622
177,53,34,2,2025-09-08 15:39:33.63,2025-09-08 15:39:33.63
178,54,34,4,2025-09-08 15:39:33.638,2025-09-08 15:39:33.638
179,55,34,2,2025-09-08 15:39:33.646,2025-09-08 15:39:33.646
180,56,34,4,2025-09-08 15:39:33.652,2025-09-08 15:39:33.652
181,57,34,1,2025-09-08 15:39:33.66,2025-09-08 15:39:33.66
182,58,34,4,2025-09-08 15:39:33.666,2025-09-08 15:39:33.666
183,59,34,4,2025-09-08 15:39:33.677,2025-09-08 15:39:33.677
184,60,34,5,2025-09-08 15:39:33.682,2025-09-08 15:39:33.682
185,61,34,4,2025-09-08 15:39:33.689,2025-09-08 15:39:33.689
186,62,34,4,2025-09-08 15:39:33.695,2025-09-08 15:39:33.695
187,63,34,6,2025-09-08 15:39:33.701,2025-09-08 15:39:33.701
188,64,34,3,2025-09-08 15:39:33.708,2025-09-08 15:39:33.708
189,65,34,3,2025-09-08 15:39:33.716,2025-09-08 15:39:33.716
190,66,34,3,2025-09-08 15:39:33.724,2025-09-08 15:39:33.724
191,67,34,1,2025-09-08 15:39:33.73,2025-09-08 15:39:33.73
192,68,34,5,2025-09-08 15:39:33.735,2025-09-08 15:39:33.735
193,69,34,4,2025-09-08 15:39:33.744,2025-09-08 15:39:33.744
194,70,34,6,2025-09-08 15:39:33.751,2025-09-08 15:39:33.751
195,71,34,5,2025-09-08 15:39:33.759,2025-09-08 15:39:33.759
196,72,34,3,2025-09-08 15:39:33.766,2025-09-08 15:39:33.766
197,73,34,3,2025-09-08 15:39:33.774,2025-09-08 15:39:33.774
198,74,34,4,2025-09-08 15:39:33.78,2025-09-08 15:39:33.78
199,75,34,3,2025-09-08 15:39:33.788,2025-09-08 15:39:33.788
200,76,34,4,2025-09-08 15:39:33.796,2025-09-08 15:39:33.796
201,77,34,2,2025-09-08 15:39:33.804,2025-09-08 15:39:33.804
202,78,34,1,2025-09-08 15:39:33.811,2025-09-08 15:39:33.811
203,79,34,4,2025-09-08 15:39:33.819,2025-09-08 15:39:33.819
204,80,34,4,2025-09-08 15:39:33.827,2025-09-08 15:39:33.827
205,81,34,3,2025-09-08 15:39:33.835,2025-09-08 15:39:33.835
206,82,34,2,2025-09-08 15:39:33.842,2025-09-08 15:39:33.842
207,83,34,4,2025-09-08 15:39:33.849,2025-09-08 15:39:33.849
208,84,34,1,2025-09-08 15:39:33.856,2025-09-08 15:39:33.856
209,85,34,4,2025-09-08 15:39:33.862,2025-09-08 15:39:33.862
210,86,34,2,2025-09-08 15:39:33.868,2025-09-08 15:39:33.868
211,87,34,4,2025-09-08 15:39:33.874,2025-09-08 15:39:33.874
212,88,34,2,2025-09-08 15:39:33.88,2025-09-08 15:39:33.88
213,89,34,2,2025-09-08 15:39:33.885,2025-09-08 15:39:33.885
214,90,34,4,2025-09-08 15:39:33.891,2025-09-08 15:39:33.891
215,91,34,4,2025-09-08 15:39:33.897,2025-09-08 15:39:33.897
216,92,34,4,2025-09-08 15:39:33.904,2025-09-08 15:39:33.904
217,93,34,3,2025-09-08 15:39:33.91,2025-09-08 15:39:33.91
218,94,34,2,2025-09-08 15:39:33.915,2025-09-08 15:39:33.915
219,95,34,3,2025-09-08 15:39:33.922,2025-09-08 15:39:33.922
220,96,34,3,2025-09-08 15:39:33.929,2025-09-08 15:39:33.929
221,97,34,4,2025-09-08 15:39:33.935,2025-09-08 15:39:33.935
222,98,34,5,2025-09-08 15:39:33.943,2025-09-08 15:39:33.943
223,99,34,3,2025-09-08 15:39:33.953,2025-09-08 15:39:33.953
224,100,34,5,2025-09-08 15:39:33.961,2025-09-08 15:39:33.961
225,101,34,2,2025-09-08 15:39:33.968,2025-09-08 15:39:33.968
226,102,34,6,2025-09-08 15:39:33.975,2025-09-08 15:39:33.975
227,103,34,3,2025-09-08 15:39:33.982,2025-09-08 15:39:33.982
228,104,34,1,2025-09-08 15:39:33.99,2025-09-08 15:39:33.99
229,105,34,4,2025-09-08 15:39:33.997,2025-09-08 15:39:33.997
230,106,34,2,2025-09-08 15:39:34.005,2025-09-08 15:39:34.005
231,107,34,5,2025-09-08 15:39:34.012,2025-09-08 15:39:34.012
232,108,34,2,2025-09-08 15:39:34.019,2025-09-08 15:39:34.019
233,109,34,2,2025-09-08 15:39:34.027,2025-09-08 15:39:34.027
234,110,34,3,2025-09-08 15:39:34.034,2025-09-08 15:39:34.034
235,111,34,4,2025-09-08 15:39:34.042,2025-09-08 15:39:34.042
236,112,34,4,2025-09-08 15:39:34.049,2025-09-08 15:39:34.049
237,113,34,4,2025-09-08 15:39:34.057,2025-09-08 15:39:34.057
238,114,34,4,2025-09-08 15:39:34.062,2025-09-08 15:39:34.062
239,115,34,7,2025-09-08 15:39:34.067,2025-09-08 15:39:34.067
240,116,34,3,2025-09-08 15:39:34.075,2025-09-08 15:39:34.075
241,117,34,5,2025-09-08 15:39:34.083,2025-09-08 15:39:34.083
242,118,34,2,2025-09-08 15:39:34.092,2025-09-08 15:39:34.092
243,119,34,5,2025-09-08 15:39:34.098,2025-09-08 15:39:34.098
244,120,34,4,2025-09-08 15:39:34.106,2025-09-08 15:39:34.106
245,121,34,4,2025-09-08 15:39:34.114,2025-09-08 15:39:34.114
246,122,34,3,2025-09-08 15:39:34.121,2025-09-08 15:39:34.121
247,123,34,3,2025-09-08 15:39:34.129,2025-09-08 15:39:34.129
248,124,34,3,2025-09-08 15:39:34.137,2025-09-08 15:39:34.137
249,125,34,4,2025-09-08 15:39:34.144,2025-09-08 15:39:34.144
250,126,34,4,2025-09-08 15:39:34.151,2025-09-08 15:39:34.151
251,127,34,2,2025-09-08 15:39:34.159,2025-09-08 15:39:34.159
252,128,34,4,2025-09-08 15:39:34.169,2025-09-08 15:39:34.169
253,129,34,4,2025-09-08 15:39:34.177,2025-09-08 15:39:34.177
254,130,34,4,2025-09-08 15:39:34.184,2025-09-08 15:39:34.184
255,131,34,2,2025-09-08 15:39:34.194,2025-09-08 15:39:34.194
256,132,34,3,2025-09-08 15:39:34.202,2025-09-08 15:39:34.202
257,133,34,4,2025-09-08 15:39:34.211,2025-09-08 15:39:34.211
258,134,34,4,2025-09-08 15:39:34.22,2025-09-08 15:39:34.22
259,135,34,5,2025-09-08 15:39:34.227,2025-09-08 15:39:34.227
260,136,34,3,2025-09-08 15:39:34.233,2025-09-08 15:39:34.233
261,137,34,3,2025-09-08 15:39:34.24,2025-09-08 15:39:34.24
262,138,34,5,2025-09-08 15:39:34.248,2025-09-08 15:39:34.248
263,139,34,4,2025-09-08 15:39:34.255,2025-09-08 15:39:34.255
264,140,34,5,2025-09-08 15:39:34.261,2025-09-08 15:39:34.261
265,141,34,3,2025-09-08 15:39:34.268,2025-09-08 15:39:34.268
266,142,34,5,2025-09-08 15:39:34.276,2025-09-08 15:39:34.276
267,143,34,3,2025-09-08 15:39:34.285,2025-09-08 15:39:34.285
268,144,34,4,2025-09-08 15:39:34.291,2025-09-08 15:39:34.291
269,145,34,6,2025-09-08 15:39:34.298,2025-09-08 15:39:34.298
270,146,34,1,2025-09-08 15:39:34.305,2025-09-08 15:39:34.305
271,147,34,4,2025-09-08 15:39:34.313,2025-09-08 15:39:34.313
272,148,34,5,2025-09-08 15:39:34.32,2025-09-08 15:39:34.32
273,149,34,4,2025-09-08 15:39:34.329,2025-09-08 15:39:34.329
274,150,34,1,2025-09-08 15:39:34.337,2025-09-08 15:39:34.337
275,151,34,2,2025-09-08 15:39:34.345,2025-09-08 15:39:34.345
276,152,34,4,2025-09-08 15:39:34.353,2025-09-08 15:39:34.353
277,153,34,3,2025-09-08 15:39:34.362,2025-09-08 15:39:34.362
278,154,34,4,2025-09-08 15:39:34.369,2025-09-08 15:39:34.369
279,155,34,4,2025-09-08 15:39:34.377,2025-09-08 15:39:34.377
280,156,34,4,2025-09-08 15:39:34.383,2025-09-08 15:39:34.383
281,157,34,3,2025-09-08 15:39:34.39,2025-09-08 15:39:34.39
282,158,34,6,2025-09-08 15:39:34.398,2025-09-08 15:39:34.398
283,159,34,1,2025-09-08 15:39:34.405,2025-09-08 15:39:34.405
284,160,34,6,2025-09-08 15:39:34.412,2025-09-08 15:39:34.412
285,161,34,2,2025-09-08 15:39:34.419,2025-09-08 15:39:34.419
286,162,34,2,2025-09-08 15:39:34.427,2025-09-08 15:39:34.427
287,163,34,5,2025-09-08 15:39:34.434,2025-09-08 15:39:34.434
288,164,34,5,2025-09-08 15:39:34.441,2025-09-08 15:39:34.441
289,165,34,1,2025-09-08 15:39:34.448,2025-09-08 15:39:34.448
290,166,34,2,2025-09-08 15:39:34.455,2025-09-08 15:39:34.455
291,167,34,3,2025-09-08 15:39:34.464,2025-09-08 15:39:34.464
292,168,34,1,2025-09-08 15:39:34.474,2025-09-08 15:39:34.474
293,169,34,4,2025-09-08 15:39:34.482,2025-09-08 15:39:34.482
294,170,34,1,2025-09-08 15:39:34.489,2025-09-08 15:39:34.489
295,171,34,4,2025-09-08 15:39:34.497,2025-09-08 15:39:34.497
296,172,34,5,2025-09-08 15:39:34.505,2025-09-08 15:39:34.505
297,173,34,1,2025-09-08 15:39:34.513,2025-09-08 15:39:34.513
298,174,34,4,2025-09-08 15:39:34.52,2025-09-08 15:39:34.52
299,175,34,4,2025-09-08 15:39:34.527,2025-09-08 15:39:34.527
300,176,34,2,2025-09-08 15:39:34.534,2025-09-08 15:39:34.534
301,177,34,3,2025-09-08 15:39:34.541,2025-09-08 15:39:34.541
302,178,34,5,2025-09-08 15:39:34.548,2025-09-08 15:39:34.548
303,179,34,3,2025-09-08 15:39:34.557,2025-09-08 15:39:34.557
304,180,34,4,2025-09-08 15:39:34.564,2025-09-08 15:39:34.564
305,181,34,1,2025-09-08 15:39:34.573,2025-09-08 15:39:34.573
306,182,34,4,2025-09-08 15:39:34.58,2025-09-08 15:39:34.58
307,183,34,1,2025-09-08 15:39:34.588,2025-09-08 15:39:34.588
308,184,34,3,2025-09-08 15:39:34.595,2025-09-08 15:39:34.595
309,185,34,3,2025-09-08 15:39:34.601,2025-09-08 15:39:34.601
310,186,34,2,2025-09-08 15:39:34.607,2025-09-08 15:39:34.607
311,187,34,3,2025-09-08 15:39:34.613,2025-09-08 15:39:34.613
312,188,34,3,2025-09-08 15:39:34.62,2025-09-08 15:39:34.62
313,189,34,4,2025-09-08 15:39:34.627,2025-09-08 15:39:34.627
314,190,34,4,2025-09-08 15:39:34.633,2025-09-08 15:39:34.633
315,191,34,4,2025-09-08 15:39:34.639,2025-09-08 15:39:34.639
316,192,34,2,2025-09-08 15:39:34.648,2025-09-08 15:39:34.648
317,193,34,4,2025-09-08 15:39:34.655,2025-09-08 15:39:34.655
318,194,34,4,2025-09-08 15:39:34.666,2025-09-08 15:39:34.666
319,195,34,1,2025-09-08 15:39:34.672,2025-09-08 15:39:34.672
320,196,34,3,2025-09-08 15:39:34.679,2025-09-08 15:39:34.679
321,197,34,1,2025-09-08 15:39:34.686,2025-09-08 15:39:34.686
322,198,34,4,2025-09-08 15:39:34.697,2025-09-08 15:39:34.697
323,199,34,4,2025-09-08 15:39:34.704,2025-09-08 15:39:34.704
324,200,34,1,2025-09-08 15:39:34.711,2025-09-08 15:39:34.711
325,201,34,5,2025-09-08 15:39:34.718,2025-09-08 15:39:34.718
326,202,34,3,2025-09-08 15:39:34.724,2025-09-08 15:39:34.724
327,203,34,4,2025-09-08 15:39:34.732,2025-09-08 15:39:34.732
328,204,34,4,2025-09-08 15:39:34.739,2025-09-08 15:39:34.739
329,205,34,3,2025-09-08 15:39:34.748,2025-09-08 15:39:34.748
330,206,34,2,2025-09-08 15:39:34.758,2025-09-08 15:39:34.758
331,207,34,2,2025-09-08 15:39:34.765,2025-09-08 15:39:34.765
332,208,34,4,2025-09-08 15:39:34.772,2025-09-08 15:39:34.772
333,209,34,2,2025-09-08 15:39:34.78,2025-09-08 15:39:34.78
334,210,34,6,2025-09-08 15:39:34.786,2025-09-08 15:39:34.786
335,211,34,2,2025-09-08 15:39:34.792,2025-09-08 15:39:34.792
336,212,34,2,2025-09-08 15:39:34.799,2025-09-08 15:39:34.799
337,213,34,6,2025-09-08 15:39:34.807,2025-09-08 15:39:34.807
338,214,34,2,2025-09-08 15:39:34.815,2025-09-08 15:39:34.815
339,215,34,1,2025-09-08 15:39:34.822,2025-09-08 15:39:34.822
340,216,34,1,2025-09-08 15:39:34.828,2025-09-08 15:39:34.828
341,217,34,3,2025-09-08 15:39:34.833,2025-09-08 15:39:34.833
342,218,34,3,2025-09-08 15:39:34.839,2025-09-08 15:39:34.839
343,219,34,4,2025-09-08 15:39:34.846,2025-09-08 15:39:34.846
344,220,34,5,2025-09-08 15:39:34.852,2025-09-08 15:39:34.852
345,221,34,4,2025-09-08 15:39:34.86,2025-09-08 15:39:34.86
346,222,34,2,2025-09-08 15:39:34.866,2025-09-08 15:39:34.866
347,223,34,6,2025-09-08 15:39:34.874,2025-09-08 15:39:34.874
348,224,34,6,2025-09-08 15:39:34.88,2025-09-08 15:39:34.88
349,225,34,3,2025-09-08 15:39:34.886,2025-09-08 15:39:34.886
350,226,34,4,2025-09-08 15:39:34.892,2025-09-08 15:39:34.892
351,227,34,5,2025-09-08 15:39:34.898,2025-09-08 15:39:34.898
352,228,34,4,2025-09-08 15:39:34.904,2025-09-08 15:39:34.904
353,229,34,2,2025-09-08 15:39:34.916,2025-09-08 15:39:34.916
354,230,34,1,2025-09-08 15:39:34.922,2025-09-08 15:39:34.922
355,231,34,2,2025-09-08 15:39:34.93,2025-09-08 15:39:34.93
356,232,34,4,2025-09-08 15:39:34.936,2025-09-08 15:39:34.936
357,233,34,4,2025-09-08 15:39:34.943,2025-09-08 15:39:34.943
358,234,34,3,2025-09-08 15:39:34.948,2025-09-08 15:39:34.948
359,235,34,1,2025-09-08 15:39:34.954,2025-09-08 15:39:34.954
360,236,34,6,2025-09-08 15:39:34.963,2025-09-08 15:39:34.963
361,237,34,2,2025-09-08 15:39:34.974,2025-09-08 15:39:34.974
362,238,34,2,2025-09-08 15:39:34.982,2025-09-08 15:39:34.982
363,239,34,4,2025-09-08 15:39:34.992,2025-09-08 15:39:34.992
364,240,34,6,2025-09-08 15:39:34.999,2025-09-08 15:39:34.999
365,241,34,2,2025-09-08 15:39:35.006,2025-09-08 15:39:35.006
366,242,34,3,2025-09-08 15:39:35.014,2025-09-08 15:39:35.014
367,243,34,3,2025-09-08 15:39:35.022,2025-09-08 15:39:35.022
368,244,34,2,2025-09-08 15:39:35.03,2025-09-08 15:39:35.03
369,245,34,4,2025-09-08 15:39:35.038,2025-09-08 15:39:35.038
370,246,34,3,2025-09-08 15:39:35.045,2025-09-08 15:39:35.045
371,247,34,2,2025-09-08 15:39:35.052,2025-09-08 15:39:35.052
372,248,34,4,2025-09-08 15:39:35.06,2025-09-08 15:39:35.06
373,249,34,4,2025-09-08 15:39:35.068,2025-09-08 15:39:35.068
374,250,34,4,2025-09-08 15:39:35.076,2025-09-08 15:39:35.076
375,251,34,4,2025-09-08 15:39:35.082,2025-09-08 15:39:35.082
376,252,34,4,2025-09-08 15:39:35.09,2025-09-08 15:39:35.09
377,253,34,1,2025-09-08 15:39:35.098,2025-09-08 15:39:35.098
378,254,34,2,2025-09-08 15:39:35.106,2025-09-08 15:39:35.106
379,255,34,3,2025-09-08 15:39:35.114,2025-09-08 15:39:35.114
380,256,34,5,2025-09-08 15:39:35.122,2025-09-08 15:39:35.122
381,257,34,1,2025-09-08 15:39:35.129,2025-09-08 15:39:35.129
382,258,34,4,2025-09-08 15:39:35.136,2025-09-08 15:39:35.136
383,259,34,3,2025-09-08 15:39:35.144,2025-09-08 15:39:35.144
384,260,34,2,2025-09-08 15:39:35.151,2025-09-08 15:39:35.151
385,261,34,4,2025-09-08 15:39:35.159,2025-09-08 15:39:35.159
386,262,34,3,2025-09-08 15:39:35.167,2025-09-08 15:39:35.167
387,263,34,4,2025-09-08 15:39:35.175,2025-09-08 15:39:35.175
388,264,34,4,2025-09-08 15:39:35.182,2025-09-08 15:39:35.182
389,265,34,1,2025-09-08 15:39:35.188,2025-09-08 15:39:35.188
390,266,34,4,2025-09-08 15:39:35.197,2025-09-08 15:39:35.197
391,267,34,4,2025-09-08 15:39:35.205,2025-09-08 15:39:35.205
392,268,34,2,2025-09-08 15:39:35.213,2025-09-08 15:39:35.213
393,269,34,4,2025-09-08 15:39:35.219,2025-09-08 15:39:35.219
394,270,34,1,2025-09-08 15:39:35.226,2025-09-08 15:39:35.226
395,271,34,7,2025-09-08 15:39:35.235,2025-09-08 15:39:35.235
396,272,34,3,2025-09-08 15:39:35.243,2025-09-08 15:39:35.243
397,273,34,3,2025-09-08 15:39:35.251,2025-09-08 15:39:35.251
398,274,34,5,2025-09-08 15:39:35.259,2025-09-08 15:39:35.259
399,275,34,3,2025-09-08 15:39:35.266,2025-09-08 15:39:35.266
400,276,34,4,2025-09-08 15:39:35.274,2025-09-08 15:39:35.274
401,277,34,4,2025-09-08 15:39:35.283,2025-09-08 15:39:35.283
402,278,34,4,2025-09-08 15:39:35.29,2025-09-08 15:39:35.29
403,279,34,4,2025-09-08 15:39:35.298,2025-09-08 15:39:35.298
404,280,34,3,2025-09-08 15:39:35.305,2025-09-08 15:39:35.305
405,281,34,2,2025-09-08 15:39:35.315,2025-09-08 15:39:35.315
406,282,34,2,2025-09-08 15:39:35.322,2025-09-08 15:39:35.322
407,283,34,2,2025-09-08 15:39:35.33,2025-09-08 15:39:35.33
408,284,34,4,2025-09-08 15:39:35.337,2025-09-08 15:39:35.337
409,285,34,4,2025-09-08 15:39:35.344,2025-09-08 15:39:35.344
410,286,34,3,2025-09-08 15:39:35.351,2025-09-08 15:39:35.351
411,287,34,2,2025-09-08 15:39:35.358,2025-09-08 15:39:35.358
412,288,34,2,2025-09-08 15:39:35.369,2025-09-08 15:39:35.369
413,289,34,3,2025-09-08 15:39:35.377,2025-09-08 15:39:35.377
414,290,34,4,2025-09-08 15:39:35.385,2025-09-08 15:39:35.385
415,291,34,1,2025-09-08 15:39:35.393,2025-09-08 15:39:35.393
416,292,34,3,2025-09-08 15:39:35.401,2025-09-08 15:39:35.401
417,293,34,2,2025-09-08 15:39:35.409,2025-09-08 15:39:35.409
418,294,34,1,2025-09-08 15:39:35.416,2025-09-08 15:39:35.416
419,295,34,2,2025-09-08 15:39:35.422,2025-09-08 15:39:35.422
420,296,34,2,2025-09-08 15:39:35.43,2025-09-08 15:39:35.43
421,297,34,2,2025-09-08 15:39:35.437,2025-09-08 15:39:35.437
422,298,34,2,2025-09-08 15:39:35.445,2025-09-08 15:39:35.445
423,299,34,1,2025-09-08 15:39:35.453,2025-09-08 15:39:35.453
424,300,34,6,2025-09-08 15:39:35.462,2025-09-08 15:39:35.462
425,301,34,1,2025-09-08 15:39:35.469,2025-09-08 15:39:35.469
426,302,34,2,2025-09-08 15:39:35.477,2025-09-08 15:39:35.477
427,303,34,2,2025-09-08 15:39:35.485,2025-09-08 15:39:35.485
428,304,34,2,2025-09-08 15:39:35.493,2025-09-08 15:39:35.493
429,305,34,3,2025-09-08 15:39:35.502,2025-09-08 15:39:35.502
430,306,34,4,2025-09-08 15:39:35.509,2025-09-08 15:39:35.509
431,307,34,4,2025-09-08 15:39:35.518,2025-09-08 15:39:35.518
432,308,34,6,2025-09-08 15:39:35.53,2025-09-08 15:39:35.53
433,309,34,4,2025-09-08 15:39:35.537,2025-09-08 15:39:35.537
434,310,34,2,2025-09-08 15:39:35.547,2025-09-08 15:39:35.547
435,311,34,4,2025-09-08 15:39:35.553,2025-09-08 15:39:35.553
436,312,34,4,2025-09-08 15:39:35.561,2025-09-08 15:39:35.561
437,313,34,4,2025-09-08 15:39:35.568,2025-09-08 15:39:35.568
438,314,34,4,2025-09-08 15:39:35.574,2025-09-08 15:39:35.574
439,315,34,3,2025-09-08 15:39:35.581,2025-09-08 15:39:35.581
440,316,34,1,2025-09-08 15:39:35.587,2025-09-08 15:39:35.587
441,317,34,3,2025-09-08 15:39:35.594,2025-09-08 15:39:35.594
442,318,34,4,2025-09-08 15:39:35.601,2025-09-08 15:39:35.601
443,319,34,6,2025-09-08 15:39:35.607,2025-09-08 15:39:35.607
444,320,34,1,2025-09-08 15:39:35.615,2025-09-08 15:39:35.615
445,321,34,4,2025-09-08 15:39:35.622,2025-09-08 15:39:35.622
446,322,34,2,2025-09-08 15:39:35.63,2025-09-08 15:39:35.63
447,323,34,3,2025-09-08 15:39:35.636,2025-09-08 15:39:35.636
448,324,34,4,2025-09-08 15:39:35.643,2025-09-08 15:39:35.643
449,325,34,4,2025-09-08 15:39:35.649,2025-09-08 15:39:35.649
450,326,34,4,2025-09-08 15:39:35.655,2025-09-08 15:39:35.655
451,327,34,5,2025-09-08 15:39:35.663,2025-09-08 15:39:35.663
452,328,34,2,2025-09-08 15:39:35.671,2025-09-08 15:39:35.671
453,329,34,1,2025-09-08 15:39:35.679,2025-09-08 15:39:35.679
454,330,34,1,2025-09-08 15:39:35.686,2025-09-08 15:39:35.686
455,331,34,3,2025-09-08 15:39:35.693,2025-09-08 15:39:35.693
456,332,34,4,2025-09-08 15:39:35.698,2025-09-08 15:39:35.698
457,333,34,4,2025-09-08 15:39:35.703,2025-09-08 15:39:35.703
458,334,34,1,2025-09-08 15:39:35.711,2025-09-08 15:39:35.711
459,335,34,3,2025-09-08 15:39:35.717,2025-09-08 15:39:35.717
460,336,34,1,2025-09-08 15:39:35.723,2025-09-08 15:39:35.723
461,337,34,4,2025-09-08 15:39:35.731,2025-09-08 15:39:35.731
462,338,34,1,2025-09-08 15:39:35.737,2025-09-08 15:39:35.737
463,339,34,5,2025-09-08 15:39:35.744,2025-09-08 15:39:35.744
464,340,34,2,2025-09-08 15:39:35.75,2025-09-08 15:39:35.75
465,341,34,4,2025-09-08 15:39:35.756,2025-09-08 15:39:35.756
466,342,34,1,2025-09-08 15:39:35.762,2025-09-08 15:39:35.762
467,343,34,1,2025-09-08 15:39:35.768,2025-09-08 15:39:35.768
468,344,34,3,2025-09-08 15:39:35.775,2025-09-08 15:39:35.775
469,345,34,5,2025-09-08 15:39:35.782,2025-09-08 15:39:35.782
470,346,34,4,2025-09-08 15:39:35.789,2025-09-08 15:39:35.789
471,347,34,4,2025-09-08 15:39:35.796,2025-09-08 15:39:35.796
472,348,34,3,2025-09-08 15:39:35.807,2025-09-08 15:39:35.807
473,349,34,4,2025-09-08 15:39:35.815,2025-09-08 15:39:35.815
474,350,34,2,2025-09-08 15:39:35.823,2025-09-08 15:39:35.823
475,351,34,3,2025-09-08 15:39:35.831,2025-09-08 15:39:35.831
476,352,34,4,2025-09-08 15:39:35.839,2025-09-08 15:39:35.839
477,353,34,2,2025-09-08 15:39:35.846,2025-09-08 15:39:35.846
478,354,34,2,2025-09-08 15:39:35.854,2025-09-08 15:39:35.854
479,355,34,2,2025-09-08 15:39:35.862,2025-09-08 15:39:35.862
480,356,34,4,2025-09-08 15:39:35.87,2025-09-08 15:39:35.87
481,357,34,3,2025-09-08 15:39:35.877,2025-09-08 15:39:35.877
482,358,34,2,2025-09-08 15:39:35.885,2025-09-08 15:39:35.885
483,359,34,2,2025-09-08 15:39:35.892,2025-09-08 15:39:35.892
484,360,34,4,2025-09-08 15:39:35.9,2025-09-08 15:39:35.9
485,361,34,4,2025-09-08 15:39:35.908,2025-09-08 15:39:35.908
486,362,34,5,2025-09-08 15:39:35.917,2025-09-08 15:39:35.917
487,363,34,4,2025-09-08 15:39:35.924,2025-09-08 15:39:35.924
488,364,34,2,2025-09-08 15:39:35.932,2025-09-08 15:39:35.932
489,365,34,4,2025-09-08 15:39:35.94,2025-09-08 15:39:35.94
490,366,34,4,2025-09-08 15:39:35.947,2025-09-08 15:39:35.947
491,367,34,3,2025-09-08 15:39:35.954,2025-09-08 15:39:35.954
492,368,34,4,2025-09-08 15:39:35.962,2025-09-08 15:39:35.962
493,369,34,4,2025-09-08 15:39:35.969,2025-09-08 15:39:35.969
494,9,33,2,2025-09-08 15:39:35.977,2025-09-08 15:39:35.977
495,10,33,2,2025-09-08 15:39:35.986,2025-09-08 15:39:35.986
496,11,33,1,2025-09-08 15:39:35.993,2025-09-08 15:39:35.993
497,12,33,3,2025-09-08 15:39:36.012,2025-09-08 15:39:36.012
498,13,33,5,2025-09-08 15:39:36.021,2025-09-08 15:39:36.021
499,14,33,5,2025-09-08 15:39:36.029,2025-09-08 15:39:36.029
500,15,33,3,2025-09-08 15:39:36.041,2025-09-08 15:39:36.041
501,16,33,2,2025-09-08 15:39:36.058,2025-09-08 15:39:36.058
502,17,33,1,2025-09-08 15:39:36.076,2025-09-08 15:39:36.076
503,18,33,1,2025-09-08 15:39:36.084,2025-09-08 15:39:36.084
504,19,33,2,2025-09-08 15:39:36.09,2025-09-08 15:39:36.09
505,20,33,4,2025-09-08 15:39:36.097,2025-09-08 15:39:36.097
506,21,33,4,2025-09-08 15:39:36.104,2025-09-08 15:39:36.104
507,22,33,2,2025-09-08 15:39:36.113,2025-09-08 15:39:36.113
508,23,33,1,2025-09-08 15:39:36.121,2025-09-08 15:39:36.121
509,24,33,4,2025-09-08 15:39:36.129,2025-09-08 15:39:36.129
510,25,33,4,2025-09-08 15:39:36.137,2025-09-08 15:39:36.137
511,26,33,3,2025-09-08 15:39:36.144,2025-09-08 15:39:36.144
512,27,33,1,2025-09-08 15:39:36.156,2025-09-08 15:39:36.156
513,28,33,3,2025-09-08 15:39:36.164,2025-09-08 15:39:36.164
514,29,33,5,2025-09-08 15:39:36.172,2025-09-08 15:39:36.172
515,30,33,1,2025-09-08 15:39:36.18,2025-09-08 15:39:36.18
516,31,33,4,2025-09-08 15:39:36.188,2025-09-08 15:39:36.188
517,32,33,3,2025-09-08 15:39:36.196,2025-09-08 15:39:36.196
518,33,33,5,2025-09-08 15:39:36.204,2025-09-08 15:39:36.204
519,34,33,5,2025-09-08 15:39:36.212,2025-09-08 15:39:36.212
520,35,33,2,2025-09-08 15:39:36.219,2025-09-08 15:39:36.219
521,36,33,4,2025-09-08 15:39:36.226,2025-09-08 15:39:36.226
522,37,33,3,2025-09-08 15:39:36.234,2025-09-08 15:39:36.234
523,38,33,2,2025-09-08 15:39:36.241,2025-09-08 15:39:36.241
524,39,33,4,2025-09-08 15:39:36.248,2025-09-08 15:39:36.248
525,40,33,4,2025-09-08 15:39:36.256,2025-09-08 15:39:36.256
526,41,33,4,2025-09-08 15:39:36.263,2025-09-08 15:39:36.263
527,42,33,2,2025-09-08 15:39:36.269,2025-09-08 15:39:36.269
528,43,33,6,2025-09-08 15:39:36.276,2025-09-08 15:39:36.276
529,44,33,3,2025-09-08 15:39:36.285,2025-09-08 15:39:36.285
530,45,33,4,2025-09-08 15:39:36.293,2025-09-08 15:39:36.293
531,46,33,2,2025-09-08 15:39:36.302,2025-09-08 15:39:36.302
532,47,33,1,2025-09-08 15:39:36.311,2025-09-08 15:39:36.311
533,48,33,7,2025-09-08 15:39:36.321,2025-09-08 15:39:36.321
534,49,33,1,2025-09-08 15:39:36.329,2025-09-08 15:39:36.329
535,50,33,4,2025-09-08 15:39:36.338,2025-09-08 15:39:36.338
536,51,33,4,2025-09-08 15:39:36.345,2025-09-08 15:39:36.345
537,52,33,4,2025-09-08 15:39:36.354,2025-09-08 15:39:36.354
538,53,33,3,2025-09-08 15:39:36.363,2025-09-08 15:39:36.363
539,54,33,4,2025-09-08 15:39:36.372,2025-09-08 15:39:36.372
540,55,33,2,2025-09-08 15:39:36.381,2025-09-08 15:39:36.381
541,56,33,4,2025-09-08 15:39:36.39,2025-09-08 15:39:36.39
542,57,33,2,2025-09-08 15:39:36.399,2025-09-08 15:39:36.399
543,58,33,3,2025-09-08 15:39:36.408,2025-09-08 15:39:36.408
544,59,33,4,2025-09-08 15:39:36.416,2025-09-08 15:39:36.416
545,60,33,5,2025-09-08 15:39:36.425,2025-09-08 15:39:36.425
546,61,33,4,2025-09-08 15:39:36.433,2025-09-08 15:39:36.433
547,62,33,5,2025-09-08 15:39:36.441,2025-09-08 15:39:36.441
548,63,33,5,2025-09-08 15:39:36.448,2025-09-08 15:39:36.448
549,64,33,4,2025-09-08 15:39:36.455,2025-09-08 15:39:36.455
550,65,33,2,2025-09-08 15:39:36.463,2025-09-08 15:39:36.463
551,66,33,3,2025-09-08 15:39:36.482,2025-09-08 15:39:36.482
552,67,33,1,2025-09-08 15:39:36.489,2025-09-08 15:39:36.489
553,68,33,5,2025-09-08 15:39:36.496,2025-09-08 15:39:36.496
554,69,33,4,2025-09-08 15:39:36.505,2025-09-08 15:39:36.505
555,70,33,6,2025-09-08 15:39:36.515,2025-09-08 15:39:36.515
556,71,33,4,2025-09-08 15:39:36.524,2025-09-08 15:39:36.524
557,72,33,3,2025-09-08 15:39:36.532,2025-09-08 15:39:36.532
558,73,33,2,2025-09-08 15:39:36.541,2025-09-08 15:39:36.541
559,74,33,4,2025-09-08 15:39:36.548,2025-09-08 15:39:36.548
560,75,33,3,2025-09-08 15:39:36.557,2025-09-08 15:39:36.557
561,76,33,4,2025-09-08 15:39:36.564,2025-09-08 15:39:36.564
562,77,33,2,2025-09-08 15:39:36.572,2025-09-08 15:39:36.572
563,78,33,1,2025-09-08 15:39:36.579,2025-09-08 15:39:36.579
564,79,33,4,2025-09-08 15:39:36.589,2025-09-08 15:39:36.589
565,80,33,4,2025-09-08 15:39:36.597,2025-09-08 15:39:36.597
566,81,33,3,2025-09-08 15:39:36.605,2025-09-08 15:39:36.605
567,82,33,3,2025-09-08 15:39:36.612,2025-09-08 15:39:36.612
568,83,33,4,2025-09-08 15:39:36.62,2025-09-08 15:39:36.62
569,84,33,1,2025-09-08 15:39:36.628,2025-09-08 15:39:36.628
570,85,33,4,2025-09-08 15:39:36.635,2025-09-08 15:39:36.635
571,86,33,3,2025-09-08 15:39:36.642,2025-09-08 15:39:36.642
572,87,33,4,2025-09-08 15:39:36.651,2025-09-08 15:39:36.651
573,88,33,2,2025-09-08 15:39:36.659,2025-09-08 15:39:36.659
574,89,33,1,2025-09-08 15:39:36.667,2025-09-08 15:39:36.667
575,90,33,4,2025-09-08 15:39:36.675,2025-09-08 15:39:36.675
576,91,33,4,2025-09-08 15:39:36.684,2025-09-08 15:39:36.684
577,92,33,4,2025-09-08 15:39:36.69,2025-09-08 15:39:36.69
578,93,33,2,2025-09-08 15:39:36.696,2025-09-08 15:39:36.696
579,94,33,2,2025-09-08 15:39:36.702,2025-09-08 15:39:36.702
580,95,33,4,2025-09-08 15:39:36.709,2025-09-08 15:39:36.709
581,96,33,3,2025-09-08 15:39:36.716,2025-09-08 15:39:36.716
582,97,33,4,2025-09-08 15:39:36.724,2025-09-08 15:39:36.724
583,98,33,5,2025-09-08 15:39:36.731,2025-09-08 15:39:36.731
584,99,33,4,2025-09-08 15:39:36.739,2025-09-08 15:39:36.739
585,100,33,6,2025-09-08 15:39:36.747,2025-09-08 15:39:36.747
586,101,33,3,2025-09-08 15:39:36.756,2025-09-08 15:39:36.756
587,102,33,6,2025-09-08 15:39:36.764,2025-09-08 15:39:36.764
588,103,33,3,2025-09-08 15:39:36.773,2025-09-08 15:39:36.773
589,104,33,1,2025-09-08 15:39:36.781,2025-09-08 15:39:36.781
590,105,33,4,2025-09-08 15:39:36.788,2025-09-08 15:39:36.788
591,106,33,3,2025-09-08 15:39:36.795,2025-09-08 15:39:36.795
592,107,33,5,2025-09-08 15:39:36.803,2025-09-08 15:39:36.803
593,108,33,2,2025-09-08 15:39:36.81,2025-09-08 15:39:36.81
594,109,33,2,2025-09-08 15:39:36.819,2025-09-08 15:39:36.819
595,110,33,2,2025-09-08 15:39:36.826,2025-09-08 15:39:36.826
596,111,33,2,2025-09-08 15:39:36.833,2025-09-08 15:39:36.833
597,112,33,4,2025-09-08 15:39:36.84,2025-09-08 15:39:36.84
598,113,33,4,2025-09-08 15:39:36.847,2025-09-08 15:39:36.847
599,114,33,2,2025-09-08 15:39:36.854,2025-09-08 15:39:36.854
600,115,33,7,2025-09-08 15:39:36.859,2025-09-08 15:39:36.859
601,116,33,1,2025-09-08 15:39:36.868,2025-09-08 15:39:36.868
602,117,33,4,2025-09-08 15:39:36.886,2025-09-08 15:39:36.886
603,118,33,2,2025-09-08 15:39:36.892,2025-09-08 15:39:36.892
604,119,33,5,2025-09-08 15:39:36.899,2025-09-08 15:39:36.899
605,120,33,3,2025-09-08 15:39:36.905,2025-09-08 15:39:36.905
606,121,33,6,2025-09-08 15:39:36.91,2025-09-08 15:39:36.91
607,122,33,3,2025-09-08 15:39:36.916,2025-09-08 15:39:36.916
608,123,33,2,2025-09-08 15:39:36.929,2025-09-08 15:39:36.929
609,124,33,3,2025-09-08 15:39:36.937,2025-09-08 15:39:36.937
610,125,33,4,2025-09-08 15:39:36.943,2025-09-08 15:39:36.943
611,126,33,4,2025-09-08 15:39:36.95,2025-09-08 15:39:36.95
612,127,33,3,2025-09-08 15:39:36.957,2025-09-08 15:39:36.957
613,128,33,4,2025-09-08 15:39:36.963,2025-09-08 15:39:36.963
614,129,33,5,2025-09-08 15:39:36.97,2025-09-08 15:39:36.97
615,130,33,3,2025-09-08 15:39:36.977,2025-09-08 15:39:36.977
616,131,33,2,2025-09-08 15:39:36.984,2025-09-08 15:39:36.984
617,132,33,4,2025-09-08 15:39:37,2025-09-08 15:39:37
618,133,33,4,2025-09-08 15:39:37.016,2025-09-08 15:39:37.016
619,134,33,4,2025-09-08 15:39:37.024,2025-09-08 15:39:37.024
620,135,33,5,2025-09-08 15:39:37.031,2025-09-08 15:39:37.031
621,136,33,4,2025-09-08 15:39:37.038,2025-09-08 15:39:37.038
622,137,33,2,2025-09-08 15:39:37.043,2025-09-08 15:39:37.043
623,138,33,6,2025-09-08 15:39:37.049,2025-09-08 15:39:37.049
624,139,33,4,2025-09-08 15:39:37.054,2025-09-08 15:39:37.054
625,140,33,5,2025-09-08 15:39:37.06,2025-09-08 15:39:37.06
626,141,33,4,2025-09-08 15:39:37.065,2025-09-08 15:39:37.065
627,142,33,4,2025-09-08 15:39:37.072,2025-09-08 15:39:37.072
628,143,33,5,2025-09-08 15:39:37.079,2025-09-08 15:39:37.079
629,144,33,4,2025-09-08 15:39:37.087,2025-09-08 15:39:37.087
630,145,33,6,2025-09-08 15:39:37.094,2025-09-08 15:39:37.094
631,146,33,2,2025-09-08 15:39:37.101,2025-09-08 15:39:37.101
632,147,33,4,2025-09-08 15:39:37.108,2025-09-08 15:39:37.108
633,148,33,4,2025-09-08 15:39:37.115,2025-09-08 15:39:37.115
634,149,33,4,2025-09-08 15:39:37.123,2025-09-08 15:39:37.123
635,150,33,1,2025-09-08 15:39:37.131,2025-09-08 15:39:37.131
636,151,33,2,2025-09-08 15:39:37.139,2025-09-08 15:39:37.139
637,152,33,4,2025-09-08 15:39:37.147,2025-09-08 15:39:37.147
638,153,33,5,2025-09-08 15:39:37.161,2025-09-08 15:39:37.161
639,154,33,4,2025-09-08 15:39:37.169,2025-09-08 15:39:37.169
640,155,33,4,2025-09-08 15:39:37.175,2025-09-08 15:39:37.175
641,156,33,5,2025-09-08 15:39:37.183,2025-09-08 15:39:37.183
642,157,33,2,2025-09-08 15:39:37.191,2025-09-08 15:39:37.191
643,158,33,6,2025-09-08 15:39:37.198,2025-09-08 15:39:37.198
644,159,33,1,2025-09-08 15:39:37.206,2025-09-08 15:39:37.206
645,160,33,6,2025-09-08 15:39:37.213,2025-09-08 15:39:37.213
646,161,33,3,2025-09-08 15:39:37.222,2025-09-08 15:39:37.222
647,162,33,2,2025-09-08 15:39:37.228,2025-09-08 15:39:37.228
648,163,33,5,2025-09-08 15:39:37.236,2025-09-08 15:39:37.236
649,164,33,5,2025-09-08 15:39:37.243,2025-09-08 15:39:37.243
650,165,33,1,2025-09-08 15:39:37.25,2025-09-08 15:39:37.25
651,166,33,4,2025-09-08 15:39:37.257,2025-09-08 15:39:37.257
652,167,33,4,2025-09-08 15:39:37.263,2025-09-08 15:39:37.263
653,168,33,1,2025-09-08 15:39:37.27,2025-09-08 15:39:37.27
654,169,33,4,2025-09-08 15:39:37.276,2025-09-08 15:39:37.276
655,170,33,1,2025-09-08 15:39:37.283,2025-09-08 15:39:37.283
656,171,33,4,2025-09-08 15:39:37.289,2025-09-08 15:39:37.289
657,172,33,4,2025-09-08 15:39:37.295,2025-09-08 15:39:37.295
658,173,33,1,2025-09-08 15:39:37.318,2025-09-08 15:39:37.318
659,174,33,4,2025-09-08 15:39:37.325,2025-09-08 15:39:37.325
660,175,33,4,2025-09-08 15:39:37.33,2025-09-08 15:39:37.33
661,176,33,2,2025-09-08 15:39:37.338,2025-09-08 15:39:37.338
662,177,33,3,2025-09-08 15:39:37.344,2025-09-08 15:39:37.344
663,178,33,5,2025-09-08 15:39:37.349,2025-09-08 15:39:37.349
664,179,33,3,2025-09-08 15:39:37.356,2025-09-08 15:39:37.356
665,180,33,4,2025-09-08 15:39:37.363,2025-09-08 15:39:37.363
666,181,33,1,2025-09-08 15:39:37.369,2025-09-08 15:39:37.369
667,182,33,5,2025-09-08 15:39:37.374,2025-09-08 15:39:37.374
668,183,33,1,2025-09-08 15:39:37.38,2025-09-08 15:39:37.38
669,184,33,3,2025-09-08 15:39:37.388,2025-09-08 15:39:37.388
670,185,33,3,2025-09-08 15:39:37.395,2025-09-08 15:39:37.395
671,186,33,2,2025-09-08 15:39:37.403,2025-09-08 15:39:37.403
672,187,33,3,2025-09-08 15:39:37.411,2025-09-08 15:39:37.411
673,188,33,3,2025-09-08 15:39:37.417,2025-09-08 15:39:37.417
674,189,33,2,2025-09-08 15:39:37.43,2025-09-08 15:39:37.43
675,190,33,4,2025-09-08 15:39:37.444,2025-09-08 15:39:37.444
676,191,33,4,2025-09-08 15:39:37.452,2025-09-08 15:39:37.452
677,192,33,2,2025-09-08 15:39:37.461,2025-09-08 15:39:37.461
678,193,33,4,2025-09-08 15:39:37.47,2025-09-08 15:39:37.47
679,194,33,4,2025-09-08 15:39:37.477,2025-09-08 15:39:37.477
680,195,33,2,2025-09-08 15:39:37.485,2025-09-08 15:39:37.485
681,196,33,4,2025-09-08 15:39:37.494,2025-09-08 15:39:37.494
682,197,33,1,2025-09-08 15:39:37.502,2025-09-08 15:39:37.502
683,198,33,4,2025-09-08 15:39:37.51,2025-09-08 15:39:37.51
684,199,33,4,2025-09-08 15:39:37.517,2025-09-08 15:39:37.517
685,200,33,1,2025-09-08 15:39:37.525,2025-09-08 15:39:37.525
686,201,33,5,2025-09-08 15:39:37.532,2025-09-08 15:39:37.532
687,202,33,3,2025-09-08 15:39:37.54,2025-09-08 15:39:37.54
688,203,33,4,2025-09-08 15:39:37.547,2025-09-08 15:39:37.547
689,204,33,4,2025-09-08 15:39:37.554,2025-09-08 15:39:37.554
690,205,33,3,2025-09-08 15:39:37.56,2025-09-08 15:39:37.56
691,206,33,2,2025-09-08 15:39:37.565,2025-09-08 15:39:37.565
692,207,33,2,2025-09-08 15:39:37.572,2025-09-08 15:39:37.572
693,208,33,4,2025-09-08 15:39:37.578,2025-09-08 15:39:37.578
694,209,33,2,2025-09-08 15:39:37.585,2025-09-08 15:39:37.585
695,210,33,6,2025-09-08 15:39:37.592,2025-09-08 15:39:37.592
696,211,33,3,2025-09-08 15:39:37.598,2025-09-08 15:39:37.598
697,212,33,2,2025-09-08 15:39:37.605,2025-09-08 15:39:37.605
698,213,33,6,2025-09-08 15:39:37.613,2025-09-08 15:39:37.613
699,214,33,2,2025-09-08 15:39:37.62,2025-09-08 15:39:37.62
700,215,33,1,2025-09-08 15:39:37.628,2025-09-08 15:39:37.628
701,216,33,2,2025-09-08 15:39:37.637,2025-09-08 15:39:37.637
702,217,33,3,2025-09-08 15:39:37.645,2025-09-08 15:39:37.645
703,218,33,3,2025-09-08 15:39:37.651,2025-09-08 15:39:37.651
704,219,33,4,2025-09-08 15:39:37.659,2025-09-08 15:39:37.659
705,220,33,4,2025-09-08 15:39:37.667,2025-09-08 15:39:37.667
706,221,33,4,2025-09-08 15:39:37.676,2025-09-08 15:39:37.676
707,222,33,2,2025-09-08 15:39:37.685,2025-09-08 15:39:37.685
708,223,33,6,2025-09-08 15:39:37.694,2025-09-08 15:39:37.694
709,224,33,6,2025-09-08 15:39:37.702,2025-09-08 15:39:37.702
710,225,33,3,2025-09-08 15:39:37.71,2025-09-08 15:39:37.71
711,226,33,4,2025-09-08 15:39:37.72,2025-09-08 15:39:37.72
712,227,33,5,2025-09-08 15:39:37.727,2025-09-08 15:39:37.727
713,228,33,4,2025-09-08 15:39:37.733,2025-09-08 15:39:37.733
714,229,33,2,2025-09-08 15:39:37.744,2025-09-08 15:39:37.744
715,230,33,1,2025-09-08 15:39:37.756,2025-09-08 15:39:37.756
716,231,33,3,2025-09-08 15:39:37.764,2025-09-08 15:39:37.764
717,232,33,4,2025-09-08 15:39:37.773,2025-09-08 15:39:37.773
718,233,33,4,2025-09-08 15:39:37.781,2025-09-08 15:39:37.781
719,234,33,3,2025-09-08 15:39:37.789,2025-09-08 15:39:37.789
720,235,33,1,2025-09-08 15:39:37.797,2025-09-08 15:39:37.797
721,236,33,6,2025-09-08 15:39:37.804,2025-09-08 15:39:37.804
722,237,33,2,2025-09-08 15:39:37.812,2025-09-08 15:39:37.812
723,238,33,4,2025-09-08 15:39:37.82,2025-09-08 15:39:37.82
724,239,33,4,2025-09-08 15:39:37.827,2025-09-08 15:39:37.827
725,240,33,6,2025-09-08 15:39:37.834,2025-09-08 15:39:37.834
726,241,33,3,2025-09-08 15:39:37.841,2025-09-08 15:39:37.841
727,242,33,4,2025-09-08 15:39:37.85,2025-09-08 15:39:37.85
728,243,33,3,2025-09-08 15:39:37.857,2025-09-08 15:39:37.857
729,244,33,2,2025-09-08 15:39:37.865,2025-09-08 15:39:37.865
730,245,33,5,2025-09-08 15:39:37.873,2025-09-08 15:39:37.873
731,246,33,4,2025-09-08 15:39:37.88,2025-09-08 15:39:37.88
732,247,33,2,2025-09-08 15:39:37.888,2025-09-08 15:39:37.888
733,248,33,4,2025-09-08 15:39:37.895,2025-09-08 15:39:37.895
734,249,33,4,2025-09-08 15:39:37.902,2025-09-08 15:39:37.902
735,250,33,4,2025-09-08 15:39:37.91,2025-09-08 15:39:37.91
736,251,33,4,2025-09-08 15:39:37.917,2025-09-08 15:39:37.917
737,252,33,4,2025-09-08 15:39:37.925,2025-09-08 15:39:37.925
738,253,33,1,2025-09-08 15:39:37.931,2025-09-08 15:39:37.931
739,254,33,2,2025-09-08 15:39:37.938,2025-09-08 15:39:37.938
740,255,33,3,2025-09-08 15:39:37.945,2025-09-08 15:39:37.945
741,256,33,5,2025-09-08 15:39:37.953,2025-09-08 15:39:37.953
742,257,33,2,2025-09-08 15:39:37.96,2025-09-08 15:39:37.96
743,258,33,4,2025-09-08 15:39:37.966,2025-09-08 15:39:37.966
744,259,33,3,2025-09-08 15:39:37.972,2025-09-08 15:39:37.972
745,260,33,2,2025-09-08 15:39:37.979,2025-09-08 15:39:37.979
746,261,33,5,2025-09-08 15:39:37.985,2025-09-08 15:39:37.985
747,262,33,3,2025-09-08 15:39:37.992,2025-09-08 15:39:37.992
748,263,33,4,2025-09-08 15:39:37.998,2025-09-08 15:39:37.998
749,264,33,4,2025-09-08 15:39:38.003,2025-09-08 15:39:38.003
750,265,33,7,2025-09-08 15:39:38.01,2025-09-08 15:39:38.01
751,266,33,4,2025-09-08 15:39:38.017,2025-09-08 15:39:38.017
752,267,33,4,2025-09-08 15:39:38.024,2025-09-08 15:39:38.024
753,268,33,2,2025-09-08 15:39:38.03,2025-09-08 15:39:38.03
754,269,33,4,2025-09-08 15:39:38.036,2025-09-08 15:39:38.036
755,270,33,1,2025-09-08 15:39:38.044,2025-09-08 15:39:38.044
756,271,33,4,2025-09-08 15:39:38.049,2025-09-08 15:39:38.049
757,272,33,4,2025-09-08 15:39:38.056,2025-09-08 15:39:38.056
758,273,33,3,2025-09-08 15:39:38.062,2025-09-08 15:39:38.062
759,274,33,2,2025-09-08 15:39:38.068,2025-09-08 15:39:38.068
760,275,33,3,2025-09-08 15:39:38.075,2025-09-08 15:39:38.075
761,276,33,4,2025-09-08 15:39:38.08,2025-09-08 15:39:38.08
762,277,33,4,2025-09-08 15:39:38.087,2025-09-08 15:39:38.087
763,278,33,2,2025-09-08 15:39:38.094,2025-09-08 15:39:38.094
764,279,33,4,2025-09-08 15:39:38.099,2025-09-08 15:39:38.099
765,280,33,3,2025-09-08 15:39:38.105,2025-09-08 15:39:38.105
766,281,33,2,2025-09-08 15:39:38.113,2025-09-08 15:39:38.113
767,282,33,2,2025-09-08 15:39:38.12,2025-09-08 15:39:38.12
768,283,33,2,2025-09-08 15:39:38.132,2025-09-08 15:39:38.132
769,284,33,4,2025-09-08 15:39:38.141,2025-09-08 15:39:38.141
770,285,33,4,2025-09-08 15:39:38.157,2025-09-08 15:39:38.157
771,286,33,4,2025-09-08 15:39:38.165,2025-09-08 15:39:38.165
772,287,33,2,2025-09-08 15:39:38.174,2025-09-08 15:39:38.174
773,288,33,2,2025-09-08 15:39:38.182,2025-09-08 15:39:38.182
774,289,33,3,2025-09-08 15:39:38.191,2025-09-08 15:39:38.191
775,290,33,4,2025-09-08 15:39:38.199,2025-09-08 15:39:38.199
776,291,33,2,2025-09-08 15:39:38.22,2025-09-08 15:39:38.22
777,292,33,3,2025-09-08 15:39:38.228,2025-09-08 15:39:38.228
778,293,33,1,2025-09-08 15:39:38.235,2025-09-08 15:39:38.235
779,294,33,5,2025-09-08 15:39:38.25,2025-09-08 15:39:38.25
780,295,33,2,2025-09-08 15:39:38.257,2025-09-08 15:39:38.257
781,296,33,2,2025-09-08 15:39:38.264,2025-09-08 15:39:38.264
782,297,33,1,2025-09-08 15:39:38.27,2025-09-08 15:39:38.27
783,298,33,2,2025-09-08 15:39:38.277,2025-09-08 15:39:38.277
784,299,33,2,2025-09-08 15:39:38.283,2025-09-08 15:39:38.283
785,300,33,6,2025-09-08 15:39:38.291,2025-09-08 15:39:38.291
786,301,33,4,2025-09-08 15:39:38.299,2025-09-08 15:39:38.299
787,302,33,3,2025-09-08 15:39:38.306,2025-09-08 15:39:38.306
788,303,33,1,2025-09-08 15:39:38.313,2025-09-08 15:39:38.313
789,304,33,2,2025-09-08 15:39:38.32,2025-09-08 15:39:38.32
790,305,33,3,2025-09-08 15:39:38.327,2025-09-08 15:39:38.327
791,306,33,4,2025-09-08 15:39:38.333,2025-09-08 15:39:38.333
792,307,33,4,2025-09-08 15:39:38.341,2025-09-08 15:39:38.341
793,308,33,5,2025-09-08 15:39:38.346,2025-09-08 15:39:38.346
794,309,33,4,2025-09-08 15:39:38.352,2025-09-08 15:39:38.352
795,310,33,2,2025-09-08 15:39:38.357,2025-09-08 15:39:38.357
796,311,33,4,2025-09-08 15:39:38.363,2025-09-08 15:39:38.363
797,312,33,5,2025-09-08 15:39:38.368,2025-09-08 15:39:38.368
798,313,33,4,2025-09-08 15:39:38.375,2025-09-08 15:39:38.375
799,314,33,4,2025-09-08 15:39:38.382,2025-09-08 15:39:38.382
800,315,33,6,2025-09-08 15:39:38.388,2025-09-08 15:39:38.388
801,316,33,1,2025-09-08 15:39:38.394,2025-09-08 15:39:38.394
802,317,33,4,2025-09-08 15:39:38.4,2025-09-08 15:39:38.4
803,318,33,4,2025-09-08 15:39:38.407,2025-09-08 15:39:38.407
804,319,33,6,2025-09-08 15:39:38.412,2025-09-08 15:39:38.412
805,320,33,1,2025-09-08 15:39:38.418,2025-09-08 15:39:38.418
806,321,33,4,2025-09-08 15:39:38.424,2025-09-08 15:39:38.424
807,322,33,2,2025-09-08 15:39:38.429,2025-09-08 15:39:38.429
808,323,33,3,2025-09-08 15:39:38.435,2025-09-08 15:39:38.435
809,324,33,4,2025-09-08 15:39:38.441,2025-09-08 15:39:38.441
810,325,33,4,2025-09-08 15:39:38.447,2025-09-08 15:39:38.447
811,326,33,4,2025-09-08 15:39:38.453,2025-09-08 15:39:38.453
812,327,33,6,2025-09-08 15:39:38.46,2025-09-08 15:39:38.46
813,328,33,2,2025-09-08 15:39:38.465,2025-09-08 15:39:38.465
814,329,33,1,2025-09-08 15:39:38.47,2025-09-08 15:39:38.47
815,330,33,1,2025-09-08 15:39:38.478,2025-09-08 15:39:38.478
816,331,33,3,2025-09-08 15:39:38.483,2025-09-08 15:39:38.483
817,332,33,1,2025-09-08 15:39:38.488,2025-09-08 15:39:38.488
818,333,33,4,2025-09-08 15:39:38.496,2025-09-08 15:39:38.496
819,334,33,1,2025-09-08 15:39:38.504,2025-09-08 15:39:38.504
820,335,33,3,2025-09-08 15:39:38.51,2025-09-08 15:39:38.51
821,336,33,1,2025-09-08 15:39:38.517,2025-09-08 15:39:38.517
822,337,33,4,2025-09-08 15:39:38.524,2025-09-08 15:39:38.524
823,338,33,1,2025-09-08 15:39:38.53,2025-09-08 15:39:38.53
824,339,33,5,2025-09-08 15:39:38.535,2025-09-08 15:39:38.535
825,340,33,2,2025-09-08 15:39:38.543,2025-09-08 15:39:38.543
826,341,33,4,2025-09-08 15:39:38.551,2025-09-08 15:39:38.551
827,342,33,1,2025-09-08 15:39:38.558,2025-09-08 15:39:38.558
828,343,33,1,2025-09-08 15:39:38.565,2025-09-08 15:39:38.565
829,344,33,3,2025-09-08 15:39:38.571,2025-09-08 15:39:38.571
830,345,33,4,2025-09-08 15:39:38.58,2025-09-08 15:39:38.58
831,346,33,2,2025-09-08 15:39:38.587,2025-09-08 15:39:38.587
832,347,33,4,2025-09-08 15:39:38.596,2025-09-08 15:39:38.596
833,348,33,3,2025-09-08 15:39:38.604,2025-09-08 15:39:38.604
834,349,33,4,2025-09-08 15:39:38.614,2025-09-08 15:39:38.614
835,350,33,2,2025-09-08 15:39:38.622,2025-09-08 15:39:38.622
836,351,33,3,2025-09-08 15:39:38.629,2025-09-08 15:39:38.629
837,352,33,4,2025-09-08 15:39:38.638,2025-09-08 15:39:38.638
838,353,33,2,2025-09-08 15:39:38.645,2025-09-08 15:39:38.645
839,354,33,3,2025-09-08 15:39:38.654,2025-09-08 15:39:38.654
840,355,33,2,2025-09-08 15:39:38.662,2025-09-08 15:39:38.662
841,356,33,4,2025-09-08 15:39:38.67,2025-09-08 15:39:38.67
842,357,33,3,2025-09-08 15:39:38.678,2025-09-08 15:39:38.678
843,358,33,2,2025-09-08 15:39:38.685,2025-09-08 15:39:38.685
844,359,33,1,2025-09-08 15:39:38.692,2025-09-08 15:39:38.692
845,360,33,4,2025-09-08 15:39:38.699,2025-09-08 15:39:38.699
846,361,33,4,2025-09-08 15:39:38.707,2025-09-08 15:39:38.707
847,362,33,5,2025-09-08 15:39:38.715,2025-09-08 15:39:38.715
848,363,33,4,2025-09-08 15:39:38.724,2025-09-08 15:39:38.724
849,364,33,2,2025-09-08 15:39:38.734,2025-09-08 15:39:38.734
850,365,33,4,2025-09-08 15:39:38.743,2025-09-08 15:39:38.743
851,366,33,3,2025-09-08 15:39:38.753,2025-09-08 15:39:38.753
852,367,33,4,2025-09-08 15:39:38.761,2025-09-08 15:39:38.761
853,368,33,4,2025-09-08 15:39:38.769,2025-09-08 15:39:38.769
854,369,33,4,2025-09-08 15:39:38.778,2025-09-08 15:39:38.778
855,9,32,2,2025-09-08 15:39:38.785,2025-09-08 15:39:38.785
856,10,32,2,2025-09-08 15:39:38.792,2025-09-08 15:39:38.792
857,11,32,4,2025-09-08 15:39:38.799,2025-09-08 15:39:38.799
858,12,32,3,2025-09-08 15:39:38.807,2025-09-08 15:39:38.807
859,13,32,5,2025-09-08 15:39:38.814,2025-09-08 15:39:38.814
860,14,32,5,2025-09-08 15:39:38.822,2025-09-08 15:39:38.822
861,15,32,4,2025-09-08 15:39:38.83,2025-09-08 15:39:38.83
862,16,32,2,2025-09-08 15:39:38.836,2025-09-08 15:39:38.836
863,17,32,1,2025-09-08 15:39:38.843,2025-09-08 15:39:38.843
864,18,32,1,2025-09-08 15:39:38.85,2025-09-08 15:39:38.85
865,19,32,4,2025-09-08 15:39:38.858,2025-09-08 15:39:38.858
866,20,32,4,2025-09-08 15:39:38.867,2025-09-08 15:39:38.867
867,21,32,4,2025-09-08 15:39:38.874,2025-09-08 15:39:38.874
868,22,32,1,2025-09-08 15:39:38.881,2025-09-08 15:39:38.881
869,23,32,1,2025-09-08 15:39:38.888,2025-09-08 15:39:38.888
870,24,32,4,2025-09-08 15:39:38.895,2025-09-08 15:39:38.895
871,25,32,4,2025-09-08 15:39:38.901,2025-09-08 15:39:38.901
872,26,32,3,2025-09-08 15:39:38.908,2025-09-08 15:39:38.908
873,27,32,3,2025-09-08 15:39:38.915,2025-09-08 15:39:38.915
874,28,32,3,2025-09-08 15:39:38.921,2025-09-08 15:39:38.921
875,29,32,5,2025-09-08 15:39:38.928,2025-09-08 15:39:38.928
876,30,32,1,2025-09-08 15:39:38.934,2025-09-08 15:39:38.934
877,31,32,4,2025-09-08 15:39:38.941,2025-09-08 15:39:38.941
878,32,32,3,2025-09-08 15:39:38.948,2025-09-08 15:39:38.948
879,33,32,4,2025-09-08 15:39:38.957,2025-09-08 15:39:38.957
880,34,32,5,2025-09-08 15:39:38.963,2025-09-08 15:39:38.963
881,35,32,2,2025-09-08 15:39:38.97,2025-09-08 15:39:38.97
882,36,32,4,2025-09-08 15:39:38.979,2025-09-08 15:39:38.979
883,37,32,4,2025-09-08 15:39:38.987,2025-09-08 15:39:38.987
884,38,32,2,2025-09-08 15:39:38.995,2025-09-08 15:39:38.995
885,39,32,4,2025-09-08 15:39:39.003,2025-09-08 15:39:39.003
886,40,32,4,2025-09-08 15:39:39.011,2025-09-08 15:39:39.011
887,41,32,2,2025-09-08 15:39:39.019,2025-09-08 15:39:39.019
888,42,32,2,2025-09-08 15:39:39.025,2025-09-08 15:39:39.025
889,43,32,6,2025-09-08 15:39:39.033,2025-09-08 15:39:39.033
890,44,32,3,2025-09-08 15:39:39.041,2025-09-08 15:39:39.041
891,45,32,4,2025-09-08 15:39:39.051,2025-09-08 15:39:39.051
892,46,32,2,2025-09-08 15:39:39.059,2025-09-08 15:39:39.059
893,47,32,1,2025-09-08 15:39:39.069,2025-09-08 15:39:39.069
894,48,32,7,2025-09-08 15:39:39.076,2025-09-08 15:39:39.076
895,49,32,1,2025-09-08 15:39:39.084,2025-09-08 15:39:39.084
896,50,32,4,2025-09-08 15:39:39.093,2025-09-08 15:39:39.093
897,51,32,4,2025-09-08 15:39:39.1,2025-09-08 15:39:39.1
898,52,32,4,2025-09-08 15:39:39.108,2025-09-08 15:39:39.108
899,53,32,2,2025-09-08 15:39:39.118,2025-09-08 15:39:39.118
900,54,32,4,2025-09-08 15:39:39.127,2025-09-08 15:39:39.127
901,55,32,4,2025-09-08 15:39:39.135,2025-09-08 15:39:39.135
902,56,32,4,2025-09-08 15:39:39.143,2025-09-08 15:39:39.143
903,57,32,2,2025-09-08 15:39:39.151,2025-09-08 15:39:39.151
904,58,32,2,2025-09-08 15:39:39.16,2025-09-08 15:39:39.16
905,59,32,4,2025-09-08 15:39:39.169,2025-09-08 15:39:39.169
906,60,32,5,2025-09-08 15:39:39.177,2025-09-08 15:39:39.177
907,61,32,4,2025-09-08 15:39:39.184,2025-09-08 15:39:39.184
908,62,32,5,2025-09-08 15:39:39.193,2025-09-08 15:39:39.193
909,63,32,6,2025-09-08 15:39:39.2,2025-09-08 15:39:39.2
910,64,32,4,2025-09-08 15:39:39.208,2025-09-08 15:39:39.208
911,65,32,2,2025-09-08 15:39:39.216,2025-09-08 15:39:39.216
912,66,32,3,2025-09-08 15:39:39.222,2025-09-08 15:39:39.222
913,67,32,1,2025-09-08 15:39:39.23,2025-09-08 15:39:39.23
914,68,32,5,2025-09-08 15:39:39.237,2025-09-08 15:39:39.237
915,69,32,4,2025-09-08 15:39:39.245,2025-09-08 15:39:39.245
916,70,32,2,2025-09-08 15:39:39.253,2025-09-08 15:39:39.253
917,71,32,4,2025-09-08 15:39:39.26,2025-09-08 15:39:39.26
918,72,32,3,2025-09-08 15:39:39.267,2025-09-08 15:39:39.267
919,73,32,2,2025-09-08 15:39:39.274,2025-09-08 15:39:39.274
920,74,32,4,2025-09-08 15:39:39.282,2025-09-08 15:39:39.282
921,75,32,3,2025-09-08 15:39:39.289,2025-09-08 15:39:39.289
922,76,32,4,2025-09-08 15:39:39.296,2025-09-08 15:39:39.296
923,77,32,2,2025-09-08 15:39:39.304,2025-09-08 15:39:39.304
924,78,32,1,2025-09-08 15:39:39.31,2025-09-08 15:39:39.31
925,79,32,4,2025-09-08 15:39:39.317,2025-09-08 15:39:39.317
926,80,32,4,2025-09-08 15:39:39.323,2025-09-08 15:39:39.323
927,81,32,3,2025-09-08 15:39:39.331,2025-09-08 15:39:39.331
928,82,32,3,2025-09-08 15:39:39.336,2025-09-08 15:39:39.336
929,83,32,4,2025-09-08 15:39:39.342,2025-09-08 15:39:39.342
930,84,32,2,2025-09-08 15:39:39.349,2025-09-08 15:39:39.349
931,85,32,4,2025-09-08 15:39:39.356,2025-09-08 15:39:39.356
932,86,32,2,2025-09-08 15:39:39.361,2025-09-08 15:39:39.361
933,87,32,5,2025-09-08 15:39:39.368,2025-09-08 15:39:39.368
934,88,32,3,2025-09-08 15:39:39.374,2025-09-08 15:39:39.374
935,89,32,2,2025-09-08 15:39:39.38,2025-09-08 15:39:39.38
936,90,32,4,2025-09-08 15:39:39.387,2025-09-08 15:39:39.387
937,91,32,4,2025-09-08 15:39:39.392,2025-09-08 15:39:39.392
938,92,32,4,2025-09-08 15:39:39.4,2025-09-08 15:39:39.4
939,93,32,3,2025-09-08 15:39:39.406,2025-09-08 15:39:39.406
940,94,32,3,2025-09-08 15:39:39.412,2025-09-08 15:39:39.412
941,95,32,4,2025-09-08 15:39:39.419,2025-09-08 15:39:39.419
942,96,32,2,2025-09-08 15:39:39.424,2025-09-08 15:39:39.424
943,97,32,4,2025-09-08 15:39:39.431,2025-09-08 15:39:39.431
944,98,32,5,2025-09-08 15:39:39.437,2025-09-08 15:39:39.437
945,99,32,3,2025-09-08 15:39:39.442,2025-09-08 15:39:39.442
946,100,32,2,2025-09-08 15:39:39.452,2025-09-08 15:39:39.452
947,101,32,5,2025-09-08 15:39:39.459,2025-09-08 15:39:39.459
948,102,32,6,2025-09-08 15:39:39.465,2025-09-08 15:39:39.465
949,103,32,3,2025-09-08 15:39:39.472,2025-09-08 15:39:39.472
950,104,32,1,2025-09-08 15:39:39.479,2025-09-08 15:39:39.479
951,105,32,4,2025-09-08 15:39:39.485,2025-09-08 15:39:39.485
952,106,32,4,2025-09-08 15:39:39.491,2025-09-08 15:39:39.491
953,107,32,5,2025-09-08 15:39:39.5,2025-09-08 15:39:39.5
954,108,32,2,2025-09-08 15:39:39.506,2025-09-08 15:39:39.506
955,109,32,2,2025-09-08 15:39:39.514,2025-09-08 15:39:39.514
956,110,32,4,2025-09-08 15:39:39.521,2025-09-08 15:39:39.521
957,111,32,2,2025-09-08 15:39:39.527,2025-09-08 15:39:39.527
958,112,32,4,2025-09-08 15:39:39.535,2025-09-08 15:39:39.535
959,113,32,6,2025-09-08 15:39:39.541,2025-09-08 15:39:39.541
960,114,32,3,2025-09-08 15:39:39.549,2025-09-08 15:39:39.549
961,115,32,7,2025-09-08 15:39:39.557,2025-09-08 15:39:39.557
962,116,32,2,2025-09-08 15:39:39.564,2025-09-08 15:39:39.564
963,117,32,4,2025-09-08 15:39:39.574,2025-09-08 15:39:39.574
964,118,32,2,2025-09-08 15:39:39.584,2025-09-08 15:39:39.584
965,119,32,5,2025-09-08 15:39:39.592,2025-09-08 15:39:39.592
966,120,32,4,2025-09-08 15:39:39.599,2025-09-08 15:39:39.599
967,121,32,5,2025-09-08 15:39:39.607,2025-09-08 15:39:39.607
968,122,32,4,2025-09-08 15:39:39.616,2025-09-08 15:39:39.616
969,123,32,3,2025-09-08 15:39:39.625,2025-09-08 15:39:39.625
970,124,32,4,2025-09-08 15:39:39.632,2025-09-08 15:39:39.632
971,125,32,4,2025-09-08 15:39:39.64,2025-09-08 15:39:39.64
972,126,32,4,2025-09-08 15:39:39.65,2025-09-08 15:39:39.65
973,127,32,3,2025-09-08 15:39:39.657,2025-09-08 15:39:39.657
974,128,32,4,2025-09-08 15:39:39.671,2025-09-08 15:39:39.671
975,129,32,6,2025-09-08 15:39:39.688,2025-09-08 15:39:39.688
976,130,32,3,2025-09-08 15:39:39.699,2025-09-08 15:39:39.699
977,131,32,1,2025-09-08 15:39:39.707,2025-09-08 15:39:39.707
978,132,32,4,2025-09-08 15:39:39.714,2025-09-08 15:39:39.714
979,133,32,4,2025-09-08 15:39:39.722,2025-09-08 15:39:39.722
980,134,32,4,2025-09-08 15:39:39.73,2025-09-08 15:39:39.73
981,135,32,5,2025-09-08 15:39:39.737,2025-09-08 15:39:39.737
982,136,32,4,2025-09-08 15:39:39.745,2025-09-08 15:39:39.745
983,137,32,2,2025-09-08 15:39:39.753,2025-09-08 15:39:39.753
984,138,32,5,2025-09-08 15:39:39.759,2025-09-08 15:39:39.759
985,139,32,4,2025-09-08 15:39:39.767,2025-09-08 15:39:39.767
986,140,32,5,2025-09-08 15:39:39.774,2025-09-08 15:39:39.774
987,141,32,5,2025-09-08 15:39:39.783,2025-09-08 15:39:39.783
988,142,32,5,2025-09-08 15:39:39.791,2025-09-08 15:39:39.791
989,143,32,5,2025-09-08 15:39:39.8,2025-09-08 15:39:39.8
990,144,32,4,2025-09-08 15:39:39.807,2025-09-08 15:39:39.807
991,145,32,6,2025-09-08 15:39:39.818,2025-09-08 15:39:39.818
992,146,32,1,2025-09-08 15:39:39.827,2025-09-08 15:39:39.827
993,147,32,4,2025-09-08 15:39:39.836,2025-09-08 15:39:39.836
994,148,32,5,2025-09-08 15:39:39.845,2025-09-08 15:39:39.845
995,149,32,4,2025-09-08 15:39:39.857,2025-09-08 15:39:39.857
996,150,32,1,2025-09-08 15:39:39.868,2025-09-08 15:39:39.868
997,151,32,3,2025-09-08 15:39:39.875,2025-09-08 15:39:39.875
998,152,32,4,2025-09-08 15:39:39.884,2025-09-08 15:39:39.884
999,153,32,2,2025-09-08 15:39:39.893,2025-09-08 15:39:39.893
1000,154,32,4,2025-09-08 15:39:39.901,2025-09-08 15:39:39.901
1001,155,32,2,2025-09-08 15:39:39.91,2025-09-08 15:39:39.91
1002,156,32,4,2025-09-08 15:39:39.917,2025-09-08 15:39:39.917
1003,157,32,3,2025-09-08 15:39:39.925,2025-09-08 15:39:39.925
1004,158,32,6,2025-09-08 15:39:39.933,2025-09-08 15:39:39.933
1005,159,32,2,2025-09-08 15:39:39.941,2025-09-08 15:39:39.941
1006,160,32,6,2025-09-08 15:39:39.949,2025-09-08 15:39:39.949
1007,161,32,4,2025-09-08 15:39:39.956,2025-09-08 15:39:39.956
1008,162,32,2,2025-09-08 15:39:39.963,2025-09-08 15:39:39.963
1009,163,32,5,2025-09-08 15:39:39.973,2025-09-08 15:39:39.973
1010,164,32,5,2025-09-08 15:39:39.98,2025-09-08 15:39:39.98
1011,165,32,5,2025-09-08 15:39:39.989,2025-09-08 15:39:39.989
1012,166,32,4,2025-09-08 15:39:39.997,2025-09-08 15:39:39.997
1013,167,32,3,2025-09-08 15:39:40.005,2025-09-08 15:39:40.005
1014,168,32,1,2025-09-08 15:39:40.013,2025-09-08 15:39:40.013
1015,169,32,4,2025-09-08 15:39:40.021,2025-09-08 15:39:40.021
1016,170,32,1,2025-09-08 15:39:40.028,2025-09-08 15:39:40.028
1017,171,32,4,2025-09-08 15:39:40.037,2025-09-08 15:39:40.037
1018,172,32,4,2025-09-08 15:39:40.044,2025-09-08 15:39:40.044
1019,173,32,1,2025-09-08 15:39:40.054,2025-09-08 15:39:40.054
1020,174,32,4,2025-09-08 15:39:40.062,2025-09-08 15:39:40.062
1021,175,32,5,2025-09-08 15:39:40.07,2025-09-08 15:39:40.07
1022,176,32,2,2025-09-08 15:39:40.077,2025-09-08 15:39:40.077
1023,177,32,3,2025-09-08 15:39:40.084,2025-09-08 15:39:40.084
1024,178,32,5,2025-09-08 15:39:40.091,2025-09-08 15:39:40.091
1025,179,32,4,2025-09-08 15:39:40.098,2025-09-08 15:39:40.098
1026,180,32,4,2025-09-08 15:39:40.107,2025-09-08 15:39:40.107
1027,181,32,1,2025-09-08 15:39:40.113,2025-09-08 15:39:40.113
1028,182,32,5,2025-09-08 15:39:40.12,2025-09-08 15:39:40.12
1029,183,32,1,2025-09-08 15:39:40.128,2025-09-08 15:39:40.128
1030,184,32,3,2025-09-08 15:39:40.136,2025-09-08 15:39:40.136
1031,185,32,3,2025-09-08 15:39:40.143,2025-09-08 15:39:40.143
1032,186,32,2,2025-09-08 15:39:40.15,2025-09-08 15:39:40.15
1033,187,32,4,2025-09-08 15:39:40.158,2025-09-08 15:39:40.158
1034,188,32,3,2025-09-08 15:39:40.165,2025-09-08 15:39:40.165
1035,189,32,2,2025-09-08 15:39:40.177,2025-09-08 15:39:40.177
1036,190,32,4,2025-09-08 15:39:40.185,2025-09-08 15:39:40.185
1037,191,32,4,2025-09-08 15:39:40.192,2025-09-08 15:39:40.192
1038,192,32,2,2025-09-08 15:39:40.2,2025-09-08 15:39:40.2
1039,193,32,4,2025-09-08 15:39:40.208,2025-09-08 15:39:40.208
1040,194,32,4,2025-09-08 15:39:40.217,2025-09-08 15:39:40.217
1041,195,32,3,2025-09-08 15:39:40.225,2025-09-08 15:39:40.225
1042,196,32,4,2025-09-08 15:39:40.232,2025-09-08 15:39:40.232
1043,197,32,4,2025-09-08 15:39:40.24,2025-09-08 15:39:40.24
1044,198,32,4,2025-09-08 15:39:40.247,2025-09-08 15:39:40.247
1045,199,32,4,2025-09-08 15:39:40.257,2025-09-08 15:39:40.257
1046,200,32,1,2025-09-08 15:39:40.268,2025-09-08 15:39:40.268
1047,201,32,5,2025-09-08 15:39:40.278,2025-09-08 15:39:40.278
1048,202,32,3,2025-09-08 15:39:40.287,2025-09-08 15:39:40.287
1049,203,32,4,2025-09-08 15:39:40.295,2025-09-08 15:39:40.295
1050,204,32,4,2025-09-08 15:39:40.303,2025-09-08 15:39:40.303
1051,205,32,3,2025-09-08 15:39:40.309,2025-09-08 15:39:40.309
1052,206,32,2,2025-09-08 15:39:40.318,2025-09-08 15:39:40.318
1053,207,32,2,2025-09-08 15:39:40.328,2025-09-08 15:39:40.328
1054,208,32,4,2025-09-08 15:39:40.337,2025-09-08 15:39:40.337
1055,209,32,2,2025-09-08 15:39:40.347,2025-09-08 15:39:40.347
1056,210,32,6,2025-09-08 15:39:40.357,2025-09-08 15:39:40.357
1057,211,32,3,2025-09-08 15:39:40.365,2025-09-08 15:39:40.365
1058,212,32,2,2025-09-08 15:39:40.375,2025-09-08 15:39:40.375
1059,213,32,6,2025-09-08 15:39:40.382,2025-09-08 15:39:40.382
1060,214,32,4,2025-09-08 15:39:40.391,2025-09-08 15:39:40.391
1061,215,32,1,2025-09-08 15:39:40.399,2025-09-08 15:39:40.399
1062,216,32,3,2025-09-08 15:39:40.409,2025-09-08 15:39:40.409
1063,217,32,3,2025-09-08 15:39:40.419,2025-09-08 15:39:40.419
1064,218,32,4,2025-09-08 15:39:40.426,2025-09-08 15:39:40.426
1065,219,32,4,2025-09-08 15:39:40.433,2025-09-08 15:39:40.433
1066,220,32,4,2025-09-08 15:39:40.441,2025-09-08 15:39:40.441
1067,221,32,4,2025-09-08 15:39:40.447,2025-09-08 15:39:40.447
1068,222,32,2,2025-09-08 15:39:40.456,2025-09-08 15:39:40.456
1069,223,32,6,2025-09-08 15:39:40.463,2025-09-08 15:39:40.463
1070,224,32,6,2025-09-08 15:39:40.471,2025-09-08 15:39:40.471
1071,225,32,3,2025-09-08 15:39:40.479,2025-09-08 15:39:40.479
1072,226,32,4,2025-09-08 15:39:40.488,2025-09-08 15:39:40.488
1073,227,32,4,2025-09-08 15:39:40.496,2025-09-08 15:39:40.496
1074,228,32,4,2025-09-08 15:39:40.503,2025-09-08 15:39:40.503
1075,229,32,2,2025-09-08 15:39:40.51,2025-09-08 15:39:40.51
1076,230,32,1,2025-09-08 15:39:40.517,2025-09-08 15:39:40.517
1077,231,32,3,2025-09-08 15:39:40.525,2025-09-08 15:39:40.525
1078,232,32,4,2025-09-08 15:39:40.532,2025-09-08 15:39:40.532
1079,233,32,4,2025-09-08 15:39:40.541,2025-09-08 15:39:40.541
1080,234,32,3,2025-09-08 15:39:40.55,2025-09-08 15:39:40.55
1081,235,32,1,2025-09-08 15:39:40.557,2025-09-08 15:39:40.557
1082,236,32,6,2025-09-08 15:39:40.564,2025-09-08 15:39:40.564
1083,237,32,2,2025-09-08 15:39:40.572,2025-09-08 15:39:40.572
1084,238,32,4,2025-09-08 15:39:40.579,2025-09-08 15:39:40.579
1085,239,32,5,2025-09-08 15:39:40.587,2025-09-08 15:39:40.587
1086,240,32,6,2025-09-08 15:39:40.594,2025-09-08 15:39:40.594
1087,241,32,3,2025-09-08 15:39:40.6,2025-09-08 15:39:40.6
1088,242,32,4,2025-09-08 15:39:40.607,2025-09-08 15:39:40.607
1089,243,32,3,2025-09-08 15:39:40.612,2025-09-08 15:39:40.612
1090,244,32,2,2025-09-08 15:39:40.619,2025-09-08 15:39:40.619
1091,245,32,4,2025-09-08 15:39:40.625,2025-09-08 15:39:40.625
1092,246,32,3,2025-09-08 15:39:40.631,2025-09-08 15:39:40.631
1093,247,32,2,2025-09-08 15:39:40.639,2025-09-08 15:39:40.639
1094,248,32,4,2025-09-08 15:39:40.646,2025-09-08 15:39:40.646
1095,249,32,4,2025-09-08 15:39:40.654,2025-09-08 15:39:40.654
1096,250,32,4,2025-09-08 15:39:40.661,2025-09-08 15:39:40.661
1097,251,32,4,2025-09-08 15:39:40.667,2025-09-08 15:39:40.667
1098,252,32,4,2025-09-08 15:39:40.674,2025-09-08 15:39:40.674
1099,253,32,1,2025-09-08 15:39:40.68,2025-09-08 15:39:40.68
1100,254,32,2,2025-09-08 15:39:40.687,2025-09-08 15:39:40.687
1101,255,32,5,2025-09-08 15:39:40.692,2025-09-08 15:39:40.692
1102,256,32,5,2025-09-08 15:39:40.698,2025-09-08 15:39:40.698
1103,257,32,2,2025-09-08 15:39:40.707,2025-09-08 15:39:40.707
1104,258,32,4,2025-09-08 15:39:40.715,2025-09-08 15:39:40.715
1105,259,32,3,2025-09-08 15:39:40.722,2025-09-08 15:39:40.722
1106,260,32,2,2025-09-08 15:39:40.729,2025-09-08 15:39:40.729
1107,261,32,5,2025-09-08 15:39:40.737,2025-09-08 15:39:40.737
1108,262,32,3,2025-09-08 15:39:40.742,2025-09-08 15:39:40.742
1109,263,32,4,2025-09-08 15:39:40.75,2025-09-08 15:39:40.75
1110,264,32,4,2025-09-08 15:39:40.76,2025-09-08 15:39:40.76
1111,265,32,7,2025-09-08 15:39:40.766,2025-09-08 15:39:40.766
1112,266,32,4,2025-09-08 15:39:40.772,2025-09-08 15:39:40.772
1113,267,32,5,2025-09-08 15:39:40.779,2025-09-08 15:39:40.779
1114,268,32,2,2025-09-08 15:39:40.785,2025-09-08 15:39:40.785
1115,269,32,4,2025-09-08 15:39:40.794,2025-09-08 15:39:40.794
1116,270,32,1,2025-09-08 15:39:40.801,2025-09-08 15:39:40.801
1117,271,32,6,2025-09-08 15:39:40.809,2025-09-08 15:39:40.809
1118,272,32,4,2025-09-08 15:39:40.816,2025-09-08 15:39:40.816
1119,273,32,3,2025-09-08 15:39:40.824,2025-09-08 15:39:40.824
1120,274,32,2,2025-09-08 15:39:40.832,2025-09-08 15:39:40.832
1121,275,32,3,2025-09-08 15:39:40.839,2025-09-08 15:39:40.839
1122,276,32,4,2025-09-08 15:39:40.848,2025-09-08 15:39:40.848
1123,277,32,4,2025-09-08 15:39:40.857,2025-09-08 15:39:40.857
1124,278,32,2,2025-09-08 15:39:40.865,2025-09-08 15:39:40.865
1125,279,32,4,2025-09-08 15:39:40.873,2025-09-08 15:39:40.873
1126,280,32,3,2025-09-08 15:39:40.88,2025-09-08 15:39:40.88
1127,281,32,2,2025-09-08 15:39:40.888,2025-09-08 15:39:40.888
1128,282,32,3,2025-09-08 15:39:40.895,2025-09-08 15:39:40.895
1129,283,32,5,2025-09-08 15:39:40.903,2025-09-08 15:39:40.903
1130,284,32,4,2025-09-08 15:39:40.913,2025-09-08 15:39:40.913
1131,285,32,4,2025-09-08 15:39:40.922,2025-09-08 15:39:40.922
1132,286,32,5,2025-09-08 15:39:40.93,2025-09-08 15:39:40.93
1133,287,32,2,2025-09-08 15:39:40.939,2025-09-08 15:39:40.939
1134,288,32,2,2025-09-08 15:39:40.945,2025-09-08 15:39:40.945
1135,289,32,3,2025-09-08 15:39:40.956,2025-09-08 15:39:40.956
1136,290,32,4,2025-09-08 15:39:40.965,2025-09-08 15:39:40.965
1137,291,32,1,2025-09-08 15:39:40.974,2025-09-08 15:39:40.974
1138,292,32,3,2025-09-08 15:39:40.983,2025-09-08 15:39:40.983
1139,293,32,2,2025-09-08 15:39:40.99,2025-09-08 15:39:40.99
1140,294,32,5,2025-09-08 15:39:40.995,2025-09-08 15:39:40.995
1141,295,32,2,2025-09-08 15:39:41.001,2025-09-08 15:39:41.001
1142,296,32,2,2025-09-08 15:39:41.007,2025-09-08 15:39:41.007
1143,297,32,1,2025-09-08 15:39:41.012,2025-09-08 15:39:41.012
1144,298,32,2,2025-09-08 15:39:41.018,2025-09-08 15:39:41.018
1145,299,32,4,2025-09-08 15:39:41.025,2025-09-08 15:39:41.025
1146,300,32,6,2025-09-08 15:39:41.032,2025-09-08 15:39:41.032
1147,301,32,7,2025-09-08 15:39:41.038,2025-09-08 15:39:41.038
1148,302,32,3,2025-09-08 15:39:41.044,2025-09-08 15:39:41.044
1149,303,32,1,2025-09-08 15:39:41.05,2025-09-08 15:39:41.05
1150,304,32,2,2025-09-08 15:39:41.057,2025-09-08 15:39:41.057
1151,305,32,3,2025-09-08 15:39:41.065,2025-09-08 15:39:41.065
1152,306,32,4,2025-09-08 15:39:41.073,2025-09-08 15:39:41.073
1153,307,32,4,2025-09-08 15:39:41.081,2025-09-08 15:39:41.081
1154,308,32,6,2025-09-08 15:39:41.088,2025-09-08 15:39:41.088
1155,309,32,4,2025-09-08 15:39:41.096,2025-09-08 15:39:41.096
1156,310,32,4,2025-09-08 15:39:41.103,2025-09-08 15:39:41.103
1157,311,32,4,2025-09-08 15:39:41.111,2025-09-08 15:39:41.111
1158,312,32,4,2025-09-08 15:39:41.117,2025-09-08 15:39:41.117
1159,313,32,4,2025-09-08 15:39:41.124,2025-09-08 15:39:41.124
1160,314,32,4,2025-09-08 15:39:41.131,2025-09-08 15:39:41.131
1161,315,32,6,2025-09-08 15:39:41.139,2025-09-08 15:39:41.139
1162,316,32,1,2025-09-08 15:39:41.145,2025-09-08 15:39:41.145
1163,317,32,3,2025-09-08 15:39:41.15,2025-09-08 15:39:41.15
1164,318,32,4,2025-09-08 15:39:41.156,2025-09-08 15:39:41.156
1165,319,32,6,2025-09-08 15:39:41.174,2025-09-08 15:39:41.174
1166,320,32,1,2025-09-08 15:39:41.189,2025-09-08 15:39:41.189
1167,321,32,4,2025-09-08 15:39:41.196,2025-09-08 15:39:41.196
1168,322,32,5,2025-09-08 15:39:41.2,2025-09-08 15:39:41.2
1169,323,32,3,2025-09-08 15:39:41.209,2025-09-08 15:39:41.209
1170,324,32,4,2025-09-08 15:39:41.217,2025-09-08 15:39:41.217
1171,325,32,4,2025-09-08 15:39:41.225,2025-09-08 15:39:41.225
1172,326,32,4,2025-09-08 15:39:41.232,2025-09-08 15:39:41.232
1173,327,32,6,2025-09-08 15:39:41.239,2025-09-08 15:39:41.239
1174,328,32,2,2025-09-08 15:39:41.247,2025-09-08 15:39:41.247
1175,329,32,1,2025-09-08 15:39:41.254,2025-09-08 15:39:41.254
1176,330,32,4,2025-09-08 15:39:41.262,2025-09-08 15:39:41.262
1177,331,32,3,2025-09-08 15:39:41.269,2025-09-08 15:39:41.269
1178,332,32,1,2025-09-08 15:39:41.278,2025-09-08 15:39:41.278
1179,333,32,4,2025-09-08 15:39:41.284,2025-09-08 15:39:41.284
1180,334,32,4,2025-09-08 15:39:41.29,2025-09-08 15:39:41.29
1181,335,32,3,2025-09-08 15:39:41.295,2025-09-08 15:39:41.295
1182,336,32,1,2025-09-08 15:39:41.301,2025-09-08 15:39:41.301
1183,337,32,4,2025-09-08 15:39:41.308,2025-09-08 15:39:41.308
1184,338,32,1,2025-09-08 15:39:41.315,2025-09-08 15:39:41.315
1185,339,32,5,2025-09-08 15:39:41.321,2025-09-08 15:39:41.321
1186,340,32,2,2025-09-08 15:39:41.329,2025-09-08 15:39:41.329
1187,341,32,4,2025-09-08 15:39:41.334,2025-09-08 15:39:41.334
1188,342,32,1,2025-09-08 15:39:41.341,2025-09-08 15:39:41.341
1189,343,32,1,2025-09-08 15:39:41.349,2025-09-08 15:39:41.349
1190,344,32,3,2025-09-08 15:39:41.355,2025-09-08 15:39:41.355
1191,345,32,4,2025-09-08 15:39:41.361,2025-09-08 15:39:41.361
1192,346,32,2,2025-09-08 15:39:41.366,2025-09-08 15:39:41.366
1193,347,32,4,2025-09-08 15:39:41.371,2025-09-08 15:39:41.371
1194,348,32,5,2025-09-08 15:39:41.378,2025-09-08 15:39:41.378
1195,349,32,4,2025-09-08 15:39:41.383,2025-09-08 15:39:41.383
1196,350,32,2,2025-09-08 15:39:41.389,2025-09-08 15:39:41.389
1197,351,32,3,2025-09-08 15:39:41.395,2025-09-08 15:39:41.395
1198,352,32,4,2025-09-08 15:39:41.401,2025-09-08 15:39:41.401
1199,353,32,3,2025-09-08 15:39:41.406,2025-09-08 15:39:41.406
1200,354,32,3,2025-09-08 15:39:41.412,2025-09-08 15:39:41.412
1201,355,32,2,2025-09-08 15:39:41.418,2025-09-08 15:39:41.418
1202,356,32,4,2025-09-08 15:39:41.423,2025-09-08 15:39:41.423
1203,357,32,3,2025-09-08 15:39:41.429,2025-09-08 15:39:41.429
1204,358,32,2,2025-09-08 15:39:41.434,2025-09-08 15:39:41.434
1205,359,32,2,2025-09-08 15:39:41.442,2025-09-08 15:39:41.442
1206,360,32,4,2025-09-08 15:39:41.448,2025-09-08 15:39:41.448
1207,361,32,4,2025-09-08 15:39:41.453,2025-09-08 15:39:41.453
1208,362,32,5,2025-09-08 15:39:41.459,2025-09-08 15:39:41.459
1209,363,32,4,2025-09-08 15:39:41.465,2025-09-08 15:39:41.465
1210,364,32,2,2025-09-08 15:39:41.47,2025-09-08 15:39:41.47
1211,365,32,2,2025-09-08 15:39:41.478,2025-09-08 15:39:41.478
1212,366,32,4,2025-09-08 15:39:41.484,2025-09-08 15:39:41.484
1213,367,32,3,2025-09-08 15:39:41.492,2025-09-08 15:39:41.492
1214,368,32,4,2025-09-08 15:39:41.5,2025-09-08 15:39:41.5
1215,369,32,4,2025-09-08 15:39:41.506,2025-09-08 15:39:41.506
1216,9,21,6,2025-09-08 15:39:41.512,2025-09-08 15:39:41.512
1217,10,21,4,2025-09-08 15:39:41.518,2025-09-08 15:39:41.518
1218,11,21,6,2025-09-08 15:39:41.524,2025-09-08 15:39:41.524
1219,12,21,3,2025-09-08 15:39:41.529,2025-09-08 15:39:41.529
1220,13,21,5,2025-09-08 15:39:41.535,2025-09-08 15:39:41.535
1221,14,21,3,2025-09-08 15:39:41.54,2025-09-08 15:39:41.54
1222,15,21,4,2025-09-08 15:39:41.546,2025-09-08 15:39:41.546
1223,16,21,5,2025-09-08 15:39:41.551,2025-09-08 15:39:41.551
1224,17,21,4,2025-09-08 15:39:41.557,2025-09-08 15:39:41.557
1225,18,21,6,2025-09-08 15:39:41.564,2025-09-08 15:39:41.564
1226,19,21,6,2025-09-08 15:39:41.569,2025-09-08 15:39:41.569
1227,20,21,4,2025-09-08 15:39:41.573,2025-09-08 15:39:41.573
1228,21,21,5,2025-09-08 15:39:41.58,2025-09-08 15:39:41.58
1229,22,21,5,2025-09-08 15:39:41.585,2025-09-08 15:39:41.585
1230,23,21,4,2025-09-08 15:39:41.59,2025-09-08 15:39:41.59
1231,24,21,4,2025-09-08 15:39:41.596,2025-09-08 15:39:41.596
1232,25,21,5,2025-09-08 15:39:41.601,2025-09-08 15:39:41.601
1233,26,21,4,2025-09-08 15:39:41.605,2025-09-08 15:39:41.605
1234,27,21,5,2025-09-08 15:39:41.612,2025-09-08 15:39:41.612
1235,28,21,5,2025-09-08 15:39:41.617,2025-09-08 15:39:41.617
1236,29,21,5,2025-09-08 15:39:41.622,2025-09-08 15:39:41.622
1237,30,21,6,2025-09-08 15:39:41.627,2025-09-08 15:39:41.627
1238,31,21,4,2025-09-08 15:39:41.631,2025-09-08 15:39:41.631
1239,32,21,5,2025-09-08 15:39:41.636,2025-09-08 15:39:41.636
1240,33,21,4,2025-09-08 15:39:41.644,2025-09-08 15:39:41.644
1241,34,21,4,2025-09-08 15:39:41.649,2025-09-08 15:39:41.649
1242,35,21,5,2025-09-08 15:39:41.654,2025-09-08 15:39:41.654
1243,36,21,4,2025-09-08 15:39:41.66,2025-09-08 15:39:41.66
1244,37,21,6,2025-09-08 15:39:41.666,2025-09-08 15:39:41.666
1245,38,21,5,2025-09-08 15:39:41.67,2025-09-08 15:39:41.67
1246,39,21,4,2025-09-08 15:39:41.676,2025-09-08 15:39:41.676
1247,40,21,4,2025-09-08 15:39:41.68,2025-09-08 15:39:41.68
1248,41,21,4,2025-09-08 15:39:41.687,2025-09-08 15:39:41.687
1249,42,21,6,2025-09-08 15:39:41.691,2025-09-08 15:39:41.691
1250,43,21,6,2025-09-08 15:39:41.697,2025-09-08 15:39:41.697
1251,44,21,6,2025-09-08 15:39:41.702,2025-09-08 15:39:41.702
1252,45,21,4,2025-09-08 15:39:41.708,2025-09-08 15:39:41.708
1253,46,21,6,2025-09-08 15:39:41.715,2025-09-08 15:39:41.715
1254,47,21,7,2025-09-08 15:39:41.72,2025-09-08 15:39:41.72
1255,48,21,4,2025-09-08 15:39:41.725,2025-09-08 15:39:41.725
1256,49,21,5,2025-09-08 15:39:41.732,2025-09-08 15:39:41.732
1257,50,21,4,2025-09-08 15:39:41.736,2025-09-08 15:39:41.736
1258,51,21,6,2025-09-08 15:39:41.741,2025-09-08 15:39:41.741
1259,52,21,4,2025-09-08 15:39:41.746,2025-09-08 15:39:41.746
1260,53,21,6,2025-09-08 15:39:41.751,2025-09-08 15:39:41.751
1261,54,21,6,2025-09-08 15:39:41.755,2025-09-08 15:39:41.755
1262,55,21,4,2025-09-08 15:39:41.761,2025-09-08 15:39:41.761
1263,56,21,4,2025-09-08 15:39:41.767,2025-09-08 15:39:41.767
1264,57,21,5,2025-09-08 15:39:41.772,2025-09-08 15:39:41.772
1265,58,21,4,2025-09-08 15:39:41.779,2025-09-08 15:39:41.779
1266,59,21,6,2025-09-08 15:39:41.801,2025-09-08 15:39:41.801
1267,60,21,4,2025-09-08 15:39:41.808,2025-09-08 15:39:41.808
1268,61,21,6,2025-09-08 15:39:41.816,2025-09-08 15:39:41.816
1269,62,21,7,2025-09-08 15:39:41.826,2025-09-08 15:39:41.826
1270,63,21,6,2025-09-08 15:39:41.835,2025-09-08 15:39:41.835
1271,64,21,4,2025-09-08 15:39:41.844,2025-09-08 15:39:41.844
1272,65,21,4,2025-09-08 15:39:41.852,2025-09-08 15:39:41.852
1273,66,21,6,2025-09-08 15:39:41.861,2025-09-08 15:39:41.861
1274,67,21,6,2025-09-08 15:39:41.869,2025-09-08 15:39:41.869
1275,68,21,4,2025-09-08 15:39:41.876,2025-09-08 15:39:41.876
1276,69,21,4,2025-09-08 15:39:41.884,2025-09-08 15:39:41.884
1277,70,21,4,2025-09-08 15:39:41.893,2025-09-08 15:39:41.893
1278,71,21,6,2025-09-08 15:39:41.901,2025-09-08 15:39:41.901
1279,72,21,5,2025-09-08 15:39:41.907,2025-09-08 15:39:41.907
1280,73,21,6,2025-09-08 15:39:41.914,2025-09-08 15:39:41.914
1281,74,21,1,2025-09-08 15:39:41.921,2025-09-08 15:39:41.921
1282,75,21,3,2025-09-08 15:39:41.93,2025-09-08 15:39:41.93
1283,76,21,6,2025-09-08 15:39:41.939,2025-09-08 15:39:41.939
1284,77,21,4,2025-09-08 15:39:41.954,2025-09-08 15:39:41.954
1285,78,21,6,2025-09-08 15:39:41.962,2025-09-08 15:39:41.962
1286,79,21,4,2025-09-08 15:39:41.969,2025-09-08 15:39:41.969
1287,80,21,6,2025-09-08 15:39:41.977,2025-09-08 15:39:41.977
1288,81,21,6,2025-09-08 15:39:41.985,2025-09-08 15:39:41.985
1289,82,21,6,2025-09-08 15:39:41.992,2025-09-08 15:39:41.992
1290,83,21,4,2025-09-08 15:39:42,2025-09-08 15:39:42
1291,84,21,5,2025-09-08 15:39:42.008,2025-09-08 15:39:42.008
1292,85,21,6,2025-09-08 15:39:42.015,2025-09-08 15:39:42.015
1293,86,21,6,2025-09-08 15:39:42.023,2025-09-08 15:39:42.023
1294,87,21,4,2025-09-08 15:39:42.031,2025-09-08 15:39:42.031
1295,88,21,6,2025-09-08 15:39:42.038,2025-09-08 15:39:42.038
1296,89,21,2,2025-09-08 15:39:42.046,2025-09-08 15:39:42.046
1297,90,21,5,2025-09-08 15:39:42.054,2025-09-08 15:39:42.054
1298,91,21,4,2025-09-08 15:39:42.059,2025-09-08 15:39:42.059
1299,92,21,4,2025-09-08 15:39:42.065,2025-09-08 15:39:42.065
1300,93,21,4,2025-09-08 15:39:42.07,2025-09-08 15:39:42.07
1301,94,21,5,2025-09-08 15:39:42.076,2025-09-08 15:39:42.076
1302,95,21,4,2025-09-08 15:39:42.081,2025-09-08 15:39:42.081
1303,96,21,6,2025-09-08 15:39:42.087,2025-09-08 15:39:42.087
1304,97,21,3,2025-09-08 15:39:42.092,2025-09-08 15:39:42.092
1305,98,21,4,2025-09-08 15:39:42.098,2025-09-08 15:39:42.098
1306,99,21,3,2025-09-08 15:39:42.104,2025-09-08 15:39:42.104
1307,100,21,5,2025-09-08 15:39:42.11,2025-09-08 15:39:42.11
1308,101,21,5,2025-09-08 15:39:42.115,2025-09-08 15:39:42.115
1309,102,21,5,2025-09-08 15:39:42.122,2025-09-08 15:39:42.122
1310,103,21,4,2025-09-08 15:39:42.127,2025-09-08 15:39:42.127
1311,104,21,7,2025-09-08 15:39:42.133,2025-09-08 15:39:42.133
1312,105,21,5,2025-09-08 15:39:42.139,2025-09-08 15:39:42.139
1313,106,21,5,2025-09-08 15:39:42.145,2025-09-08 15:39:42.145
1314,107,21,5,2025-09-08 15:39:42.152,2025-09-08 15:39:42.152
1315,108,21,6,2025-09-08 15:39:42.16,2025-09-08 15:39:42.16
1316,109,21,4,2025-09-08 15:39:42.174,2025-09-08 15:39:42.174
1317,110,21,5,2025-09-08 15:39:42.181,2025-09-08 15:39:42.181
1318,111,21,5,2025-09-08 15:39:42.186,2025-09-08 15:39:42.186
1319,112,21,5,2025-09-08 15:39:42.19,2025-09-08 15:39:42.19
1320,113,21,5,2025-09-08 15:39:42.196,2025-09-08 15:39:42.196
1321,114,21,6,2025-09-08 15:39:42.202,2025-09-08 15:39:42.202
1322,115,21,1,2025-09-08 15:39:42.209,2025-09-08 15:39:42.209
1323,116,21,5,2025-09-08 15:39:42.216,2025-09-08 15:39:42.216
1324,117,21,6,2025-09-08 15:39:42.222,2025-09-08 15:39:42.222
1325,118,21,6,2025-09-08 15:39:42.227,2025-09-08 15:39:42.227
1326,119,21,4,2025-09-08 15:39:42.237,2025-09-08 15:39:42.237
1327,120,21,4,2025-09-08 15:39:42.242,2025-09-08 15:39:42.242
1328,121,21,2,2025-09-08 15:39:42.252,2025-09-08 15:39:42.252
1329,122,21,6,2025-09-08 15:39:42.257,2025-09-08 15:39:42.257
1330,123,21,6,2025-09-08 15:39:42.263,2025-09-08 15:39:42.263
1331,124,21,6,2025-09-08 15:39:42.271,2025-09-08 15:39:42.271
1332,125,21,6,2025-09-08 15:39:42.277,2025-09-08 15:39:42.277
1333,126,21,4,2025-09-08 15:39:42.284,2025-09-08 15:39:42.284
1334,127,21,6,2025-09-08 15:39:42.293,2025-09-08 15:39:42.293
1335,128,21,4,2025-09-08 15:39:42.301,2025-09-08 15:39:42.301
1336,129,21,5,2025-09-08 15:39:42.308,2025-09-08 15:39:42.308
1337,130,21,6,2025-09-08 15:39:42.318,2025-09-08 15:39:42.318
1338,131,21,5,2025-09-08 15:39:42.326,2025-09-08 15:39:42.326
1339,132,21,4,2025-09-08 15:39:42.335,2025-09-08 15:39:42.335
1340,133,21,4,2025-09-08 15:39:42.343,2025-09-08 15:39:42.343
1341,134,21,7,2025-09-08 15:39:42.352,2025-09-08 15:39:42.352
1342,135,21,5,2025-09-08 15:39:42.361,2025-09-08 15:39:42.361
1343,136,21,4,2025-09-08 15:39:42.37,2025-09-08 15:39:42.37
1344,137,21,6,2025-09-08 15:39:42.378,2025-09-08 15:39:42.378
1345,138,21,7,2025-09-08 15:39:42.384,2025-09-08 15:39:42.384
1346,139,21,4,2025-09-08 15:39:42.389,2025-09-08 15:39:42.389
1347,140,21,5,2025-09-08 15:39:42.396,2025-09-08 15:39:42.396
1348,141,21,5,2025-09-08 15:39:42.402,2025-09-08 15:39:42.402
1349,142,21,4,2025-09-08 15:39:42.408,2025-09-08 15:39:42.408
1350,143,21,4,2025-09-08 15:39:42.413,2025-09-08 15:39:42.413
1351,144,21,4,2025-09-08 15:39:42.42,2025-09-08 15:39:42.42
1352,145,21,6,2025-09-08 15:39:42.426,2025-09-08 15:39:42.426
1353,146,21,5,2025-09-08 15:39:42.433,2025-09-08 15:39:42.433
1354,147,21,5,2025-09-08 15:39:42.44,2025-09-08 15:39:42.44
1355,148,21,5,2025-09-08 15:39:42.446,2025-09-08 15:39:42.446
1356,149,21,4,2025-09-08 15:39:42.452,2025-09-08 15:39:42.452
1357,150,21,6,2025-09-08 15:39:42.458,2025-09-08 15:39:42.458
1358,151,21,5,2025-09-08 15:39:42.464,2025-09-08 15:39:42.464
1359,152,21,4,2025-09-08 15:39:42.471,2025-09-08 15:39:42.471
1360,153,21,3,2025-09-08 15:39:42.477,2025-09-08 15:39:42.477
1361,154,21,4,2025-09-08 15:39:42.485,2025-09-08 15:39:42.485
1362,155,21,5,2025-09-08 15:39:42.491,2025-09-08 15:39:42.491
1363,156,21,4,2025-09-08 15:39:42.497,2025-09-08 15:39:42.497
1364,157,21,6,2025-09-08 15:39:42.503,2025-09-08 15:39:42.503
1365,158,21,3,2025-09-08 15:39:42.508,2025-09-08 15:39:42.508
1366,159,21,6,2025-09-08 15:39:42.516,2025-09-08 15:39:42.516
1367,160,21,5,2025-09-08 15:39:42.523,2025-09-08 15:39:42.523
1368,161,21,4,2025-09-08 15:39:42.529,2025-09-08 15:39:42.529
1369,162,21,4,2025-09-08 15:39:42.536,2025-09-08 15:39:42.536
1370,163,21,5,2025-09-08 15:39:42.542,2025-09-08 15:39:42.542
1371,164,21,6,2025-09-08 15:39:42.55,2025-09-08 15:39:42.55
1372,165,21,6,2025-09-08 15:39:42.556,2025-09-08 15:39:42.556
1373,166,21,3,2025-09-08 15:39:42.562,2025-09-08 15:39:42.562
1374,167,21,6,2025-09-08 15:39:42.569,2025-09-08 15:39:42.569
1375,168,21,7,2025-09-08 15:39:42.577,2025-09-08 15:39:42.577
1376,169,21,4,2025-09-08 15:39:42.586,2025-09-08 15:39:42.586
1377,170,21,6,2025-09-08 15:39:42.593,2025-09-08 15:39:42.593
1378,171,21,4,2025-09-08 15:39:42.605,2025-09-08 15:39:42.605
1379,172,21,3,2025-09-08 15:39:42.614,2025-09-08 15:39:42.614
1380,173,21,6,2025-09-08 15:39:42.621,2025-09-08 15:39:42.621
1381,174,21,4,2025-09-08 15:39:42.628,2025-09-08 15:39:42.628
1382,175,21,5,2025-09-08 15:39:42.636,2025-09-08 15:39:42.636
1383,176,21,6,2025-09-08 15:39:42.644,2025-09-08 15:39:42.644
1384,177,21,5,2025-09-08 15:39:42.652,2025-09-08 15:39:42.652
1385,178,21,5,2025-09-08 15:39:42.657,2025-09-08 15:39:42.657
1386,179,21,5,2025-09-08 15:39:42.664,2025-09-08 15:39:42.664
1387,180,21,5,2025-09-08 15:39:42.669,2025-09-08 15:39:42.669
1388,181,21,6,2025-09-08 15:39:42.675,2025-09-08 15:39:42.675
1389,182,21,4,2025-09-08 15:39:42.682,2025-09-08 15:39:42.682
1390,183,21,6,2025-09-08 15:39:42.688,2025-09-08 15:39:42.688
1391,184,21,7,2025-09-08 15:39:42.694,2025-09-08 15:39:42.694
1392,185,21,4,2025-09-08 15:39:42.701,2025-09-08 15:39:42.701
1393,186,21,6,2025-09-08 15:39:42.709,2025-09-08 15:39:42.709
1394,187,21,6,2025-09-08 15:39:42.715,2025-09-08 15:39:42.715
1395,188,21,4,2025-09-08 15:39:42.721,2025-09-08 15:39:42.721
1396,189,21,4,2025-09-08 15:39:42.727,2025-09-08 15:39:42.727
1397,190,21,3,2025-09-08 15:39:42.733,2025-09-08 15:39:42.733
1398,191,21,4,2025-09-08 15:39:42.739,2025-09-08 15:39:42.739
1399,192,21,5,2025-09-08 15:39:42.745,2025-09-08 15:39:42.745
1400,193,21,3,2025-09-08 15:39:42.751,2025-09-08 15:39:42.751
1401,194,21,6,2025-09-08 15:39:42.757,2025-09-08 15:39:42.757
1402,195,21,5,2025-09-08 15:39:42.761,2025-09-08 15:39:42.761
1403,196,21,5,2025-09-08 15:39:42.768,2025-09-08 15:39:42.768
1404,197,21,4,2025-09-08 15:39:42.773,2025-09-08 15:39:42.773
1405,198,21,5,2025-09-08 15:39:42.78,2025-09-08 15:39:42.78
1406,199,21,5,2025-09-08 15:39:42.787,2025-09-08 15:39:42.787
1407,200,21,5,2025-09-08 15:39:42.793,2025-09-08 15:39:42.793
1408,201,21,4,2025-09-08 15:39:42.798,2025-09-08 15:39:42.798
1409,202,21,6,2025-09-08 15:39:42.804,2025-09-08 15:39:42.804
1410,203,21,4,2025-09-08 15:39:42.81,2025-09-08 15:39:42.81
1411,204,21,6,2025-09-08 15:39:42.816,2025-09-08 15:39:42.816
1412,205,21,6,2025-09-08 15:39:42.822,2025-09-08 15:39:42.822
1413,206,21,7,2025-09-08 15:39:42.828,2025-09-08 15:39:42.828
1414,207,21,7,2025-09-08 15:39:42.835,2025-09-08 15:39:42.835
1415,208,21,4,2025-09-08 15:39:42.853,2025-09-08 15:39:42.853
1416,209,21,4,2025-09-08 15:39:42.861,2025-09-08 15:39:42.861
1417,210,21,6,2025-09-08 15:39:42.867,2025-09-08 15:39:42.867
1418,211,21,7,2025-09-08 15:39:42.875,2025-09-08 15:39:42.875
1419,212,21,5,2025-09-08 15:39:42.882,2025-09-08 15:39:42.882
1420,213,21,5,2025-09-08 15:39:42.89,2025-09-08 15:39:42.89
1421,214,21,4,2025-09-08 15:39:42.899,2025-09-08 15:39:42.899
1422,215,21,5,2025-09-08 15:39:42.906,2025-09-08 15:39:42.906
1423,216,21,5,2025-09-08 15:39:42.911,2025-09-08 15:39:42.911
1424,217,21,5,2025-09-08 15:39:42.915,2025-09-08 15:39:42.915
1425,218,21,5,2025-09-08 15:39:42.922,2025-09-08 15:39:42.922
1426,219,21,4,2025-09-08 15:39:42.928,2025-09-08 15:39:42.928
1427,220,21,5,2025-09-08 15:39:42.934,2025-09-08 15:39:42.934
1428,221,21,2,2025-09-08 15:39:42.941,2025-09-08 15:39:42.941
1429,222,21,3,2025-09-08 15:39:42.947,2025-09-08 15:39:42.947
1430,223,21,4,2025-09-08 15:39:42.955,2025-09-08 15:39:42.955
1431,224,21,4,2025-09-08 15:39:42.964,2025-09-08 15:39:42.964
1432,225,21,6,2025-09-08 15:39:42.973,2025-09-08 15:39:42.973
1433,226,21,5,2025-09-08 15:39:42.98,2025-09-08 15:39:42.98
1434,227,21,4,2025-09-08 15:39:42.988,2025-09-08 15:39:42.988
1435,228,21,4,2025-09-08 15:39:42.996,2025-09-08 15:39:42.996
1436,229,21,6,2025-09-08 15:39:43.003,2025-09-08 15:39:43.003
1437,230,21,7,2025-09-08 15:39:43.02,2025-09-08 15:39:43.02
1438,231,21,5,2025-09-08 15:39:43.027,2025-09-08 15:39:43.027
1439,232,21,5,2025-09-08 15:39:43.054,2025-09-08 15:39:43.054
1440,233,21,6,2025-09-08 15:39:43.072,2025-09-08 15:39:43.072
1441,234,21,6,2025-09-08 15:39:43.082,2025-09-08 15:39:43.082
1442,235,21,6,2025-09-08 15:39:43.09,2025-09-08 15:39:43.09
1443,236,21,7,2025-09-08 15:39:43.097,2025-09-08 15:39:43.097
1444,237,21,6,2025-09-08 15:39:43.106,2025-09-08 15:39:43.106
1445,238,21,5,2025-09-08 15:39:43.115,2025-09-08 15:39:43.115
1446,239,21,5,2025-09-08 15:39:43.123,2025-09-08 15:39:43.123
1447,240,21,6,2025-09-08 15:39:43.131,2025-09-08 15:39:43.131
1448,241,21,5,2025-09-08 15:39:43.141,2025-09-08 15:39:43.141
1449,242,21,5,2025-09-08 15:39:43.148,2025-09-08 15:39:43.148
1450,243,21,5,2025-09-08 15:39:43.156,2025-09-08 15:39:43.156
1451,244,21,6,2025-09-08 15:39:43.166,2025-09-08 15:39:43.166
1452,245,21,3,2025-09-08 15:39:43.175,2025-09-08 15:39:43.175
1453,246,21,6,2025-09-08 15:39:43.181,2025-09-08 15:39:43.181
1454,247,21,6,2025-09-08 15:39:43.189,2025-09-08 15:39:43.189
1455,248,21,4,2025-09-08 15:39:43.195,2025-09-08 15:39:43.195
1456,249,21,5,2025-09-08 15:39:43.202,2025-09-08 15:39:43.202
1457,250,21,6,2025-09-08 15:39:43.209,2025-09-08 15:39:43.209
1458,251,21,5,2025-09-08 15:39:43.218,2025-09-08 15:39:43.218
1459,252,21,4,2025-09-08 15:39:43.228,2025-09-08 15:39:43.228
1460,253,21,6,2025-09-08 15:39:43.236,2025-09-08 15:39:43.236
1461,254,21,6,2025-09-08 15:39:43.244,2025-09-08 15:39:43.244
1462,255,21,5,2025-09-08 15:39:43.251,2025-09-08 15:39:43.251
1463,256,21,5,2025-09-08 15:39:43.259,2025-09-08 15:39:43.259
1464,257,21,6,2025-09-08 15:39:43.267,2025-09-08 15:39:43.267
1465,258,21,4,2025-09-08 15:39:43.276,2025-09-08 15:39:43.276
1466,259,21,4,2025-09-08 15:39:43.285,2025-09-08 15:39:43.285
1467,260,21,5,2025-09-08 15:39:43.293,2025-09-08 15:39:43.293
1468,261,21,4,2025-09-08 15:39:43.301,2025-09-08 15:39:43.301
1469,262,21,5,2025-09-08 15:39:43.308,2025-09-08 15:39:43.308
1470,263,21,6,2025-09-08 15:39:43.315,2025-09-08 15:39:43.315
1471,264,21,4,2025-09-08 15:39:43.323,2025-09-08 15:39:43.323
1472,265,21,7,2025-09-08 15:39:43.331,2025-09-08 15:39:43.331
1473,266,21,4,2025-09-08 15:39:43.337,2025-09-08 15:39:43.337
1474,267,21,4,2025-09-08 15:39:43.356,2025-09-08 15:39:43.356
1475,268,21,5,2025-09-08 15:39:43.382,2025-09-08 15:39:43.382
1476,269,21,4,2025-09-08 15:39:43.39,2025-09-08 15:39:43.39
1477,270,21,6,2025-09-08 15:39:43.396,2025-09-08 15:39:43.396
1478,271,21,4,2025-09-08 15:39:43.404,2025-09-08 15:39:43.404
1479,272,21,6,2025-09-08 15:39:43.433,2025-09-08 15:39:43.433
1480,273,21,5,2025-09-08 15:39:43.456,2025-09-08 15:39:43.456
1481,274,21,7,2025-09-08 15:39:43.464,2025-09-08 15:39:43.464
1482,275,21,4,2025-09-08 15:39:43.474,2025-09-08 15:39:43.474
1483,276,21,5,2025-09-08 15:39:43.482,2025-09-08 15:39:43.482
1484,277,21,4,2025-09-08 15:39:43.491,2025-09-08 15:39:43.491
1485,278,21,4,2025-09-08 15:39:43.5,2025-09-08 15:39:43.5
1486,279,21,3,2025-09-08 15:39:43.508,2025-09-08 15:39:43.508
1487,280,21,5,2025-09-08 15:39:43.516,2025-09-08 15:39:43.516
1488,281,21,5,2025-09-08 15:39:43.525,2025-09-08 15:39:43.525
1489,282,21,5,2025-09-08 15:39:43.533,2025-09-08 15:39:43.533
1490,283,21,6,2025-09-08 15:39:43.541,2025-09-08 15:39:43.541
1491,284,21,5,2025-09-08 15:39:43.55,2025-09-08 15:39:43.55
1492,285,21,3,2025-09-08 15:39:43.557,2025-09-08 15:39:43.557
1493,286,21,5,2025-09-08 15:39:43.564,2025-09-08 15:39:43.564
1494,287,21,4,2025-09-08 15:39:43.573,2025-09-08 15:39:43.573
1495,288,21,6,2025-09-08 15:39:43.581,2025-09-08 15:39:43.581
1496,289,21,5,2025-09-08 15:39:43.588,2025-09-08 15:39:43.588
1497,290,21,4,2025-09-08 15:39:43.594,2025-09-08 15:39:43.594
1498,291,21,4,2025-09-08 15:39:43.599,2025-09-08 15:39:43.599
1499,292,21,4,2025-09-08 15:39:43.606,2025-09-08 15:39:43.606
1500,293,21,6,2025-09-08 15:39:43.612,2025-09-08 15:39:43.612
1501,294,21,5,2025-09-08 15:39:43.618,2025-09-08 15:39:43.618
1502,295,21,5,2025-09-08 15:39:43.625,2025-09-08 15:39:43.625
1503,296,21,6,2025-09-08 15:39:43.631,2025-09-08 15:39:43.631
1504,297,21,6,2025-09-08 15:39:43.637,2025-09-08 15:39:43.637
1505,298,21,5,2025-09-08 15:39:43.643,2025-09-08 15:39:43.643
1506,299,21,5,2025-09-08 15:39:43.648,2025-09-08 15:39:43.648
1507,300,21,4,2025-09-08 15:39:43.655,2025-09-08 15:39:43.655
1508,301,21,4,2025-09-08 15:39:43.66,2025-09-08 15:39:43.66
1509,302,21,5,2025-09-08 15:39:43.665,2025-09-08 15:39:43.665
1510,303,21,4,2025-09-08 15:39:43.671,2025-09-08 15:39:43.671
1511,304,21,7,2025-09-08 15:39:43.677,2025-09-08 15:39:43.677
1512,305,21,5,2025-09-08 15:39:43.682,2025-09-08 15:39:43.682
1513,306,21,4,2025-09-08 15:39:43.689,2025-09-08 15:39:43.689
1514,307,21,6,2025-09-08 15:39:43.696,2025-09-08 15:39:43.696
1515,308,21,6,2025-09-08 15:39:43.702,2025-09-08 15:39:43.702
1516,309,21,6,2025-09-08 15:39:43.709,2025-09-08 15:39:43.709
1517,310,21,4,2025-09-08 15:39:43.716,2025-09-08 15:39:43.716
1518,311,21,5,2025-09-08 15:39:43.723,2025-09-08 15:39:43.723
1519,312,21,5,2025-09-08 15:39:43.729,2025-09-08 15:39:43.729
1520,313,21,6,2025-09-08 15:39:43.735,2025-09-08 15:39:43.735
1521,314,21,4,2025-09-08 15:39:43.742,2025-09-08 15:39:43.742
1522,315,21,6,2025-09-08 15:39:43.747,2025-09-08 15:39:43.747
1523,316,21,6,2025-09-08 15:39:43.754,2025-09-08 15:39:43.754
1524,317,21,6,2025-09-08 15:39:43.761,2025-09-08 15:39:43.761
1525,318,21,6,2025-09-08 15:39:43.767,2025-09-08 15:39:43.767
1526,319,21,5,2025-09-08 15:39:43.776,2025-09-08 15:39:43.776
1527,320,21,6,2025-09-08 15:39:43.782,2025-09-08 15:39:43.782
1528,321,21,6,2025-09-08 15:39:43.788,2025-09-08 15:39:43.788
1529,322,21,6,2025-09-08 15:39:43.795,2025-09-08 15:39:43.795
1530,323,21,5,2025-09-08 15:39:43.804,2025-09-08 15:39:43.804
1531,324,21,4,2025-09-08 15:39:43.811,2025-09-08 15:39:43.811
1532,325,21,5,2025-09-08 15:39:43.816,2025-09-08 15:39:43.816
1533,326,21,4,2025-09-08 15:39:43.822,2025-09-08 15:39:43.822
1534,327,21,4,2025-09-08 15:39:43.828,2025-09-08 15:39:43.828
1535,328,21,4,2025-09-08 15:39:43.833,2025-09-08 15:39:43.833
1536,329,21,6,2025-09-08 15:39:43.839,2025-09-08 15:39:43.839
1537,330,21,4,2025-09-08 15:39:43.844,2025-09-08 15:39:43.844
1538,331,21,4,2025-09-08 15:39:43.849,2025-09-08 15:39:43.849
1539,332,21,4,2025-09-08 15:39:43.856,2025-09-08 15:39:43.856
1540,333,21,4,2025-09-08 15:39:43.863,2025-09-08 15:39:43.863
1541,334,21,5,2025-09-08 15:39:43.868,2025-09-08 15:39:43.868
1542,335,21,3,2025-09-08 15:39:43.875,2025-09-08 15:39:43.875
1543,336,21,5,2025-09-08 15:39:43.88,2025-09-08 15:39:43.88
1544,337,21,5,2025-09-08 15:39:43.885,2025-09-08 15:39:43.885
1545,338,21,5,2025-09-08 15:39:43.893,2025-09-08 15:39:43.893
1546,339,21,6,2025-09-08 15:39:43.9,2025-09-08 15:39:43.9
1547,340,21,4,2025-09-08 15:39:43.908,2025-09-08 15:39:43.908
1548,341,21,5,2025-09-08 15:39:43.915,2025-09-08 15:39:43.915
1549,342,21,6,2025-09-08 15:39:43.922,2025-09-08 15:39:43.922
1550,343,21,5,2025-09-08 15:39:43.93,2025-09-08 15:39:43.93
1551,344,21,5,2025-09-08 15:39:43.935,2025-09-08 15:39:43.935
1552,345,21,6,2025-09-08 15:39:43.941,2025-09-08 15:39:43.941
1553,346,21,5,2025-09-08 15:39:43.947,2025-09-08 15:39:43.947
1554,347,21,4,2025-09-08 15:39:43.953,2025-09-08 15:39:43.953
1555,348,21,5,2025-09-08 15:39:43.96,2025-09-08 15:39:43.96
1556,349,21,4,2025-09-08 15:39:43.967,2025-09-08 15:39:43.967
1557,350,21,4,2025-09-08 15:39:43.976,2025-09-08 15:39:43.976
1558,351,21,4,2025-09-08 15:39:43.986,2025-09-08 15:39:43.986
1559,352,21,4,2025-09-08 15:39:43.994,2025-09-08 15:39:43.994
1560,353,21,4,2025-09-08 15:39:44.002,2025-09-08 15:39:44.002
1561,354,21,4,2025-09-08 15:39:44.009,2025-09-08 15:39:44.009
1562,355,21,4,2025-09-08 15:39:44.021,2025-09-08 15:39:44.021
1563,356,21,6,2025-09-08 15:39:44.029,2025-09-08 15:39:44.029
1564,357,21,6,2025-09-08 15:39:44.037,2025-09-08 15:39:44.037
1565,358,21,4,2025-09-08 15:39:44.045,2025-09-08 15:39:44.045
1566,359,21,5,2025-09-08 15:39:44.052,2025-09-08 15:39:44.052
1567,360,21,4,2025-09-08 15:39:44.059,2025-09-08 15:39:44.059
1568,361,21,6,2025-09-08 15:39:44.067,2025-09-08 15:39:44.067
1569,362,21,5,2025-09-08 15:39:44.073,2025-09-08 15:39:44.073
1570,363,21,5,2025-09-08 15:39:44.08,2025-09-08 15:39:44.08
1571,364,21,6,2025-09-08 15:39:44.085,2025-09-08 15:39:44.085
1572,365,21,6,2025-09-08 15:39:44.09,2025-09-08 15:39:44.09
1573,366,21,6,2025-09-08 15:39:44.097,2025-09-08 15:39:44.097
1574,367,21,5,2025-09-08 15:39:44.101,2025-09-08 15:39:44.101
1575,368,21,4,2025-09-08 15:39:44.106,2025-09-08 15:39:44.106
1576,369,21,4,2025-09-08 15:39:44.114,2025-09-08 15:39:44.114
1577,9,20,7,2025-09-08 15:39:44.12,2025-09-08 15:39:44.12
1578,10,20,4,2025-09-08 15:39:44.127,2025-09-08 15:39:44.127
1579,11,20,6,2025-09-08 15:39:44.135,2025-09-08 15:39:44.135
1580,12,20,3,2025-09-08 15:39:44.143,2025-09-08 15:39:44.143
1581,13,20,5,2025-09-08 15:39:44.151,2025-09-08 15:39:44.151
1582,14,20,3,2025-09-08 15:39:44.159,2025-09-08 15:39:44.159
1583,15,20,4,2025-09-08 15:39:44.166,2025-09-08 15:39:44.166
1584,16,20,5,2025-09-08 15:39:44.176,2025-09-08 15:39:44.176
1585,17,20,3,2025-09-08 15:39:44.183,2025-09-08 15:39:44.183
1586,18,20,7,2025-09-08 15:39:44.19,2025-09-08 15:39:44.19
1587,19,20,6,2025-09-08 15:39:44.199,2025-09-08 15:39:44.199
1588,20,20,4,2025-09-08 15:39:44.207,2025-09-08 15:39:44.207
1589,21,20,5,2025-09-08 15:39:44.214,2025-09-08 15:39:44.214
1590,22,20,5,2025-09-08 15:39:44.221,2025-09-08 15:39:44.221
1591,23,20,4,2025-09-08 15:39:44.23,2025-09-08 15:39:44.23
1592,24,20,4,2025-09-08 15:39:44.237,2025-09-08 15:39:44.237
1593,25,20,5,2025-09-08 15:39:44.255,2025-09-08 15:39:44.255
1594,26,20,5,2025-09-08 15:39:44.271,2025-09-08 15:39:44.271
1595,27,20,5,2025-09-08 15:39:44.28,2025-09-08 15:39:44.28
1596,28,20,5,2025-09-08 15:39:44.296,2025-09-08 15:39:44.296
1597,29,20,5,2025-09-08 15:39:44.305,2025-09-08 15:39:44.305
1598,30,20,6,2025-09-08 15:39:44.314,2025-09-08 15:39:44.314
1599,31,20,4,2025-09-08 15:39:44.321,2025-09-08 15:39:44.321
1600,32,20,6,2025-09-08 15:39:44.329,2025-09-08 15:39:44.329
1601,33,20,5,2025-09-08 15:39:44.336,2025-09-08 15:39:44.336
1602,34,20,5,2025-09-08 15:39:44.345,2025-09-08 15:39:44.345
1603,35,20,5,2025-09-08 15:39:44.353,2025-09-08 15:39:44.353
1604,36,20,4,2025-09-08 15:39:44.36,2025-09-08 15:39:44.36
1605,37,20,6,2025-09-08 15:39:44.368,2025-09-08 15:39:44.368
1606,38,20,5,2025-09-08 15:39:44.376,2025-09-08 15:39:44.376
1607,39,20,4,2025-09-08 15:39:44.384,2025-09-08 15:39:44.384
1608,40,20,4,2025-09-08 15:39:44.391,2025-09-08 15:39:44.391
1609,41,20,4,2025-09-08 15:39:44.399,2025-09-08 15:39:44.399
1610,42,20,6,2025-09-08 15:39:44.406,2025-09-08 15:39:44.406
1611,43,20,6,2025-09-08 15:39:44.413,2025-09-08 15:39:44.413
1612,44,20,6,2025-09-08 15:39:44.418,2025-09-08 15:39:44.418
1613,45,20,5,2025-09-08 15:39:44.423,2025-09-08 15:39:44.423
1614,46,20,5,2025-09-08 15:39:44.429,2025-09-08 15:39:44.429
1615,47,20,7,2025-09-08 15:39:44.436,2025-09-08 15:39:44.436
1616,48,20,4,2025-09-08 15:39:44.441,2025-09-08 15:39:44.441
1617,49,20,6,2025-09-08 15:39:44.448,2025-09-08 15:39:44.448
1618,50,20,6,2025-09-08 15:39:44.454,2025-09-08 15:39:44.454
1619,51,20,6,2025-09-08 15:39:44.46,2025-09-08 15:39:44.46
1620,52,20,4,2025-09-08 15:39:44.467,2025-09-08 15:39:44.467
1621,53,20,5,2025-09-08 15:39:44.473,2025-09-08 15:39:44.473
1622,54,20,6,2025-09-08 15:39:44.48,2025-09-08 15:39:44.48
1623,55,20,7,2025-09-08 15:39:44.485,2025-09-08 15:39:44.485
1624,56,20,4,2025-09-08 15:39:44.491,2025-09-08 15:39:44.491
1625,57,20,6,2025-09-08 15:39:44.497,2025-09-08 15:39:44.497
1626,58,20,5,2025-09-08 15:39:44.505,2025-09-08 15:39:44.505
1627,59,20,6,2025-09-08 15:39:44.513,2025-09-08 15:39:44.513
1628,60,20,4,2025-09-08 15:39:44.52,2025-09-08 15:39:44.52
1629,61,20,6,2025-09-08 15:39:44.526,2025-09-08 15:39:44.526
1630,62,20,7,2025-09-08 15:39:44.539,2025-09-08 15:39:44.539
1631,63,20,6,2025-09-08 15:39:44.546,2025-09-08 15:39:44.546
1632,64,20,4,2025-09-08 15:39:44.553,2025-09-08 15:39:44.553
1633,65,20,5,2025-09-08 15:39:44.561,2025-09-08 15:39:44.561
1634,66,20,6,2025-09-08 15:39:44.569,2025-09-08 15:39:44.569
1635,67,20,6,2025-09-08 15:39:44.576,2025-09-08 15:39:44.576
1636,68,20,4,2025-09-08 15:39:44.583,2025-09-08 15:39:44.583
1637,69,20,4,2025-09-08 15:39:44.592,2025-09-08 15:39:44.592
1638,70,20,4,2025-09-08 15:39:44.599,2025-09-08 15:39:44.599
1639,71,20,6,2025-09-08 15:39:44.606,2025-09-08 15:39:44.606
1640,72,20,5,2025-09-08 15:39:44.613,2025-09-08 15:39:44.613
1641,73,20,6,2025-09-08 15:39:44.622,2025-09-08 15:39:44.622
1642,74,20,2,2025-09-08 15:39:44.631,2025-09-08 15:39:44.631
1643,75,20,3,2025-09-08 15:39:44.641,2025-09-08 15:39:44.641
1644,76,20,6,2025-09-08 15:39:44.648,2025-09-08 15:39:44.648
1645,77,20,5,2025-09-08 15:39:44.656,2025-09-08 15:39:44.656
1646,78,20,6,2025-09-08 15:39:44.663,2025-09-08 15:39:44.663
1647,79,20,4,2025-09-08 15:39:44.672,2025-09-08 15:39:44.672
1648,80,20,7,2025-09-08 15:39:44.679,2025-09-08 15:39:44.679
1649,81,20,6,2025-09-08 15:39:44.687,2025-09-08 15:39:44.687
1650,82,20,6,2025-09-08 15:39:44.693,2025-09-08 15:39:44.693
1651,83,20,4,2025-09-08 15:39:44.702,2025-09-08 15:39:44.702
1652,84,20,5,2025-09-08 15:39:44.71,2025-09-08 15:39:44.71
1653,85,20,7,2025-09-08 15:39:44.723,2025-09-08 15:39:44.723
1654,86,20,6,2025-09-08 15:39:44.73,2025-09-08 15:39:44.73
1655,87,20,4,2025-09-08 15:39:44.737,2025-09-08 15:39:44.737
1656,88,20,6,2025-09-08 15:39:44.743,2025-09-08 15:39:44.743
1657,89,20,2,2025-09-08 15:39:44.749,2025-09-08 15:39:44.749
1658,90,20,5,2025-09-08 15:39:44.757,2025-09-08 15:39:44.757
1659,91,20,4,2025-09-08 15:39:44.763,2025-09-08 15:39:44.763
1660,92,20,4,2025-09-08 15:39:44.77,2025-09-08 15:39:44.77
1661,93,20,4,2025-09-08 15:39:44.777,2025-09-08 15:39:44.777
1662,94,20,6,2025-09-08 15:39:44.784,2025-09-08 15:39:44.784
1663,95,20,4,2025-09-08 15:39:44.791,2025-09-08 15:39:44.791
1664,96,20,6,2025-09-08 15:39:44.799,2025-09-08 15:39:44.799
1665,97,20,3,2025-09-08 15:39:44.807,2025-09-08 15:39:44.807
1666,98,20,4,2025-09-08 15:39:44.814,2025-09-08 15:39:44.814
1667,99,20,4,2025-09-08 15:39:44.822,2025-09-08 15:39:44.822
1668,100,20,6,2025-09-08 15:39:44.828,2025-09-08 15:39:44.828
1669,101,20,5,2025-09-08 15:39:44.836,2025-09-08 15:39:44.836
1670,102,20,5,2025-09-08 15:39:44.843,2025-09-08 15:39:44.843
1671,103,20,4,2025-09-08 15:39:44.85,2025-09-08 15:39:44.85
1672,104,20,7,2025-09-08 15:39:44.857,2025-09-08 15:39:44.857
1673,105,20,5,2025-09-08 15:39:44.864,2025-09-08 15:39:44.864
1674,106,20,5,2025-09-08 15:39:44.871,2025-09-08 15:39:44.871
1675,107,20,5,2025-09-08 15:39:44.878,2025-09-08 15:39:44.878
1676,108,20,6,2025-09-08 15:39:44.901,2025-09-08 15:39:44.901
1677,109,20,4,2025-09-08 15:39:44.909,2025-09-08 15:39:44.909
1678,110,20,5,2025-09-08 15:39:44.917,2025-09-08 15:39:44.917
1679,111,20,5,2025-09-08 15:39:44.937,2025-09-08 15:39:44.937
1680,112,20,5,2025-09-08 15:39:44.944,2025-09-08 15:39:44.944
1681,113,20,5,2025-09-08 15:39:44.961,2025-09-08 15:39:44.961
1682,114,20,6,2025-09-08 15:39:44.97,2025-09-08 15:39:44.97
1683,115,20,4,2025-09-08 15:39:44.977,2025-09-08 15:39:44.977
1684,116,20,6,2025-09-08 15:39:44.985,2025-09-08 15:39:44.985
1685,117,20,6,2025-09-08 15:39:44.995,2025-09-08 15:39:44.995
1686,118,20,6,2025-09-08 15:39:45.005,2025-09-08 15:39:45.005
1687,119,20,4,2025-09-08 15:39:45.012,2025-09-08 15:39:45.012
1688,120,20,3,2025-09-08 15:39:45.02,2025-09-08 15:39:45.02
1689,121,20,4,2025-09-08 15:39:45.026,2025-09-08 15:39:45.026
1690,122,20,6,2025-09-08 15:39:45.034,2025-09-08 15:39:45.034
1691,123,20,6,2025-09-08 15:39:45.041,2025-09-08 15:39:45.041
1692,124,20,7,2025-09-08 15:39:45.048,2025-09-08 15:39:45.048
1693,125,20,7,2025-09-08 15:39:45.054,2025-09-08 15:39:45.054
1694,126,20,4,2025-09-08 15:39:45.059,2025-09-08 15:39:45.059
1695,127,20,6,2025-09-08 15:39:45.064,2025-09-08 15:39:45.064
1696,128,20,4,2025-09-08 15:39:45.072,2025-09-08 15:39:45.072
1697,129,20,7,2025-09-08 15:39:45.077,2025-09-08 15:39:45.077
1698,130,20,6,2025-09-08 15:39:45.083,2025-09-08 15:39:45.083
1699,131,20,6,2025-09-08 15:39:45.09,2025-09-08 15:39:45.09
1700,132,20,4,2025-09-08 15:39:45.095,2025-09-08 15:39:45.095
1701,133,20,4,2025-09-08 15:39:45.103,2025-09-08 15:39:45.103
1702,134,20,7,2025-09-08 15:39:45.11,2025-09-08 15:39:45.11
1703,135,20,5,2025-09-08 15:39:45.117,2025-09-08 15:39:45.117
1704,136,20,4,2025-09-08 15:39:45.122,2025-09-08 15:39:45.122
1705,137,20,6,2025-09-08 15:39:45.128,2025-09-08 15:39:45.128
1706,138,20,6,2025-09-08 15:39:45.136,2025-09-08 15:39:45.136
1707,139,20,4,2025-09-08 15:39:45.141,2025-09-08 15:39:45.141
1708,140,20,5,2025-09-08 15:39:45.147,2025-09-08 15:39:45.147
1709,141,20,6,2025-09-08 15:39:45.154,2025-09-08 15:39:45.154
1710,142,20,4,2025-09-08 15:39:45.158,2025-09-08 15:39:45.158
1711,143,20,4,2025-09-08 15:39:45.164,2025-09-08 15:39:45.164
1712,144,20,4,2025-09-08 15:39:45.17,2025-09-08 15:39:45.17
1713,145,20,6,2025-09-08 15:39:45.176,2025-09-08 15:39:45.176
1714,146,20,5,2025-09-08 15:39:45.183,2025-09-08 15:39:45.183
1715,147,20,5,2025-09-08 15:39:45.189,2025-09-08 15:39:45.189
1716,148,20,6,2025-09-08 15:39:45.194,2025-09-08 15:39:45.194
1717,149,20,4,2025-09-08 15:39:45.201,2025-09-08 15:39:45.201
1718,150,20,6,2025-09-08 15:39:45.207,2025-09-08 15:39:45.207
1719,151,20,6,2025-09-08 15:39:45.213,2025-09-08 15:39:45.213
1720,152,20,4,2025-09-08 15:39:45.219,2025-09-08 15:39:45.219
1721,153,20,4,2025-09-08 15:39:45.225,2025-09-08 15:39:45.225
1722,154,20,4,2025-09-08 15:39:45.231,2025-09-08 15:39:45.231
1723,155,20,6,2025-09-08 15:39:45.238,2025-09-08 15:39:45.238
1724,156,20,4,2025-09-08 15:39:45.245,2025-09-08 15:39:45.245
1725,157,20,6,2025-09-08 15:39:45.253,2025-09-08 15:39:45.253
1726,158,20,3,2025-09-08 15:39:45.26,2025-09-08 15:39:45.26
1727,159,20,6,2025-09-08 15:39:45.267,2025-09-08 15:39:45.267
1728,160,20,6,2025-09-08 15:39:45.275,2025-09-08 15:39:45.275
1729,161,20,4,2025-09-08 15:39:45.283,2025-09-08 15:39:45.283
1730,162,20,4,2025-09-08 15:39:45.292,2025-09-08 15:39:45.292
1731,163,20,4,2025-09-08 15:39:45.3,2025-09-08 15:39:45.3
1732,164,20,6,2025-09-08 15:39:45.308,2025-09-08 15:39:45.308
1733,165,20,6,2025-09-08 15:39:45.316,2025-09-08 15:39:45.316
1734,166,20,3,2025-09-08 15:39:45.324,2025-09-08 15:39:45.324
1735,167,20,6,2025-09-08 15:39:45.333,2025-09-08 15:39:45.333
1736,168,20,7,2025-09-08 15:39:45.341,2025-09-08 15:39:45.341
1737,169,20,5,2025-09-08 15:39:45.349,2025-09-08 15:39:45.349
1738,170,20,6,2025-09-08 15:39:45.357,2025-09-08 15:39:45.357
1739,171,20,4,2025-09-08 15:39:45.366,2025-09-08 15:39:45.366
1740,172,20,3,2025-09-08 15:39:45.372,2025-09-08 15:39:45.372
1741,173,20,6,2025-09-08 15:39:45.378,2025-09-08 15:39:45.378
1742,174,20,4,2025-09-08 15:39:45.383,2025-09-08 15:39:45.383
1743,175,20,5,2025-09-08 15:39:45.39,2025-09-08 15:39:45.39
1744,176,20,6,2025-09-08 15:39:45.396,2025-09-08 15:39:45.396
1745,177,20,5,2025-09-08 15:39:45.402,2025-09-08 15:39:45.402
1746,178,20,5,2025-09-08 15:39:45.409,2025-09-08 15:39:45.409
1747,179,20,5,2025-09-08 15:39:45.415,2025-09-08 15:39:45.415
1748,180,20,6,2025-09-08 15:39:45.422,2025-09-08 15:39:45.422
1749,181,20,7,2025-09-08 15:39:45.43,2025-09-08 15:39:45.43
1750,182,20,4,2025-09-08 15:39:45.439,2025-09-08 15:39:45.439
1751,183,20,7,2025-09-08 15:39:45.447,2025-09-08 15:39:45.447
1752,184,20,7,2025-09-08 15:39:45.455,2025-09-08 15:39:45.455
1753,185,20,5,2025-09-08 15:39:45.463,2025-09-08 15:39:45.463
1754,186,20,6,2025-09-08 15:39:45.471,2025-09-08 15:39:45.471
1755,187,20,5,2025-09-08 15:39:45.478,2025-09-08 15:39:45.478
1756,188,20,4,2025-09-08 15:39:45.485,2025-09-08 15:39:45.485
1757,189,20,6,2025-09-08 15:39:45.493,2025-09-08 15:39:45.493
1758,190,20,3,2025-09-08 15:39:45.5,2025-09-08 15:39:45.5
1759,191,20,4,2025-09-08 15:39:45.508,2025-09-08 15:39:45.508
1760,192,20,5,2025-09-08 15:39:45.515,2025-09-08 15:39:45.515
1761,193,20,3,2025-09-08 15:39:45.522,2025-09-08 15:39:45.522
1762,194,20,6,2025-09-08 15:39:45.528,2025-09-08 15:39:45.528
1763,195,20,5,2025-09-08 15:39:45.535,2025-09-08 15:39:45.535
1764,196,20,5,2025-09-08 15:39:45.542,2025-09-08 15:39:45.542
1765,197,20,4,2025-09-08 15:39:45.548,2025-09-08 15:39:45.548
1766,198,20,6,2025-09-08 15:39:45.555,2025-09-08 15:39:45.555
1767,199,20,5,2025-09-08 15:39:45.561,2025-09-08 15:39:45.561
1768,200,20,5,2025-09-08 15:39:45.568,2025-09-08 15:39:45.568
1769,201,20,4,2025-09-08 15:39:45.573,2025-09-08 15:39:45.573
1770,202,20,5,2025-09-08 15:39:45.579,2025-09-08 15:39:45.579
1771,203,20,4,2025-09-08 15:39:45.585,2025-09-08 15:39:45.585
1772,204,20,6,2025-09-08 15:39:45.592,2025-09-08 15:39:45.592
1773,205,20,6,2025-09-08 15:39:45.598,2025-09-08 15:39:45.598
1774,206,20,6,2025-09-08 15:39:45.606,2025-09-08 15:39:45.606
1775,207,20,7,2025-09-08 15:39:45.613,2025-09-08 15:39:45.613
1776,208,20,4,2025-09-08 15:39:45.62,2025-09-08 15:39:45.62
1777,209,20,6,2025-09-08 15:39:45.626,2025-09-08 15:39:45.626
1778,210,20,6,2025-09-08 15:39:45.632,2025-09-08 15:39:45.632
1779,211,20,7,2025-09-08 15:39:45.64,2025-09-08 15:39:45.64
1780,212,20,5,2025-09-08 15:39:45.648,2025-09-08 15:39:45.648
1781,213,20,5,2025-09-08 15:39:45.654,2025-09-08 15:39:45.654
1782,214,20,4,2025-09-08 15:39:45.66,2025-09-08 15:39:45.66
1783,215,20,4,2025-09-08 15:39:45.666,2025-09-08 15:39:45.666
1784,216,20,5,2025-09-08 15:39:45.674,2025-09-08 15:39:45.674
1785,217,20,5,2025-09-08 15:39:45.683,2025-09-08 15:39:45.683
1786,218,20,5,2025-09-08 15:39:45.692,2025-09-08 15:39:45.692
1787,219,20,4,2025-09-08 15:39:45.706,2025-09-08 15:39:45.706
1788,220,20,5,2025-09-08 15:39:45.714,2025-09-08 15:39:45.714
1789,221,20,2,2025-09-08 15:39:45.72,2025-09-08 15:39:45.72
1790,222,20,4,2025-09-08 15:39:45.726,2025-09-08 15:39:45.726
1791,223,20,4,2025-09-08 15:39:45.732,2025-09-08 15:39:45.732
1792,224,20,3,2025-09-08 15:39:45.74,2025-09-08 15:39:45.74
1793,225,20,6,2025-09-08 15:39:45.746,2025-09-08 15:39:45.746
1794,226,20,5,2025-09-08 15:39:45.752,2025-09-08 15:39:45.752
1795,227,20,4,2025-09-08 15:39:45.759,2025-09-08 15:39:45.759
1796,228,20,5,2025-09-08 15:39:45.765,2025-09-08 15:39:45.765
1797,229,20,6,2025-09-08 15:39:45.771,2025-09-08 15:39:45.771
1798,230,20,6,2025-09-08 15:39:45.776,2025-09-08 15:39:45.776
1799,231,20,6,2025-09-08 15:39:45.783,2025-09-08 15:39:45.783
1800,232,20,5,2025-09-08 15:39:45.79,2025-09-08 15:39:45.79
1801,233,20,6,2025-09-08 15:39:45.796,2025-09-08 15:39:45.796
1802,234,20,6,2025-09-08 15:39:45.802,2025-09-08 15:39:45.802
1803,235,20,6,2025-09-08 15:39:45.809,2025-09-08 15:39:45.809
1804,236,20,7,2025-09-08 15:39:45.814,2025-09-08 15:39:45.814
1805,237,20,6,2025-09-08 15:39:45.82,2025-09-08 15:39:45.82
1806,238,20,4,2025-09-08 15:39:45.827,2025-09-08 15:39:45.827
1807,239,20,4,2025-09-08 15:39:45.833,2025-09-08 15:39:45.833
1808,240,20,6,2025-09-08 15:39:45.841,2025-09-08 15:39:45.841
1809,241,20,5,2025-09-08 15:39:45.847,2025-09-08 15:39:45.847
1810,242,20,5,2025-09-08 15:39:45.854,2025-09-08 15:39:45.854
1811,243,20,5,2025-09-08 15:39:45.86,2025-09-08 15:39:45.86
1812,244,20,6,2025-09-08 15:39:45.866,2025-09-08 15:39:45.866
1813,245,20,6,2025-09-08 15:39:45.872,2025-09-08 15:39:45.872
1814,246,20,6,2025-09-08 15:39:45.879,2025-09-08 15:39:45.879
1815,247,20,5,2025-09-08 15:39:45.884,2025-09-08 15:39:45.884
1816,248,20,4,2025-09-08 15:39:45.891,2025-09-08 15:39:45.891
1817,249,20,5,2025-09-08 15:39:45.898,2025-09-08 15:39:45.898
1818,250,20,6,2025-09-08 15:39:45.906,2025-09-08 15:39:45.906
1819,251,20,6,2025-09-08 15:39:45.913,2025-09-08 15:39:45.913
1820,252,20,1,2025-09-08 15:39:45.92,2025-09-08 15:39:45.92
1821,253,20,6,2025-09-08 15:39:45.928,2025-09-08 15:39:45.928
1822,254,20,6,2025-09-08 15:39:45.934,2025-09-08 15:39:45.934
1823,255,20,5,2025-09-08 15:39:45.943,2025-09-08 15:39:45.943
1824,256,20,5,2025-09-08 15:39:45.949,2025-09-08 15:39:45.949
1825,257,20,6,2025-09-08 15:39:45.962,2025-09-08 15:39:45.962
1826,258,20,4,2025-09-08 15:39:45.968,2025-09-08 15:39:45.968
1827,259,20,4,2025-09-08 15:39:45.975,2025-09-08 15:39:45.975
1828,260,20,5,2025-09-08 15:39:45.98,2025-09-08 15:39:45.98
1829,261,20,4,2025-09-08 15:39:45.985,2025-09-08 15:39:45.985
1830,262,20,6,2025-09-08 15:39:45.99,2025-09-08 15:39:45.99
1831,263,20,6,2025-09-08 15:39:45.996,2025-09-08 15:39:45.996
1832,264,20,4,2025-09-08 15:39:46.001,2025-09-08 15:39:46.001
1833,265,20,7,2025-09-08 15:39:46.009,2025-09-08 15:39:46.009
1834,266,20,4,2025-09-08 15:39:46.016,2025-09-08 15:39:46.016
1835,267,20,3,2025-09-08 15:39:46.024,2025-09-08 15:39:46.024
1836,268,20,5,2025-09-08 15:39:46.032,2025-09-08 15:39:46.032
1837,269,20,4,2025-09-08 15:39:46.04,2025-09-08 15:39:46.04
1838,270,20,4,2025-09-08 15:39:46.048,2025-09-08 15:39:46.048
1839,271,20,2,2025-09-08 15:39:46.055,2025-09-08 15:39:46.055
1840,272,20,6,2025-09-08 15:39:46.064,2025-09-08 15:39:46.064
1841,273,20,5,2025-09-08 15:39:46.071,2025-09-08 15:39:46.071
1842,274,20,7,2025-09-08 15:39:46.079,2025-09-08 15:39:46.079
1843,275,20,4,2025-09-08 15:39:46.086,2025-09-08 15:39:46.086
1844,276,20,5,2025-09-08 15:39:46.094,2025-09-08 15:39:46.094
1845,277,20,4,2025-09-08 15:39:46.101,2025-09-08 15:39:46.101
1846,278,20,4,2025-09-08 15:39:46.11,2025-09-08 15:39:46.11
1847,279,20,3,2025-09-08 15:39:46.118,2025-09-08 15:39:46.118
1848,280,20,5,2025-09-08 15:39:46.126,2025-09-08 15:39:46.126
1849,281,20,5,2025-09-08 15:39:46.133,2025-09-08 15:39:46.133
1850,282,20,6,2025-09-08 15:39:46.141,2025-09-08 15:39:46.141
1851,283,20,6,2025-09-08 15:39:46.148,2025-09-08 15:39:46.148
1852,284,20,5,2025-09-08 15:39:46.155,2025-09-08 15:39:46.155
1853,285,20,3,2025-09-08 15:39:46.16,2025-09-08 15:39:46.16
1854,286,20,5,2025-09-08 15:39:46.166,2025-09-08 15:39:46.166
1855,287,20,4,2025-09-08 15:39:46.173,2025-09-08 15:39:46.173
1856,288,20,6,2025-09-08 15:39:46.18,2025-09-08 15:39:46.18
1857,289,20,5,2025-09-08 15:39:46.186,2025-09-08 15:39:46.186
1858,290,20,4,2025-09-08 15:39:46.208,2025-09-08 15:39:46.208
1859,291,20,4,2025-09-08 15:39:46.224,2025-09-08 15:39:46.224
1860,292,20,4,2025-09-08 15:39:46.232,2025-09-08 15:39:46.232
1861,293,20,5,2025-09-08 15:39:46.244,2025-09-08 15:39:46.244
1862,294,20,5,2025-09-08 15:39:46.251,2025-09-08 15:39:46.251
1863,295,20,5,2025-09-08 15:39:46.258,2025-09-08 15:39:46.258
1864,296,20,6,2025-09-08 15:39:46.265,2025-09-08 15:39:46.265
1865,297,20,6,2025-09-08 15:39:46.276,2025-09-08 15:39:46.276
1866,298,20,5,2025-09-08 15:39:46.284,2025-09-08 15:39:46.284
1867,299,20,6,2025-09-08 15:39:46.303,2025-09-08 15:39:46.303
1868,300,20,4,2025-09-08 15:39:46.312,2025-09-08 15:39:46.312
1869,301,20,4,2025-09-08 15:39:46.319,2025-09-08 15:39:46.319
1870,302,20,6,2025-09-08 15:39:46.328,2025-09-08 15:39:46.328
1871,303,20,4,2025-09-08 15:39:46.337,2025-09-08 15:39:46.337
1872,304,20,7,2025-09-08 15:39:46.346,2025-09-08 15:39:46.346
1873,305,20,5,2025-09-08 15:39:46.353,2025-09-08 15:39:46.353
1874,306,20,4,2025-09-08 15:39:46.361,2025-09-08 15:39:46.361
1875,307,20,6,2025-09-08 15:39:46.369,2025-09-08 15:39:46.369
1876,308,20,6,2025-09-08 15:39:46.377,2025-09-08 15:39:46.377
1877,309,20,6,2025-09-08 15:39:46.385,2025-09-08 15:39:46.385
1878,310,20,4,2025-09-08 15:39:46.392,2025-09-08 15:39:46.392
1879,311,20,5,2025-09-08 15:39:46.4,2025-09-08 15:39:46.4
1880,312,20,4,2025-09-08 15:39:46.407,2025-09-08 15:39:46.407
1881,313,20,6,2025-09-08 15:39:46.415,2025-09-08 15:39:46.415
1882,314,20,4,2025-09-08 15:39:46.421,2025-09-08 15:39:46.421
1883,315,20,6,2025-09-08 15:39:46.429,2025-09-08 15:39:46.429
1884,316,20,6,2025-09-08 15:39:46.435,2025-09-08 15:39:46.435
1885,317,20,6,2025-09-08 15:39:46.44,2025-09-08 15:39:46.44
1886,318,20,6,2025-09-08 15:39:46.448,2025-09-08 15:39:46.448
1887,319,20,5,2025-09-08 15:39:46.455,2025-09-08 15:39:46.455
1888,320,20,6,2025-09-08 15:39:46.463,2025-09-08 15:39:46.463
1889,321,20,6,2025-09-08 15:39:46.47,2025-09-08 15:39:46.47
1890,322,20,6,2025-09-08 15:39:46.477,2025-09-08 15:39:46.477
1891,323,20,5,2025-09-08 15:39:46.484,2025-09-08 15:39:46.484
1892,324,20,6,2025-09-08 15:39:46.489,2025-09-08 15:39:46.489
1893,325,20,5,2025-09-08 15:39:46.497,2025-09-08 15:39:46.497
1894,326,20,4,2025-09-08 15:39:46.504,2025-09-08 15:39:46.504
1895,327,20,4,2025-09-08 15:39:46.512,2025-09-08 15:39:46.512
1896,328,20,4,2025-09-08 15:39:46.52,2025-09-08 15:39:46.52
1897,329,20,6,2025-09-08 15:39:46.527,2025-09-08 15:39:46.527
1898,330,20,4,2025-09-08 15:39:46.535,2025-09-08 15:39:46.535
1899,331,20,4,2025-09-08 15:39:46.542,2025-09-08 15:39:46.542
1900,332,20,4,2025-09-08 15:39:46.55,2025-09-08 15:39:46.55
1901,333,20,4,2025-09-08 15:39:46.557,2025-09-08 15:39:46.557
1902,334,20,5,2025-09-08 15:39:46.565,2025-09-08 15:39:46.565
1903,335,20,3,2025-09-08 15:39:46.574,2025-09-08 15:39:46.574
1904,336,20,5,2025-09-08 15:39:46.582,2025-09-08 15:39:46.582
1905,337,20,5,2025-09-08 15:39:46.591,2025-09-08 15:39:46.591
1906,338,20,5,2025-09-08 15:39:46.6,2025-09-08 15:39:46.6
1907,339,20,5,2025-09-08 15:39:46.608,2025-09-08 15:39:46.608
1908,340,20,4,2025-09-08 15:39:46.616,2025-09-08 15:39:46.616
1909,341,20,5,2025-09-08 15:39:46.623,2025-09-08 15:39:46.623
1910,342,20,6,2025-09-08 15:39:46.633,2025-09-08 15:39:46.633
1911,343,20,5,2025-09-08 15:39:46.641,2025-09-08 15:39:46.641
1912,344,20,5,2025-09-08 15:39:46.655,2025-09-08 15:39:46.655
1913,345,20,6,2025-09-08 15:39:46.682,2025-09-08 15:39:46.682
1914,346,20,5,2025-09-08 15:39:46.694,2025-09-08 15:39:46.694
1915,347,20,4,2025-09-08 15:39:46.701,2025-09-08 15:39:46.701
1916,348,20,5,2025-09-08 15:39:46.709,2025-09-08 15:39:46.709
1917,349,20,4,2025-09-08 15:39:46.718,2025-09-08 15:39:46.718
1918,350,20,4,2025-09-08 15:39:46.725,2025-09-08 15:39:46.725
1919,351,20,4,2025-09-08 15:39:46.732,2025-09-08 15:39:46.732
1920,352,20,4,2025-09-08 15:39:46.74,2025-09-08 15:39:46.74
1921,353,20,4,2025-09-08 15:39:46.747,2025-09-08 15:39:46.747
1922,354,20,4,2025-09-08 15:39:46.755,2025-09-08 15:39:46.755
1923,355,20,4,2025-09-08 15:39:46.762,2025-09-08 15:39:46.762
1924,356,20,6,2025-09-08 15:39:46.77,2025-09-08 15:39:46.77
1925,357,20,6,2025-09-08 15:39:46.777,2025-09-08 15:39:46.777
1926,358,20,4,2025-09-08 15:39:46.785,2025-09-08 15:39:46.785
1927,359,20,6,2025-09-08 15:39:46.792,2025-09-08 15:39:46.792
1928,360,20,4,2025-09-08 15:39:46.799,2025-09-08 15:39:46.799
1929,361,20,6,2025-09-08 15:39:46.813,2025-09-08 15:39:46.813
1930,362,20,4,2025-09-08 15:39:46.829,2025-09-08 15:39:46.829
1931,363,20,5,2025-09-08 15:39:46.845,2025-09-08 15:39:46.845
1932,364,20,6,2025-09-08 15:39:46.852,2025-09-08 15:39:46.852
1933,365,20,7,2025-09-08 15:39:46.862,2025-09-08 15:39:46.862
1934,366,20,6,2025-09-08 15:39:46.869,2025-09-08 15:39:46.869
1935,367,20,5,2025-09-08 15:39:46.881,2025-09-08 15:39:46.881
1936,368,20,4,2025-09-08 15:39:46.89,2025-09-08 15:39:46.89
1937,369,20,4,2025-09-08 15:39:46.927,2025-09-08 15:39:46.927
1938,9,19,6,2025-09-08 15:39:46.937,2025-09-08 15:39:46.937
1939,10,19,3,2025-09-08 15:39:46.963,2025-09-08 15:39:46.963
1940,11,19,7,2025-09-08 15:39:46.972,2025-09-08 15:39:46.972
1941,12,19,3,2025-09-08 15:39:46.983,2025-09-08 15:39:46.983
1942,13,19,5,2025-09-08 15:39:46.992,2025-09-08 15:39:46.992
1943,14,19,3,2025-09-08 15:39:47.002,2025-09-08 15:39:47.002
1944,15,19,4,2025-09-08 15:39:47.01,2025-09-08 15:39:47.01
1945,16,19,5,2025-09-08 15:39:47.02,2025-09-08 15:39:47.02
1946,17,19,5,2025-09-08 15:39:47.029,2025-09-08 15:39:47.029
1947,18,19,7,2025-09-08 15:39:47.036,2025-09-08 15:39:47.036
1948,19,19,6,2025-09-08 15:39:47.047,2025-09-08 15:39:47.047
1949,20,19,4,2025-09-08 15:39:47.057,2025-09-08 15:39:47.057
1950,21,19,5,2025-09-08 15:39:47.07,2025-09-08 15:39:47.07
1951,22,19,5,2025-09-08 15:39:47.079,2025-09-08 15:39:47.079
1952,23,19,4,2025-09-08 15:39:47.088,2025-09-08 15:39:47.088
1953,24,19,4,2025-09-08 15:39:47.098,2025-09-08 15:39:47.098
1954,25,19,5,2025-09-08 15:39:47.108,2025-09-08 15:39:47.108
1955,26,19,4,2025-09-08 15:39:47.117,2025-09-08 15:39:47.117
1956,27,19,4,2025-09-08 15:39:47.126,2025-09-08 15:39:47.126
1957,28,19,5,2025-09-08 15:39:47.135,2025-09-08 15:39:47.135
1958,29,19,5,2025-09-08 15:39:47.145,2025-09-08 15:39:47.145
1959,30,19,6,2025-09-08 15:39:47.155,2025-09-08 15:39:47.155
1960,31,19,4,2025-09-08 15:39:47.165,2025-09-08 15:39:47.165
1961,32,19,5,2025-09-08 15:39:47.174,2025-09-08 15:39:47.174
1962,33,19,4,2025-09-08 15:39:47.183,2025-09-08 15:39:47.183
1963,34,19,5,2025-09-08 15:39:47.193,2025-09-08 15:39:47.193
1964,35,19,5,2025-09-08 15:39:47.203,2025-09-08 15:39:47.203
1965,36,19,4,2025-09-08 15:39:47.213,2025-09-08 15:39:47.213
1966,37,19,6,2025-09-08 15:39:47.223,2025-09-08 15:39:47.223
1967,38,19,5,2025-09-08 15:39:47.233,2025-09-08 15:39:47.233
1968,39,19,4,2025-09-08 15:39:47.242,2025-09-08 15:39:47.242
1969,40,19,4,2025-09-08 15:39:47.251,2025-09-08 15:39:47.251
1970,41,19,6,2025-09-08 15:39:47.26,2025-09-08 15:39:47.26
1971,42,19,6,2025-09-08 15:39:47.279,2025-09-08 15:39:47.279
1972,43,19,6,2025-09-08 15:39:47.29,2025-09-08 15:39:47.29
1973,44,19,6,2025-09-08 15:39:47.301,2025-09-08 15:39:47.301
1974,45,19,4,2025-09-08 15:39:47.311,2025-09-08 15:39:47.311
1975,46,19,7,2025-09-08 15:39:47.32,2025-09-08 15:39:47.32
1976,47,19,7,2025-09-08 15:39:47.328,2025-09-08 15:39:47.328
1977,48,19,4,2025-09-08 15:39:47.339,2025-09-08 15:39:47.339
1978,49,19,7,2025-09-08 15:39:47.348,2025-09-08 15:39:47.348
1979,50,19,6,2025-09-08 15:39:47.357,2025-09-08 15:39:47.357
1980,51,19,6,2025-09-08 15:39:47.367,2025-09-08 15:39:47.367
1981,52,19,4,2025-09-08 15:39:47.375,2025-09-08 15:39:47.375
1982,53,19,4,2025-09-08 15:39:47.384,2025-09-08 15:39:47.384
1983,54,19,6,2025-09-08 15:39:47.394,2025-09-08 15:39:47.394
1984,55,19,7,2025-09-08 15:39:47.403,2025-09-08 15:39:47.403
1985,56,19,4,2025-09-08 15:39:47.413,2025-09-08 15:39:47.413
1986,57,19,5,2025-09-08 15:39:47.423,2025-09-08 15:39:47.423
1987,58,19,5,2025-09-08 15:39:47.434,2025-09-08 15:39:47.434
1988,59,19,7,2025-09-08 15:39:47.444,2025-09-08 15:39:47.444
1989,60,19,3,2025-09-08 15:39:47.454,2025-09-08 15:39:47.454
1990,61,19,6,2025-09-08 15:39:47.465,2025-09-08 15:39:47.465
1991,62,19,6,2025-09-08 15:39:47.477,2025-09-08 15:39:47.477
1992,63,19,4,2025-09-08 15:39:47.486,2025-09-08 15:39:47.486
1993,64,19,4,2025-09-08 15:39:47.495,2025-09-08 15:39:47.495
1994,65,19,5,2025-09-08 15:39:47.503,2025-09-08 15:39:47.503
1995,66,19,6,2025-09-08 15:39:47.51,2025-09-08 15:39:47.51
1996,67,19,5,2025-09-08 15:39:47.519,2025-09-08 15:39:47.519
1997,68,19,4,2025-09-08 15:39:47.528,2025-09-08 15:39:47.528
1998,69,19,4,2025-09-08 15:39:47.537,2025-09-08 15:39:47.537
1999,70,19,4,2025-09-08 15:39:47.546,2025-09-08 15:39:47.546
2000,71,19,6,2025-09-08 15:39:47.555,2025-09-08 15:39:47.555
2001,72,19,5,2025-09-08 15:39:47.565,2025-09-08 15:39:47.565
2002,73,19,6,2025-09-08 15:39:47.573,2025-09-08 15:39:47.573
2003,74,19,2,2025-09-08 15:39:47.581,2025-09-08 15:39:47.581
2004,75,19,3,2025-09-08 15:39:47.588,2025-09-08 15:39:47.588
2005,76,19,6,2025-09-08 15:39:47.595,2025-09-08 15:39:47.595
2006,77,19,5,2025-09-08 15:39:47.603,2025-09-08 15:39:47.603
2007,78,19,6,2025-09-08 15:39:47.611,2025-09-08 15:39:47.611
2008,79,19,4,2025-09-08 15:39:47.618,2025-09-08 15:39:47.618
2009,80,19,7,2025-09-08 15:39:47.626,2025-09-08 15:39:47.626
2010,81,19,6,2025-09-08 15:39:47.632,2025-09-08 15:39:47.632
2011,82,19,6,2025-09-08 15:39:47.639,2025-09-08 15:39:47.639
2012,83,19,4,2025-09-08 15:39:47.647,2025-09-08 15:39:47.647
2013,84,19,5,2025-09-08 15:39:47.654,2025-09-08 15:39:47.654
2014,85,19,6,2025-09-08 15:39:47.662,2025-09-08 15:39:47.662
2015,86,19,6,2025-09-08 15:39:47.669,2025-09-08 15:39:47.669
2016,87,19,4,2025-09-08 15:39:47.677,2025-09-08 15:39:47.677
2017,88,19,6,2025-09-08 15:39:47.685,2025-09-08 15:39:47.685
2018,89,19,1,2025-09-08 15:39:47.692,2025-09-08 15:39:47.692
2019,90,19,5,2025-09-08 15:39:47.7,2025-09-08 15:39:47.7
2020,91,19,4,2025-09-08 15:39:47.708,2025-09-08 15:39:47.708
2021,92,19,5,2025-09-08 15:39:47.715,2025-09-08 15:39:47.715
2022,93,19,4,2025-09-08 15:39:47.723,2025-09-08 15:39:47.723
2023,94,19,6,2025-09-08 15:39:47.729,2025-09-08 15:39:47.729
2024,95,19,4,2025-09-08 15:39:47.737,2025-09-08 15:39:47.737
2025,96,19,6,2025-09-08 15:39:47.743,2025-09-08 15:39:47.743
2026,97,19,3,2025-09-08 15:39:47.75,2025-09-08 15:39:47.75
2027,98,19,4,2025-09-08 15:39:47.756,2025-09-08 15:39:47.756
2028,99,19,4,2025-09-08 15:39:47.762,2025-09-08 15:39:47.762
2029,100,19,5,2025-09-08 15:39:47.768,2025-09-08 15:39:47.768
2030,101,19,5,2025-09-08 15:39:47.774,2025-09-08 15:39:47.774
2031,102,19,5,2025-09-08 15:39:47.781,2025-09-08 15:39:47.781
2032,103,19,5,2025-09-08 15:39:47.788,2025-09-08 15:39:47.788
2033,104,19,7,2025-09-08 15:39:47.794,2025-09-08 15:39:47.794
2034,105,19,5,2025-09-08 15:39:47.8,2025-09-08 15:39:47.8
2035,106,19,5,2025-09-08 15:39:47.806,2025-09-08 15:39:47.806
2036,107,19,5,2025-09-08 15:39:47.812,2025-09-08 15:39:47.812
2037,108,19,6,2025-09-08 15:39:47.82,2025-09-08 15:39:47.82
2038,109,19,4,2025-09-08 15:39:47.826,2025-09-08 15:39:47.826
2039,110,19,5,2025-09-08 15:39:47.832,2025-09-08 15:39:47.832
2040,111,19,6,2025-09-08 15:39:47.84,2025-09-08 15:39:47.84
2041,112,19,5,2025-09-08 15:39:47.848,2025-09-08 15:39:47.848
2042,113,19,6,2025-09-08 15:39:47.856,2025-09-08 15:39:47.856
2043,114,19,4,2025-09-08 15:39:47.863,2025-09-08 15:39:47.863
2044,115,19,1,2025-09-08 15:39:47.871,2025-09-08 15:39:47.871
2045,116,19,6,2025-09-08 15:39:47.878,2025-09-08 15:39:47.878
2046,117,19,6,2025-09-08 15:39:47.887,2025-09-08 15:39:47.887
2047,118,19,6,2025-09-08 15:39:47.894,2025-09-08 15:39:47.894
2048,119,19,4,2025-09-08 15:39:47.901,2025-09-08 15:39:47.901
2049,120,19,4,2025-09-08 15:39:47.908,2025-09-08 15:39:47.908
2050,121,19,4,2025-09-08 15:39:47.914,2025-09-08 15:39:47.914
2051,122,19,6,2025-09-08 15:39:47.923,2025-09-08 15:39:47.923
2052,123,19,6,2025-09-08 15:39:47.929,2025-09-08 15:39:47.929
2053,124,19,6,2025-09-08 15:39:47.937,2025-09-08 15:39:47.937
2054,125,19,7,2025-09-08 15:39:47.948,2025-09-08 15:39:47.948
2055,126,19,4,2025-09-08 15:39:47.955,2025-09-08 15:39:47.955
2056,127,19,5,2025-09-08 15:39:47.961,2025-09-08 15:39:47.961
2057,128,19,4,2025-09-08 15:39:47.966,2025-09-08 15:39:47.966
2058,129,19,6,2025-09-08 15:39:47.972,2025-09-08 15:39:47.972
2059,130,19,6,2025-09-08 15:39:47.978,2025-09-08 15:39:47.978
2060,131,19,6,2025-09-08 15:39:47.983,2025-09-08 15:39:47.983
2061,132,19,4,2025-09-08 15:39:47.993,2025-09-08 15:39:47.993
2062,133,19,4,2025-09-08 15:39:47.999,2025-09-08 15:39:47.999
2063,134,19,7,2025-09-08 15:39:48.006,2025-09-08 15:39:48.006
2064,135,19,5,2025-09-08 15:39:48.014,2025-09-08 15:39:48.014
2065,136,19,5,2025-09-08 15:39:48.021,2025-09-08 15:39:48.021
2066,137,19,6,2025-09-08 15:39:48.031,2025-09-08 15:39:48.031
2067,138,19,6,2025-09-08 15:39:48.038,2025-09-08 15:39:48.038
2068,139,19,4,2025-09-08 15:39:48.047,2025-09-08 15:39:48.047
2069,140,19,5,2025-09-08 15:39:48.056,2025-09-08 15:39:48.056
2070,141,19,6,2025-09-08 15:39:48.065,2025-09-08 15:39:48.065
2071,142,19,4,2025-09-08 15:39:48.072,2025-09-08 15:39:48.072
2072,143,19,4,2025-09-08 15:39:48.081,2025-09-08 15:39:48.081
2073,144,19,4,2025-09-08 15:39:48.088,2025-09-08 15:39:48.088
2074,145,19,6,2025-09-08 15:39:48.096,2025-09-08 15:39:48.096
2075,146,19,5,2025-09-08 15:39:48.104,2025-09-08 15:39:48.104
2076,147,19,4,2025-09-08 15:39:48.113,2025-09-08 15:39:48.113
2077,148,19,5,2025-09-08 15:39:48.124,2025-09-08 15:39:48.124
2078,149,19,4,2025-09-08 15:39:48.133,2025-09-08 15:39:48.133
2079,150,19,7,2025-09-08 15:39:48.142,2025-09-08 15:39:48.142
2080,151,19,7,2025-09-08 15:39:48.151,2025-09-08 15:39:48.151
2081,152,19,5,2025-09-08 15:39:48.159,2025-09-08 15:39:48.159
2082,153,19,3,2025-09-08 15:39:48.168,2025-09-08 15:39:48.168
2083,154,19,4,2025-09-08 15:39:48.177,2025-09-08 15:39:48.177
2084,155,19,5,2025-09-08 15:39:48.187,2025-09-08 15:39:48.187
2085,156,19,4,2025-09-08 15:39:48.195,2025-09-08 15:39:48.195
2086,157,19,6,2025-09-08 15:39:48.203,2025-09-08 15:39:48.203
2087,158,19,7,2025-09-08 15:39:48.21,2025-09-08 15:39:48.21
2088,159,19,6,2025-09-08 15:39:48.216,2025-09-08 15:39:48.216
2089,160,19,4,2025-09-08 15:39:48.224,2025-09-08 15:39:48.224
2090,161,19,6,2025-09-08 15:39:48.232,2025-09-08 15:39:48.232
2091,162,19,4,2025-09-08 15:39:48.24,2025-09-08 15:39:48.24
2092,163,19,4,2025-09-08 15:39:48.247,2025-09-08 15:39:48.247
2093,164,19,6,2025-09-08 15:39:48.255,2025-09-08 15:39:48.255
2094,165,19,6,2025-09-08 15:39:48.262,2025-09-08 15:39:48.262
2095,166,19,3,2025-09-08 15:39:48.268,2025-09-08 15:39:48.268
2096,167,19,5,2025-09-08 15:39:48.276,2025-09-08 15:39:48.276
2097,168,19,7,2025-09-08 15:39:48.283,2025-09-08 15:39:48.283
2098,169,19,5,2025-09-08 15:39:48.29,2025-09-08 15:39:48.29
2099,170,19,7,2025-09-08 15:39:48.298,2025-09-08 15:39:48.298
2100,171,19,4,2025-09-08 15:39:48.307,2025-09-08 15:39:48.307
2101,172,19,3,2025-09-08 15:39:48.317,2025-09-08 15:39:48.317
2102,173,19,6,2025-09-08 15:39:48.326,2025-09-08 15:39:48.326
2103,174,19,4,2025-09-08 15:39:48.335,2025-09-08 15:39:48.335
2104,175,19,5,2025-09-08 15:39:48.343,2025-09-08 15:39:48.343
2105,176,19,5,2025-09-08 15:39:48.351,2025-09-08 15:39:48.351
2106,177,19,5,2025-09-08 15:39:48.359,2025-09-08 15:39:48.359
2107,178,19,5,2025-09-08 15:39:48.368,2025-09-08 15:39:48.368
2108,179,19,5,2025-09-08 15:39:48.377,2025-09-08 15:39:48.377
2109,180,19,6,2025-09-08 15:39:48.385,2025-09-08 15:39:48.385
2110,181,19,5,2025-09-08 15:39:48.394,2025-09-08 15:39:48.394
2111,182,19,3,2025-09-08 15:39:48.404,2025-09-08 15:39:48.404
2112,183,19,7,2025-09-08 15:39:48.412,2025-09-08 15:39:48.412
2113,184,19,7,2025-09-08 15:39:48.423,2025-09-08 15:39:48.423
2114,185,19,5,2025-09-08 15:39:48.435,2025-09-08 15:39:48.435
2115,186,19,5,2025-09-08 15:39:48.445,2025-09-08 15:39:48.445
2116,187,19,6,2025-09-08 15:39:48.455,2025-09-08 15:39:48.455
2117,188,19,4,2025-09-08 15:39:48.465,2025-09-08 15:39:48.465
2118,189,19,5,2025-09-08 15:39:48.474,2025-09-08 15:39:48.474
2119,190,19,3,2025-09-08 15:39:48.482,2025-09-08 15:39:48.482
2120,191,19,4,2025-09-08 15:39:48.49,2025-09-08 15:39:48.49
2121,192,19,5,2025-09-08 15:39:48.497,2025-09-08 15:39:48.497
2122,193,19,3,2025-09-08 15:39:48.505,2025-09-08 15:39:48.505
2123,194,19,6,2025-09-08 15:39:48.514,2025-09-08 15:39:48.514
2124,195,19,6,2025-09-08 15:39:48.523,2025-09-08 15:39:48.523
2125,196,19,5,2025-09-08 15:39:48.532,2025-09-08 15:39:48.532
2126,197,19,4,2025-09-08 15:39:48.542,2025-09-08 15:39:48.542
2127,198,19,6,2025-09-08 15:39:48.55,2025-09-08 15:39:48.55
2128,199,19,5,2025-09-08 15:39:48.558,2025-09-08 15:39:48.558
2129,200,19,5,2025-09-08 15:39:48.566,2025-09-08 15:39:48.566
2130,201,19,4,2025-09-08 15:39:48.575,2025-09-08 15:39:48.575
2131,202,19,5,2025-09-08 15:39:48.583,2025-09-08 15:39:48.583
2132,203,19,4,2025-09-08 15:39:48.591,2025-09-08 15:39:48.591
2133,204,19,6,2025-09-08 15:39:48.6,2025-09-08 15:39:48.6
2134,205,19,6,2025-09-08 15:39:48.608,2025-09-08 15:39:48.608
2135,206,19,7,2025-09-08 15:39:48.617,2025-09-08 15:39:48.617
2136,207,19,7,2025-09-08 15:39:48.624,2025-09-08 15:39:48.624
2137,208,19,4,2025-09-08 15:39:48.634,2025-09-08 15:39:48.634
2138,209,19,6,2025-09-08 15:39:48.644,2025-09-08 15:39:48.644
2139,210,19,6,2025-09-08 15:39:48.653,2025-09-08 15:39:48.653
2140,211,19,6,2025-09-08 15:39:48.661,2025-09-08 15:39:48.661
2141,212,19,5,2025-09-08 15:39:48.67,2025-09-08 15:39:48.67
2142,213,19,5,2025-09-08 15:39:48.68,2025-09-08 15:39:48.68
2143,214,19,4,2025-09-08 15:39:48.689,2025-09-08 15:39:48.689
2144,215,19,6,2025-09-08 15:39:48.699,2025-09-08 15:39:48.699
2145,216,19,6,2025-09-08 15:39:48.71,2025-09-08 15:39:48.71
2146,217,19,5,2025-09-08 15:39:48.72,2025-09-08 15:39:48.72
2147,218,19,5,2025-09-08 15:39:48.732,2025-09-08 15:39:48.732
2148,219,19,4,2025-09-08 15:39:48.74,2025-09-08 15:39:48.74
2149,220,19,5,2025-09-08 15:39:48.748,2025-09-08 15:39:48.748
2150,221,19,2,2025-09-08 15:39:48.754,2025-09-08 15:39:48.754
2151,222,19,4,2025-09-08 15:39:48.763,2025-09-08 15:39:48.763
2152,223,19,4,2025-09-08 15:39:48.771,2025-09-08 15:39:48.771
2153,224,19,5,2025-09-08 15:39:48.78,2025-09-08 15:39:48.78
2154,225,19,6,2025-09-08 15:39:48.788,2025-09-08 15:39:48.788
2155,226,19,5,2025-09-08 15:39:48.797,2025-09-08 15:39:48.797
2156,227,19,3,2025-09-08 15:39:48.807,2025-09-08 15:39:48.807
2157,228,19,4,2025-09-08 15:39:48.815,2025-09-08 15:39:48.815
2158,229,19,6,2025-09-08 15:39:48.825,2025-09-08 15:39:48.825
2159,230,19,7,2025-09-08 15:39:48.834,2025-09-08 15:39:48.834
2160,231,19,6,2025-09-08 15:39:48.844,2025-09-08 15:39:48.844
2161,232,19,5,2025-09-08 15:39:48.853,2025-09-08 15:39:48.853
2162,233,19,6,2025-09-08 15:39:48.862,2025-09-08 15:39:48.862
2163,234,19,6,2025-09-08 15:39:48.873,2025-09-08 15:39:48.873
2164,235,19,6,2025-09-08 15:39:48.883,2025-09-08 15:39:48.883
2165,236,19,7,2025-09-08 15:39:48.892,2025-09-08 15:39:48.892
2166,237,19,6,2025-09-08 15:39:48.903,2025-09-08 15:39:48.903
2167,238,19,6,2025-09-08 15:39:48.912,2025-09-08 15:39:48.912
2168,239,19,5,2025-09-08 15:39:48.922,2025-09-08 15:39:48.922
2169,240,19,6,2025-09-08 15:39:48.932,2025-09-08 15:39:48.932
2170,241,19,5,2025-09-08 15:39:48.943,2025-09-08 15:39:48.943
2171,242,19,5,2025-09-08 15:39:48.956,2025-09-08 15:39:48.956
2172,243,19,5,2025-09-08 15:39:48.966,2025-09-08 15:39:48.966
2173,244,19,6,2025-09-08 15:39:48.976,2025-09-08 15:39:48.976
2174,245,19,4,2025-09-08 15:39:48.986,2025-09-08 15:39:48.986
2175,246,19,7,2025-09-08 15:39:48.995,2025-09-08 15:39:48.995
2176,247,19,6,2025-09-08 15:39:49.007,2025-09-08 15:39:49.007
2177,248,19,4,2025-09-08 15:39:49.017,2025-09-08 15:39:49.017
2178,249,19,4,2025-09-08 15:39:49.028,2025-09-08 15:39:49.028
2179,250,19,6,2025-09-08 15:39:49.039,2025-09-08 15:39:49.039
2180,251,19,6,2025-09-08 15:39:49.048,2025-09-08 15:39:49.048
2181,252,19,4,2025-09-08 15:39:49.059,2025-09-08 15:39:49.059
2182,253,19,6,2025-09-08 15:39:49.071,2025-09-08 15:39:49.071
2183,254,19,7,2025-09-08 15:39:49.083,2025-09-08 15:39:49.083
2184,255,19,5,2025-09-08 15:39:49.093,2025-09-08 15:39:49.093
2185,256,19,5,2025-09-08 15:39:49.103,2025-09-08 15:39:49.103
2186,257,19,6,2025-09-08 15:39:49.115,2025-09-08 15:39:49.115
2187,258,19,4,2025-09-08 15:39:49.124,2025-09-08 15:39:49.124
2188,259,19,4,2025-09-08 15:39:49.135,2025-09-08 15:39:49.135
2189,260,19,5,2025-09-08 15:39:49.145,2025-09-08 15:39:49.145
2190,261,19,4,2025-09-08 15:39:49.155,2025-09-08 15:39:49.155
2191,262,19,5,2025-09-08 15:39:49.164,2025-09-08 15:39:49.164
2192,263,19,6,2025-09-08 15:39:49.173,2025-09-08 15:39:49.173
2193,264,19,4,2025-09-08 15:39:49.182,2025-09-08 15:39:49.182
2194,265,19,7,2025-09-08 15:39:49.192,2025-09-08 15:39:49.192
2195,266,19,5,2025-09-08 15:39:49.204,2025-09-08 15:39:49.204
2196,267,19,3,2025-09-08 15:39:49.214,2025-09-08 15:39:49.214
2197,268,19,5,2025-09-08 15:39:49.225,2025-09-08 15:39:49.225
2198,269,19,4,2025-09-08 15:39:49.234,2025-09-08 15:39:49.234
2199,270,19,5,2025-09-08 15:39:49.245,2025-09-08 15:39:49.245
2200,271,19,3,2025-09-08 15:39:49.254,2025-09-08 15:39:49.254
2201,272,19,6,2025-09-08 15:39:49.264,2025-09-08 15:39:49.264
2202,273,19,5,2025-09-08 15:39:49.276,2025-09-08 15:39:49.276
2203,274,19,7,2025-09-08 15:39:49.286,2025-09-08 15:39:49.286
2204,275,19,4,2025-09-08 15:39:49.298,2025-09-08 15:39:49.298
2205,276,19,5,2025-09-08 15:39:49.31,2025-09-08 15:39:49.31
2206,277,19,4,2025-09-08 15:39:49.321,2025-09-08 15:39:49.321
2207,278,19,5,2025-09-08 15:39:49.332,2025-09-08 15:39:49.332
2208,279,19,3,2025-09-08 15:39:49.342,2025-09-08 15:39:49.342
2209,280,19,5,2025-09-08 15:39:49.352,2025-09-08 15:39:49.352
2210,281,19,5,2025-09-08 15:39:49.361,2025-09-08 15:39:49.361
2211,282,19,7,2025-09-08 15:39:49.371,2025-09-08 15:39:49.371
2212,283,19,7,2025-09-08 15:39:49.38,2025-09-08 15:39:49.38
2213,284,19,5,2025-09-08 15:39:49.39,2025-09-08 15:39:49.39
2214,285,19,3,2025-09-08 15:39:49.4,2025-09-08 15:39:49.4
2215,286,19,6,2025-09-08 15:39:49.408,2025-09-08 15:39:49.408
2216,287,19,4,2025-09-08 15:39:49.418,2025-09-08 15:39:49.418
2217,288,19,6,2025-09-08 15:39:49.426,2025-09-08 15:39:49.426
2218,289,19,4,2025-09-08 15:39:49.436,2025-09-08 15:39:49.436
2219,290,19,4,2025-09-08 15:39:49.446,2025-09-08 15:39:49.446
2220,291,19,5,2025-09-08 15:39:49.457,2025-09-08 15:39:49.457
2221,292,19,4,2025-09-08 15:39:49.466,2025-09-08 15:39:49.466
2222,293,19,5,2025-09-08 15:39:49.476,2025-09-08 15:39:49.476
2223,294,19,5,2025-09-08 15:39:49.486,2025-09-08 15:39:49.486
2224,295,19,5,2025-09-08 15:39:49.497,2025-09-08 15:39:49.497
2225,296,19,6,2025-09-08 15:39:49.506,2025-09-08 15:39:49.506
2226,297,19,6,2025-09-08 15:39:49.516,2025-09-08 15:39:49.516
2227,298,19,5,2025-09-08 15:39:49.525,2025-09-08 15:39:49.525
2228,299,19,5,2025-09-08 15:39:49.536,2025-09-08 15:39:49.536
2229,300,19,4,2025-09-08 15:39:49.546,2025-09-08 15:39:49.546
2230,301,19,6,2025-09-08 15:39:49.557,2025-09-08 15:39:49.557
2231,302,19,6,2025-09-08 15:39:49.569,2025-09-08 15:39:49.569
2232,303,19,4,2025-09-08 15:39:49.579,2025-09-08 15:39:49.579
2233,304,19,7,2025-09-08 15:39:49.588,2025-09-08 15:39:49.588
2234,305,19,5,2025-09-08 15:39:49.597,2025-09-08 15:39:49.597
2235,306,19,5,2025-09-08 15:39:49.606,2025-09-08 15:39:49.606
2236,307,19,4,2025-09-08 15:39:49.613,2025-09-08 15:39:49.613
2237,308,19,6,2025-09-08 15:39:49.623,2025-09-08 15:39:49.623
2238,309,19,6,2025-09-08 15:39:49.631,2025-09-08 15:39:49.631
2239,310,19,4,2025-09-08 15:39:49.638,2025-09-08 15:39:49.638
2240,311,19,4,2025-09-08 15:39:49.645,2025-09-08 15:39:49.645
2241,312,19,5,2025-09-08 15:39:49.653,2025-09-08 15:39:49.653
2242,313,19,6,2025-09-08 15:39:49.662,2025-09-08 15:39:49.662
2243,314,19,4,2025-09-08 15:39:49.677,2025-09-08 15:39:49.677
2244,315,19,6,2025-09-08 15:39:49.687,2025-09-08 15:39:49.687
2245,316,19,6,2025-09-08 15:39:49.696,2025-09-08 15:39:49.696
2246,317,19,6,2025-09-08 15:39:49.706,2025-09-08 15:39:49.706
2247,318,19,6,2025-09-08 15:39:49.717,2025-09-08 15:39:49.717
2248,319,19,5,2025-09-08 15:39:49.727,2025-09-08 15:39:49.727
2249,320,19,6,2025-09-08 15:39:49.738,2025-09-08 15:39:49.738
2250,321,19,5,2025-09-08 15:39:49.748,2025-09-08 15:39:49.748
2251,322,19,6,2025-09-08 15:39:49.759,2025-09-08 15:39:49.759
2252,323,19,5,2025-09-08 15:39:49.767,2025-09-08 15:39:49.767
2253,324,19,4,2025-09-08 15:39:49.779,2025-09-08 15:39:49.779
2254,325,19,5,2025-09-08 15:39:49.789,2025-09-08 15:39:49.789
2255,326,19,4,2025-09-08 15:39:49.798,2025-09-08 15:39:49.798
2256,327,19,4,2025-09-08 15:39:49.808,2025-09-08 15:39:49.808
2257,328,19,4,2025-09-08 15:39:49.816,2025-09-08 15:39:49.816
2258,329,19,6,2025-09-08 15:39:49.831,2025-09-08 15:39:49.831
2259,330,19,4,2025-09-08 15:39:49.841,2025-09-08 15:39:49.841
2260,331,19,4,2025-09-08 15:39:49.85,2025-09-08 15:39:49.85
2261,332,19,4,2025-09-08 15:39:49.86,2025-09-08 15:39:49.86
2262,333,19,4,2025-09-08 15:39:49.871,2025-09-08 15:39:49.871
2263,334,19,6,2025-09-08 15:39:49.881,2025-09-08 15:39:49.881
2264,335,19,3,2025-09-08 15:39:49.892,2025-09-08 15:39:49.892
2265,336,19,5,2025-09-08 15:39:49.903,2025-09-08 15:39:49.903
2266,337,19,5,2025-09-08 15:39:49.915,2025-09-08 15:39:49.915
2267,338,19,5,2025-09-08 15:39:49.925,2025-09-08 15:39:49.925
2268,339,19,5,2025-09-08 15:39:49.935,2025-09-08 15:39:49.935
2269,340,19,4,2025-09-08 15:39:49.944,2025-09-08 15:39:49.944
2270,341,19,5,2025-09-08 15:39:49.953,2025-09-08 15:39:49.953
2271,342,19,6,2025-09-08 15:39:49.96,2025-09-08 15:39:49.96
2272,343,19,5,2025-09-08 15:39:49.967,2025-09-08 15:39:49.967
2273,344,19,5,2025-09-08 15:39:49.976,2025-09-08 15:39:49.976
2274,345,19,5,2025-09-08 15:39:49.985,2025-09-08 15:39:49.985
2275,346,19,6,2025-09-08 15:39:49.993,2025-09-08 15:39:49.993
2276,347,19,4,2025-09-08 15:39:50.001,2025-09-08 15:39:50.001
2277,348,19,5,2025-09-08 15:39:50.01,2025-09-08 15:39:50.01
2278,349,19,4,2025-09-08 15:39:50.018,2025-09-08 15:39:50.018
2279,350,19,4,2025-09-08 15:39:50.027,2025-09-08 15:39:50.027
2280,351,19,4,2025-09-08 15:39:50.037,2025-09-08 15:39:50.037
2281,352,19,4,2025-09-08 15:39:50.045,2025-09-08 15:39:50.045
2282,353,19,3,2025-09-08 15:39:50.055,2025-09-08 15:39:50.055
2283,354,19,5,2025-09-08 15:39:50.065,2025-09-08 15:39:50.065
2284,355,19,4,2025-09-08 15:39:50.079,2025-09-08 15:39:50.079
2285,356,19,4,2025-09-08 15:39:50.09,2025-09-08 15:39:50.09
2286,357,19,5,2025-09-08 15:39:50.098,2025-09-08 15:39:50.098
2287,358,19,4,2025-09-08 15:39:50.107,2025-09-08 15:39:50.107
2288,359,19,5,2025-09-08 15:39:50.118,2025-09-08 15:39:50.118
2289,360,19,4,2025-09-08 15:39:50.129,2025-09-08 15:39:50.129
2290,361,19,6,2025-09-08 15:39:50.137,2025-09-08 15:39:50.137
2291,362,19,6,2025-09-08 15:39:50.146,2025-09-08 15:39:50.146
2292,363,19,5,2025-09-08 15:39:50.158,2025-09-08 15:39:50.158
2293,364,19,6,2025-09-08 15:39:50.168,2025-09-08 15:39:50.168
2294,365,19,6,2025-09-08 15:39:50.179,2025-09-08 15:39:50.179
2295,366,19,6,2025-09-08 15:39:50.189,2025-09-08 15:39:50.189
2296,367,19,5,2025-09-08 15:39:50.2,2025-09-08 15:39:50.2
2297,368,19,5,2025-09-08 15:39:50.211,2025-09-08 15:39:50.211
2298,369,19,4,2025-09-08 15:39:50.222,2025-09-08 15:39:50.222
2299,9,26,4,2025-09-08 15:39:50.233,2025-09-08 15:39:50.233
2300,10,26,4,2025-09-08 15:39:50.245,2025-09-08 15:39:50.245
2301,11,26,6,2025-09-08 15:39:50.255,2025-09-08 15:39:50.255
2302,12,26,3,2025-09-08 15:39:50.267,2025-09-08 15:39:50.267
2303,13,26,5,2025-09-08 15:39:50.275,2025-09-08 15:39:50.275
2304,14,26,3,2025-09-08 15:39:50.285,2025-09-08 15:39:50.285
2305,15,26,3,2025-09-08 15:39:50.295,2025-09-08 15:39:50.295
2306,16,26,4,2025-09-08 15:39:50.305,2025-09-08 15:39:50.305
2307,17,26,4,2025-09-08 15:39:50.316,2025-09-08 15:39:50.316
2308,18,26,7,2025-09-08 15:39:50.326,2025-09-08 15:39:50.326
2309,19,26,4,2025-09-08 15:39:50.335,2025-09-08 15:39:50.335
2310,20,26,4,2025-09-08 15:39:50.345,2025-09-08 15:39:50.345
2311,21,26,1,2025-09-08 15:39:50.354,2025-09-08 15:39:50.354
2312,22,26,5,2025-09-08 15:39:50.364,2025-09-08 15:39:50.364
2313,23,26,4,2025-09-08 15:39:50.373,2025-09-08 15:39:50.373
2314,24,26,4,2025-09-08 15:39:50.381,2025-09-08 15:39:50.381
2315,25,26,1,2025-09-08 15:39:50.39,2025-09-08 15:39:50.39
2316,26,26,4,2025-09-08 15:39:50.399,2025-09-08 15:39:50.399
2317,27,26,5,2025-09-08 15:39:50.407,2025-09-08 15:39:50.407
2318,28,26,4,2025-09-08 15:39:50.415,2025-09-08 15:39:50.415
2319,29,26,4,2025-09-08 15:39:50.423,2025-09-08 15:39:50.423
2320,30,26,5,2025-09-08 15:39:50.429,2025-09-08 15:39:50.429
2321,31,26,4,2025-09-08 15:39:50.436,2025-09-08 15:39:50.436
2322,32,26,2,2025-09-08 15:39:50.443,2025-09-08 15:39:50.443
2323,33,26,4,2025-09-08 15:39:50.45,2025-09-08 15:39:50.45
2324,34,26,1,2025-09-08 15:39:50.458,2025-09-08 15:39:50.458
2325,35,26,4,2025-09-08 15:39:50.466,2025-09-08 15:39:50.466
2326,36,26,4,2025-09-08 15:39:50.473,2025-09-08 15:39:50.473
2327,37,26,6,2025-09-08 15:39:50.48,2025-09-08 15:39:50.48
2328,38,26,4,2025-09-08 15:39:50.487,2025-09-08 15:39:50.487
2329,39,26,4,2025-09-08 15:39:50.494,2025-09-08 15:39:50.494
2330,40,26,6,2025-09-08 15:39:50.501,2025-09-08 15:39:50.501
2331,41,26,5,2025-09-08 15:39:50.507,2025-09-08 15:39:50.507
2332,42,26,6,2025-09-08 15:39:50.513,2025-09-08 15:39:50.513
2333,43,26,6,2025-09-08 15:39:50.519,2025-09-08 15:39:50.519
2334,44,26,4,2025-09-08 15:39:50.526,2025-09-08 15:39:50.526
2335,45,26,4,2025-09-08 15:39:50.533,2025-09-08 15:39:50.533
2336,46,26,4,2025-09-08 15:39:50.54,2025-09-08 15:39:50.54
2337,47,26,3,2025-09-08 15:39:50.547,2025-09-08 15:39:50.547
2338,48,26,4,2025-09-08 15:39:50.554,2025-09-08 15:39:50.554
2339,49,26,6,2025-09-08 15:39:50.562,2025-09-08 15:39:50.562
2340,50,26,5,2025-09-08 15:39:50.568,2025-09-08 15:39:50.568
2341,51,26,4,2025-09-08 15:39:50.577,2025-09-08 15:39:50.577
2342,52,26,3,2025-09-08 15:39:50.584,2025-09-08 15:39:50.584
2343,53,26,5,2025-09-08 15:39:50.591,2025-09-08 15:39:50.591
2344,54,26,5,2025-09-08 15:39:50.603,2025-09-08 15:39:50.603
2345,55,26,4,2025-09-08 15:39:50.61,2025-09-08 15:39:50.61
2346,56,26,4,2025-09-08 15:39:50.617,2025-09-08 15:39:50.617
2347,57,26,6,2025-09-08 15:39:50.624,2025-09-08 15:39:50.624
2348,58,26,2,2025-09-08 15:39:50.631,2025-09-08 15:39:50.631
2349,59,26,4,2025-09-08 15:39:50.639,2025-09-08 15:39:50.639
2350,60,26,4,2025-09-08 15:39:50.646,2025-09-08 15:39:50.646
2351,61,26,4,2025-09-08 15:39:50.652,2025-09-08 15:39:50.652
2352,62,26,6,2025-09-08 15:39:50.66,2025-09-08 15:39:50.66
2353,63,26,5,2025-09-08 15:39:50.666,2025-09-08 15:39:50.666
2354,64,26,4,2025-09-08 15:39:50.674,2025-09-08 15:39:50.674
2355,65,26,6,2025-09-08 15:39:50.681,2025-09-08 15:39:50.681
2356,66,26,6,2025-09-08 15:39:50.687,2025-09-08 15:39:50.687
2357,67,26,5,2025-09-08 15:39:50.694,2025-09-08 15:39:50.694
2358,68,26,4,2025-09-08 15:39:50.7,2025-09-08 15:39:50.7
2359,69,26,4,2025-09-08 15:39:50.706,2025-09-08 15:39:50.706
2360,70,26,1,2025-09-08 15:39:50.713,2025-09-08 15:39:50.713
2361,71,26,3,2025-09-08 15:39:50.72,2025-09-08 15:39:50.72
2362,72,26,6,2025-09-08 15:39:50.728,2025-09-08 15:39:50.728
2363,73,26,6,2025-09-08 15:39:50.735,2025-09-08 15:39:50.735
2364,74,26,1,2025-09-08 15:39:50.742,2025-09-08 15:39:50.742
2365,75,26,5,2025-09-08 15:39:50.749,2025-09-08 15:39:50.749
2366,76,26,5,2025-09-08 15:39:50.756,2025-09-08 15:39:50.756
2367,77,26,6,2025-09-08 15:39:50.763,2025-09-08 15:39:50.763
2368,78,26,6,2025-09-08 15:39:50.769,2025-09-08 15:39:50.769
2369,79,26,4,2025-09-08 15:39:50.777,2025-09-08 15:39:50.777
2370,80,26,7,2025-09-08 15:39:50.784,2025-09-08 15:39:50.784
2371,81,26,3,2025-09-08 15:39:50.792,2025-09-08 15:39:50.792
2372,82,26,6,2025-09-08 15:39:50.798,2025-09-08 15:39:50.798
2373,83,26,4,2025-09-08 15:39:50.805,2025-09-08 15:39:50.805
2374,84,26,5,2025-09-08 15:39:50.813,2025-09-08 15:39:50.813
2375,85,26,6,2025-09-08 15:39:50.825,2025-09-08 15:39:50.825
2376,86,26,5,2025-09-08 15:39:50.844,2025-09-08 15:39:50.844
2377,87,26,4,2025-09-08 15:39:50.852,2025-09-08 15:39:50.852
2378,88,26,4,2025-09-08 15:39:50.858,2025-09-08 15:39:50.858
2379,89,26,4,2025-09-08 15:39:50.864,2025-09-08 15:39:50.864
2380,90,26,4,2025-09-08 15:39:50.869,2025-09-08 15:39:50.869
2381,91,26,4,2025-09-08 15:39:50.876,2025-09-08 15:39:50.876
2382,92,26,4,2025-09-08 15:39:50.881,2025-09-08 15:39:50.881
2383,93,26,4,2025-09-08 15:39:50.887,2025-09-08 15:39:50.887
2384,94,26,6,2025-09-08 15:39:50.894,2025-09-08 15:39:50.894
2385,95,26,4,2025-09-08 15:39:50.899,2025-09-08 15:39:50.899
2386,96,26,4,2025-09-08 15:39:50.905,2025-09-08 15:39:50.905
2387,97,26,4,2025-09-08 15:39:50.911,2025-09-08 15:39:50.911
2388,98,26,5,2025-09-08 15:39:50.917,2025-09-08 15:39:50.917
2389,99,26,4,2025-09-08 15:39:50.922,2025-09-08 15:39:50.922
2390,100,26,3,2025-09-08 15:39:50.928,2025-09-08 15:39:50.928
2391,101,26,5,2025-09-08 15:39:50.937,2025-09-08 15:39:50.937
2392,102,26,2,2025-09-08 15:39:50.944,2025-09-08 15:39:50.944
2393,103,26,4,2025-09-08 15:39:50.95,2025-09-08 15:39:50.95
2394,104,26,7,2025-09-08 15:39:50.957,2025-09-08 15:39:50.957
2395,105,26,5,2025-09-08 15:39:50.965,2025-09-08 15:39:50.965
2396,106,26,6,2025-09-08 15:39:50.969,2025-09-08 15:39:50.969
2397,107,26,5,2025-09-08 15:39:50.975,2025-09-08 15:39:50.975
2398,108,26,4,2025-09-08 15:39:50.982,2025-09-08 15:39:50.982
2399,109,26,6,2025-09-08 15:39:50.987,2025-09-08 15:39:50.987
2400,110,26,4,2025-09-08 15:39:50.995,2025-09-08 15:39:50.995
2401,111,26,3,2025-09-08 15:39:51.001,2025-09-08 15:39:51.001
2402,112,26,5,2025-09-08 15:39:51.007,2025-09-08 15:39:51.007
2403,113,26,5,2025-09-08 15:39:51.013,2025-09-08 15:39:51.013
2404,114,26,5,2025-09-08 15:39:51.018,2025-09-08 15:39:51.018
2405,115,26,5,2025-09-08 15:39:51.024,2025-09-08 15:39:51.024
2406,116,26,5,2025-09-08 15:39:51.03,2025-09-08 15:39:51.03
2407,117,26,2,2025-09-08 15:39:51.035,2025-09-08 15:39:51.035
2408,118,26,6,2025-09-08 15:39:51.041,2025-09-08 15:39:51.041
2409,119,26,4,2025-09-08 15:39:51.046,2025-09-08 15:39:51.046
2410,120,26,5,2025-09-08 15:39:51.051,2025-09-08 15:39:51.051
2411,121,26,2,2025-09-08 15:39:51.056,2025-09-08 15:39:51.056
2412,122,26,5,2025-09-08 15:39:51.063,2025-09-08 15:39:51.063
2413,123,26,6,2025-09-08 15:39:51.068,2025-09-08 15:39:51.068
2414,124,26,5,2025-09-08 15:39:51.074,2025-09-08 15:39:51.074
2415,125,26,1,2025-09-08 15:39:51.08,2025-09-08 15:39:51.08
2416,126,26,4,2025-09-08 15:39:51.085,2025-09-08 15:39:51.085
2417,127,26,5,2025-09-08 15:39:51.091,2025-09-08 15:39:51.091
2418,128,26,5,2025-09-08 15:39:51.098,2025-09-08 15:39:51.098
2419,129,26,3,2025-09-08 15:39:51.104,2025-09-08 15:39:51.104
2420,130,26,6,2025-09-08 15:39:51.109,2025-09-08 15:39:51.109
2421,131,26,6,2025-09-08 15:39:51.121,2025-09-08 15:39:51.121
2422,132,26,4,2025-09-08 15:39:51.128,2025-09-08 15:39:51.128
2423,133,26,4,2025-09-08 15:39:51.134,2025-09-08 15:39:51.134
2424,134,26,4,2025-09-08 15:39:51.14,2025-09-08 15:39:51.14
2425,135,26,4,2025-09-08 15:39:51.148,2025-09-08 15:39:51.148
2426,136,26,4,2025-09-08 15:39:51.155,2025-09-08 15:39:51.155
2427,137,26,6,2025-09-08 15:39:51.162,2025-09-08 15:39:51.162
2428,138,26,2,2025-09-08 15:39:51.168,2025-09-08 15:39:51.168
2429,139,26,3,2025-09-08 15:39:51.173,2025-09-08 15:39:51.173
2430,140,26,5,2025-09-08 15:39:51.18,2025-09-08 15:39:51.18
2431,141,26,4,2025-09-08 15:39:51.188,2025-09-08 15:39:51.188
2432,142,26,4,2025-09-08 15:39:51.195,2025-09-08 15:39:51.195
2433,143,26,4,2025-09-08 15:39:51.202,2025-09-08 15:39:51.202
2434,144,26,4,2025-09-08 15:39:51.21,2025-09-08 15:39:51.21
2435,145,26,6,2025-09-08 15:39:51.219,2025-09-08 15:39:51.219
2436,146,26,4,2025-09-08 15:39:51.226,2025-09-08 15:39:51.226
2437,147,26,5,2025-09-08 15:39:51.234,2025-09-08 15:39:51.234
2438,148,26,6,2025-09-08 15:39:51.242,2025-09-08 15:39:51.242
2439,149,26,4,2025-09-08 15:39:51.249,2025-09-08 15:39:51.249
2440,150,26,6,2025-09-08 15:39:51.257,2025-09-08 15:39:51.257
2441,151,26,4,2025-09-08 15:39:51.265,2025-09-08 15:39:51.265
2442,152,26,4,2025-09-08 15:39:51.272,2025-09-08 15:39:51.272
2443,153,26,3,2025-09-08 15:39:51.279,2025-09-08 15:39:51.279
2444,154,26,3,2025-09-08 15:39:51.286,2025-09-08 15:39:51.286
2445,155,26,4,2025-09-08 15:39:51.294,2025-09-08 15:39:51.294
2446,156,26,4,2025-09-08 15:39:51.302,2025-09-08 15:39:51.302
2447,157,26,3,2025-09-08 15:39:51.309,2025-09-08 15:39:51.309
2448,158,26,2,2025-09-08 15:39:51.316,2025-09-08 15:39:51.316
2449,159,26,5,2025-09-08 15:39:51.323,2025-09-08 15:39:51.323
2450,160,26,1,2025-09-08 15:39:51.329,2025-09-08 15:39:51.329
2451,161,26,4,2025-09-08 15:39:51.336,2025-09-08 15:39:51.336
2452,162,26,5,2025-09-08 15:39:51.344,2025-09-08 15:39:51.344
2453,163,26,1,2025-09-08 15:39:51.352,2025-09-08 15:39:51.352
2454,164,26,5,2025-09-08 15:39:51.36,2025-09-08 15:39:51.36
2455,165,26,5,2025-09-08 15:39:51.367,2025-09-08 15:39:51.367
2456,166,26,3,2025-09-08 15:39:51.372,2025-09-08 15:39:51.372
2457,167,26,3,2025-09-08 15:39:51.378,2025-09-08 15:39:51.378
2458,168,26,4,2025-09-08 15:39:51.383,2025-09-08 15:39:51.383
2459,169,26,5,2025-09-08 15:39:51.389,2025-09-08 15:39:51.389
2460,170,26,6,2025-09-08 15:39:51.395,2025-09-08 15:39:51.395
2461,171,26,4,2025-09-08 15:39:51.403,2025-09-08 15:39:51.403
2462,172,26,1,2025-09-08 15:39:51.41,2025-09-08 15:39:51.41
2463,173,26,6,2025-09-08 15:39:51.418,2025-09-08 15:39:51.418
2464,174,26,3,2025-09-08 15:39:51.425,2025-09-08 15:39:51.425
2465,175,26,5,2025-09-08 15:39:51.433,2025-09-08 15:39:51.433
2466,176,26,6,2025-09-08 15:39:51.44,2025-09-08 15:39:51.44
2467,177,26,5,2025-09-08 15:39:51.448,2025-09-08 15:39:51.448
2468,178,26,5,2025-09-08 15:39:51.457,2025-09-08 15:39:51.457
2469,179,26,2,2025-09-08 15:39:51.465,2025-09-08 15:39:51.465
2470,180,26,6,2025-09-08 15:39:51.472,2025-09-08 15:39:51.472
2471,181,26,7,2025-09-08 15:39:51.479,2025-09-08 15:39:51.479
2472,182,26,4,2025-09-08 15:39:51.487,2025-09-08 15:39:51.487
2473,183,26,5,2025-09-08 15:39:51.495,2025-09-08 15:39:51.495
2474,184,26,6,2025-09-08 15:39:51.503,2025-09-08 15:39:51.503
2475,185,26,3,2025-09-08 15:39:51.51,2025-09-08 15:39:51.51
2476,186,26,6,2025-09-08 15:39:51.517,2025-09-08 15:39:51.517
2477,187,26,5,2025-09-08 15:39:51.523,2025-09-08 15:39:51.523
2478,188,26,3,2025-09-08 15:39:51.532,2025-09-08 15:39:51.532
2479,189,26,4,2025-09-08 15:39:51.539,2025-09-08 15:39:51.539
2480,190,26,3,2025-09-08 15:39:51.547,2025-09-08 15:39:51.547
2481,191,26,7,2025-09-08 15:39:51.553,2025-09-08 15:39:51.553
2482,192,26,5,2025-09-08 15:39:51.559,2025-09-08 15:39:51.559
2483,193,26,4,2025-09-08 15:39:51.566,2025-09-08 15:39:51.566
2484,194,26,6,2025-09-08 15:39:51.572,2025-09-08 15:39:51.572
2485,195,26,6,2025-09-08 15:39:51.578,2025-09-08 15:39:51.578
2486,196,26,4,2025-09-08 15:39:51.598,2025-09-08 15:39:51.598
2487,197,26,5,2025-09-08 15:39:51.605,2025-09-08 15:39:51.605
2488,198,26,4,2025-09-08 15:39:51.611,2025-09-08 15:39:51.611
2489,199,26,4,2025-09-08 15:39:51.618,2025-09-08 15:39:51.618
2490,200,26,4,2025-09-08 15:39:51.624,2025-09-08 15:39:51.624
2491,201,26,3,2025-09-08 15:39:51.633,2025-09-08 15:39:51.633
2492,202,26,4,2025-09-08 15:39:51.639,2025-09-08 15:39:51.639
2493,203,26,5,2025-09-08 15:39:51.643,2025-09-08 15:39:51.643
2494,204,26,6,2025-09-08 15:39:51.652,2025-09-08 15:39:51.652
2495,205,26,1,2025-09-08 15:39:51.657,2025-09-08 15:39:51.657
2496,206,26,6,2025-09-08 15:39:51.664,2025-09-08 15:39:51.664
2497,207,26,2,2025-09-08 15:39:51.671,2025-09-08 15:39:51.671
2498,208,26,5,2025-09-08 15:39:51.677,2025-09-08 15:39:51.677
2499,209,26,4,2025-09-08 15:39:51.684,2025-09-08 15:39:51.684
2500,210,26,6,2025-09-08 15:39:51.689,2025-09-08 15:39:51.689
2501,211,26,7,2025-09-08 15:39:51.696,2025-09-08 15:39:51.696
2502,212,26,5,2025-09-08 15:39:51.703,2025-09-08 15:39:51.703
2503,213,26,2,2025-09-08 15:39:51.71,2025-09-08 15:39:51.71
2504,214,26,5,2025-09-08 15:39:51.717,2025-09-08 15:39:51.717
2505,215,26,3,2025-09-08 15:39:51.722,2025-09-08 15:39:51.722
2506,216,26,5,2025-09-08 15:39:51.728,2025-09-08 15:39:51.728
2507,217,26,4,2025-09-08 15:39:51.734,2025-09-08 15:39:51.734
2508,218,26,4,2025-09-08 15:39:51.74,2025-09-08 15:39:51.74
2509,219,26,6,2025-09-08 15:39:51.747,2025-09-08 15:39:51.747
2510,220,26,1,2025-09-08 15:39:51.754,2025-09-08 15:39:51.754
2511,221,26,2,2025-09-08 15:39:51.76,2025-09-08 15:39:51.76
2512,222,26,2,2025-09-08 15:39:51.767,2025-09-08 15:39:51.767
2513,223,26,2,2025-09-08 15:39:51.773,2025-09-08 15:39:51.773
2514,224,26,2,2025-09-08 15:39:51.778,2025-09-08 15:39:51.778
2515,225,26,5,2025-09-08 15:39:51.786,2025-09-08 15:39:51.786
2516,226,26,4,2025-09-08 15:39:51.792,2025-09-08 15:39:51.792
2517,227,26,3,2025-09-08 15:39:51.798,2025-09-08 15:39:51.798
2518,228,26,4,2025-09-08 15:39:51.805,2025-09-08 15:39:51.805
2519,229,26,6,2025-09-08 15:39:51.811,2025-09-08 15:39:51.811
2520,230,26,5,2025-09-08 15:39:51.818,2025-09-08 15:39:51.818
2521,231,26,5,2025-09-08 15:39:51.824,2025-09-08 15:39:51.824
2522,232,26,4,2025-09-08 15:39:51.829,2025-09-08 15:39:51.829
2523,233,26,4,2025-09-08 15:39:51.835,2025-09-08 15:39:51.835
2524,234,26,3,2025-09-08 15:39:51.841,2025-09-08 15:39:51.841
2525,235,26,6,2025-09-08 15:39:51.847,2025-09-08 15:39:51.847
2526,236,26,7,2025-09-08 15:39:51.855,2025-09-08 15:39:51.855
2527,237,26,6,2025-09-08 15:39:51.86,2025-09-08 15:39:51.86
2528,238,26,6,2025-09-08 15:39:51.866,2025-09-08 15:39:51.866
2529,239,26,1,2025-09-08 15:39:51.871,2025-09-08 15:39:51.871
2530,240,26,6,2025-09-08 15:39:51.877,2025-09-08 15:39:51.877
2531,241,26,5,2025-09-08 15:39:51.884,2025-09-08 15:39:51.884
2532,242,26,5,2025-09-08 15:39:51.891,2025-09-08 15:39:51.891
2533,243,26,4,2025-09-08 15:39:51.897,2025-09-08 15:39:51.897
2534,244,26,6,2025-09-08 15:39:51.904,2025-09-08 15:39:51.904
2535,245,26,4,2025-09-08 15:39:51.909,2025-09-08 15:39:51.909
2536,246,26,4,2025-09-08 15:39:51.915,2025-09-08 15:39:51.915
2537,247,26,6,2025-09-08 15:39:51.921,2025-09-08 15:39:51.921
2538,248,26,4,2025-09-08 15:39:51.926,2025-09-08 15:39:51.926
2539,249,26,6,2025-09-08 15:39:51.932,2025-09-08 15:39:51.932
2540,250,26,6,2025-09-08 15:39:51.938,2025-09-08 15:39:51.938
2541,251,26,6,2025-09-08 15:39:51.943,2025-09-08 15:39:51.943
2542,252,26,2,2025-09-08 15:39:51.95,2025-09-08 15:39:51.95
2543,253,26,6,2025-09-08 15:39:51.957,2025-09-08 15:39:51.957
2544,254,26,6,2025-09-08 15:39:51.963,2025-09-08 15:39:51.963
2545,255,26,4,2025-09-08 15:39:51.971,2025-09-08 15:39:51.971
2546,256,26,5,2025-09-08 15:39:51.977,2025-09-08 15:39:51.977
2547,257,26,4,2025-09-08 15:39:51.983,2025-09-08 15:39:51.983
2548,258,26,4,2025-09-08 15:39:51.989,2025-09-08 15:39:51.989
2549,259,26,4,2025-09-08 15:39:51.994,2025-09-08 15:39:51.994
2550,260,26,4,2025-09-08 15:39:52.002,2025-09-08 15:39:52.002
2551,261,26,4,2025-09-08 15:39:52.008,2025-09-08 15:39:52.008
2552,262,26,5,2025-09-08 15:39:52.014,2025-09-08 15:39:52.014
2553,263,26,6,2025-09-08 15:39:52.022,2025-09-08 15:39:52.022
2554,264,26,4,2025-09-08 15:39:52.031,2025-09-08 15:39:52.031
2555,265,26,3,2025-09-08 15:39:52.039,2025-09-08 15:39:52.039
2556,266,26,4,2025-09-08 15:39:52.047,2025-09-08 15:39:52.047
2557,267,26,4,2025-09-08 15:39:52.055,2025-09-08 15:39:52.055
2558,268,26,4,2025-09-08 15:39:52.063,2025-09-08 15:39:52.063
2559,269,26,5,2025-09-08 15:39:52.071,2025-09-08 15:39:52.071
2560,270,26,2,2025-09-08 15:39:52.078,2025-09-08 15:39:52.078
2561,271,26,2,2025-09-08 15:39:52.086,2025-09-08 15:39:52.086
2562,272,26,6,2025-09-08 15:39:52.093,2025-09-08 15:39:52.093
2563,273,26,3,2025-09-08 15:39:52.101,2025-09-08 15:39:52.101
2564,274,26,3,2025-09-08 15:39:52.109,2025-09-08 15:39:52.109
2565,275,26,4,2025-09-08 15:39:52.116,2025-09-08 15:39:52.116
2566,276,26,5,2025-09-08 15:39:52.124,2025-09-08 15:39:52.124
2567,277,26,4,2025-09-08 15:39:52.132,2025-09-08 15:39:52.132
2568,278,26,1,2025-09-08 15:39:52.139,2025-09-08 15:39:52.139
2569,279,26,4,2025-09-08 15:39:52.145,2025-09-08 15:39:52.145
2570,280,26,6,2025-09-08 15:39:52.152,2025-09-08 15:39:52.152
2571,281,26,5,2025-09-08 15:39:52.159,2025-09-08 15:39:52.159
2572,282,26,4,2025-09-08 15:39:52.166,2025-09-08 15:39:52.166
2573,283,26,7,2025-09-08 15:39:52.173,2025-09-08 15:39:52.173
2574,284,26,5,2025-09-08 15:39:52.181,2025-09-08 15:39:52.181
2575,285,26,4,2025-09-08 15:39:52.187,2025-09-08 15:39:52.187
2576,286,26,7,2025-09-08 15:39:52.193,2025-09-08 15:39:52.193
2577,287,26,4,2025-09-08 15:39:52.199,2025-09-08 15:39:52.199
2578,288,26,6,2025-09-08 15:39:52.205,2025-09-08 15:39:52.205
2579,289,26,5,2025-09-08 15:39:52.212,2025-09-08 15:39:52.212
2580,290,26,4,2025-09-08 15:39:52.219,2025-09-08 15:39:52.219
2581,291,26,4,2025-09-08 15:39:52.226,2025-09-08 15:39:52.226
2582,292,26,6,2025-09-08 15:39:52.232,2025-09-08 15:39:52.232
2583,293,26,4,2025-09-08 15:39:52.241,2025-09-08 15:39:52.241
2584,294,26,5,2025-09-08 15:39:52.249,2025-09-08 15:39:52.249
2585,295,26,6,2025-09-08 15:39:52.255,2025-09-08 15:39:52.255
2586,296,26,4,2025-09-08 15:39:52.261,2025-09-08 15:39:52.261
2587,297,26,2,2025-09-08 15:39:52.268,2025-09-08 15:39:52.268
2588,298,26,4,2025-09-08 15:39:52.275,2025-09-08 15:39:52.275
2589,299,26,6,2025-09-08 15:39:52.282,2025-09-08 15:39:52.282
2590,300,26,2,2025-09-08 15:39:52.289,2025-09-08 15:39:52.289
2591,301,26,3,2025-09-08 15:39:52.302,2025-09-08 15:39:52.302
2592,302,26,3,2025-09-08 15:39:52.307,2025-09-08 15:39:52.307
2593,303,26,2,2025-09-08 15:39:52.314,2025-09-08 15:39:52.314
2594,304,26,7,2025-09-08 15:39:52.331,2025-09-08 15:39:52.331
2595,305,26,5,2025-09-08 15:39:52.339,2025-09-08 15:39:52.339
2596,306,26,5,2025-09-08 15:39:52.348,2025-09-08 15:39:52.348
2597,307,26,4,2025-09-08 15:39:52.355,2025-09-08 15:39:52.355
2598,308,26,5,2025-09-08 15:39:52.362,2025-09-08 15:39:52.362
2599,309,26,6,2025-09-08 15:39:52.369,2025-09-08 15:39:52.369
2600,310,26,4,2025-09-08 15:39:52.377,2025-09-08 15:39:52.377
2601,311,26,5,2025-09-08 15:39:52.385,2025-09-08 15:39:52.385
2602,312,26,4,2025-09-08 15:39:52.394,2025-09-08 15:39:52.394
2603,313,26,4,2025-09-08 15:39:52.404,2025-09-08 15:39:52.404
2604,314,26,4,2025-09-08 15:39:52.412,2025-09-08 15:39:52.412
2605,315,26,6,2025-09-08 15:39:52.418,2025-09-08 15:39:52.418
2606,316,26,6,2025-09-08 15:39:52.425,2025-09-08 15:39:52.425
2607,317,26,5,2025-09-08 15:39:52.431,2025-09-08 15:39:52.431
2608,318,26,4,2025-09-08 15:39:52.437,2025-09-08 15:39:52.437
2609,319,26,4,2025-09-08 15:39:52.444,2025-09-08 15:39:52.444
2610,320,26,5,2025-09-08 15:39:52.449,2025-09-08 15:39:52.449
2611,321,26,6,2025-09-08 15:39:52.456,2025-09-08 15:39:52.456
2612,322,26,5,2025-09-08 15:39:52.463,2025-09-08 15:39:52.463
2613,323,26,5,2025-09-08 15:39:52.469,2025-09-08 15:39:52.469
2614,324,26,1,2025-09-08 15:39:52.475,2025-09-08 15:39:52.475
2615,325,26,5,2025-09-08 15:39:52.48,2025-09-08 15:39:52.48
2616,326,26,4,2025-09-08 15:39:52.485,2025-09-08 15:39:52.485
2617,327,26,2,2025-09-08 15:39:52.492,2025-09-08 15:39:52.492
2618,328,26,4,2025-09-08 15:39:52.498,2025-09-08 15:39:52.498
2619,329,26,6,2025-09-08 15:39:52.505,2025-09-08 15:39:52.505
2620,330,26,4,2025-09-08 15:39:52.51,2025-09-08 15:39:52.51
2621,331,26,1,2025-09-08 15:39:52.515,2025-09-08 15:39:52.515
2622,332,26,4,2025-09-08 15:39:52.52,2025-09-08 15:39:52.52
2623,333,26,4,2025-09-08 15:39:52.527,2025-09-08 15:39:52.527
2624,334,26,5,2025-09-08 15:39:52.531,2025-09-08 15:39:52.531
2625,335,26,4,2025-09-08 15:39:52.538,2025-09-08 15:39:52.538
2626,336,26,5,2025-09-08 15:39:52.544,2025-09-08 15:39:52.544
2627,337,26,4,2025-09-08 15:39:52.55,2025-09-08 15:39:52.55
2628,338,26,6,2025-09-08 15:39:52.556,2025-09-08 15:39:52.556
2629,339,26,5,2025-09-08 15:39:52.562,2025-09-08 15:39:52.562
2630,340,26,4,2025-09-08 15:39:52.567,2025-09-08 15:39:52.567
2631,341,26,5,2025-09-08 15:39:52.574,2025-09-08 15:39:52.574
2632,342,26,7,2025-09-08 15:39:52.58,2025-09-08 15:39:52.58
2633,343,26,5,2025-09-08 15:39:52.587,2025-09-08 15:39:52.587
2634,344,26,4,2025-09-08 15:39:52.593,2025-09-08 15:39:52.593
2635,345,26,5,2025-09-08 15:39:52.6,2025-09-08 15:39:52.6
2636,346,26,6,2025-09-08 15:39:52.608,2025-09-08 15:39:52.608
2637,347,26,4,2025-09-08 15:39:52.616,2025-09-08 15:39:52.616
2638,348,26,4,2025-09-08 15:39:52.623,2025-09-08 15:39:52.623
2639,349,26,4,2025-09-08 15:39:52.631,2025-09-08 15:39:52.631
2640,350,26,4,2025-09-08 15:39:52.638,2025-09-08 15:39:52.638
2641,351,26,4,2025-09-08 15:39:52.648,2025-09-08 15:39:52.648
2642,352,26,4,2025-09-08 15:39:52.654,2025-09-08 15:39:52.654
2643,353,26,5,2025-09-08 15:39:52.659,2025-09-08 15:39:52.659
2644,354,26,4,2025-09-08 15:39:52.665,2025-09-08 15:39:52.665
2645,355,26,1,2025-09-08 15:39:52.672,2025-09-08 15:39:52.672
2646,356,26,4,2025-09-08 15:39:52.68,2025-09-08 15:39:52.68
2647,357,26,5,2025-09-08 15:39:52.692,2025-09-08 15:39:52.692
2648,358,26,4,2025-09-08 15:39:52.7,2025-09-08 15:39:52.7
2649,359,26,5,2025-09-08 15:39:52.707,2025-09-08 15:39:52.707
2650,360,26,5,2025-09-08 15:39:52.714,2025-09-08 15:39:52.714
2651,361,26,5,2025-09-08 15:39:52.721,2025-09-08 15:39:52.721
2652,362,26,2,2025-09-08 15:39:52.727,2025-09-08 15:39:52.727
2653,363,26,4,2025-09-08 15:39:52.734,2025-09-08 15:39:52.734
2654,364,26,5,2025-09-08 15:39:52.739,2025-09-08 15:39:52.739
2655,365,26,4,2025-09-08 15:39:52.745,2025-09-08 15:39:52.745
2656,366,26,5,2025-09-08 15:39:52.75,2025-09-08 15:39:52.75
2657,367,26,2,2025-09-08 15:39:52.756,2025-09-08 15:39:52.756
2658,368,26,3,2025-09-08 15:39:52.762,2025-09-08 15:39:52.762
2659,369,26,4,2025-09-08 15:39:52.768,2025-09-08 15:39:52.768
2660,9,25,7,2025-09-08 15:39:52.774,2025-09-08 15:39:52.774
2661,10,25,4,2025-09-08 15:39:52.78,2025-09-08 15:39:52.78
2662,11,25,5,2025-09-08 15:39:52.787,2025-09-08 15:39:52.787
2663,12,25,3,2025-09-08 15:39:52.798,2025-09-08 15:39:52.798
2664,13,25,6,2025-09-08 15:39:52.805,2025-09-08 15:39:52.805
2665,14,25,3,2025-09-08 15:39:52.81,2025-09-08 15:39:52.81
2666,15,25,4,2025-09-08 15:39:52.817,2025-09-08 15:39:52.817
2667,16,25,7,2025-09-08 15:39:52.823,2025-09-08 15:39:52.823
2668,17,25,4,2025-09-08 15:39:52.83,2025-09-08 15:39:52.83
2669,18,25,7,2025-09-08 15:39:52.839,2025-09-08 15:39:52.839
2670,19,25,5,2025-09-08 15:39:52.846,2025-09-08 15:39:52.846
2671,20,25,4,2025-09-08 15:39:52.851,2025-09-08 15:39:52.851
2672,21,25,5,2025-09-08 15:39:52.856,2025-09-08 15:39:52.856
2673,22,25,6,2025-09-08 15:39:52.861,2025-09-08 15:39:52.861
2674,23,25,4,2025-09-08 15:39:52.866,2025-09-08 15:39:52.866
2675,24,25,4,2025-09-08 15:39:52.87,2025-09-08 15:39:52.87
2676,25,25,4,2025-09-08 15:39:52.877,2025-09-08 15:39:52.877
2677,26,25,4,2025-09-08 15:39:52.882,2025-09-08 15:39:52.882
2678,27,25,5,2025-09-08 15:39:52.888,2025-09-08 15:39:52.888
2679,28,25,5,2025-09-08 15:39:52.894,2025-09-08 15:39:52.894
2680,29,25,4,2025-09-08 15:39:52.9,2025-09-08 15:39:52.9
2681,30,25,6,2025-09-08 15:39:52.907,2025-09-08 15:39:52.907
2682,31,25,4,2025-09-08 15:39:52.913,2025-09-08 15:39:52.913
2683,32,25,2,2025-09-08 15:39:52.918,2025-09-08 15:39:52.918
2684,33,25,5,2025-09-08 15:39:52.924,2025-09-08 15:39:52.924
2685,34,25,1,2025-09-08 15:39:52.93,2025-09-08 15:39:52.93
2686,35,25,6,2025-09-08 15:39:52.935,2025-09-08 15:39:52.935
2687,36,25,4,2025-09-08 15:39:52.942,2025-09-08 15:39:52.942
2688,37,25,6,2025-09-08 15:39:52.948,2025-09-08 15:39:52.948
2689,38,25,5,2025-09-08 15:39:52.954,2025-09-08 15:39:52.954
2690,39,25,4,2025-09-08 15:39:52.962,2025-09-08 15:39:52.962
2691,40,25,5,2025-09-08 15:39:52.967,2025-09-08 15:39:52.967
2692,41,25,6,2025-09-08 15:39:52.973,2025-09-08 15:39:52.973
2693,42,25,6,2025-09-08 15:39:52.979,2025-09-08 15:39:52.979
2694,43,25,6,2025-09-08 15:39:52.985,2025-09-08 15:39:52.985
2695,44,25,6,2025-09-08 15:39:52.991,2025-09-08 15:39:52.991
2696,45,25,5,2025-09-08 15:39:52.996,2025-09-08 15:39:52.996
2697,46,25,7,2025-09-08 15:39:53.001,2025-09-08 15:39:53.001
2698,47,25,4,2025-09-08 15:39:53.006,2025-09-08 15:39:53.006
2699,48,25,4,2025-09-08 15:39:53.012,2025-09-08 15:39:53.012
2700,49,25,7,2025-09-08 15:39:53.017,2025-09-08 15:39:53.017
2701,50,25,6,2025-09-08 15:39:53.023,2025-09-08 15:39:53.023
2702,51,25,7,2025-09-08 15:39:53.03,2025-09-08 15:39:53.03
2703,52,25,3,2025-09-08 15:39:53.035,2025-09-08 15:39:53.035
2704,53,25,7,2025-09-08 15:39:53.044,2025-09-08 15:39:53.044
2705,54,25,7,2025-09-08 15:39:53.05,2025-09-08 15:39:53.05
2706,55,25,4,2025-09-08 15:39:53.056,2025-09-08 15:39:53.056
2707,56,25,4,2025-09-08 15:39:53.063,2025-09-08 15:39:53.063
2708,57,25,6,2025-09-08 15:39:53.068,2025-09-08 15:39:53.068
2709,58,25,2,2025-09-08 15:39:53.078,2025-09-08 15:39:53.078
2710,59,25,7,2025-09-08 15:39:53.086,2025-09-08 15:39:53.086
2711,60,25,4,2025-09-08 15:39:53.095,2025-09-08 15:39:53.095
2712,61,25,4,2025-09-08 15:39:53.102,2025-09-08 15:39:53.102
2713,62,25,6,2025-09-08 15:39:53.111,2025-09-08 15:39:53.111
2714,63,25,5,2025-09-08 15:39:53.119,2025-09-08 15:39:53.119
2715,64,25,4,2025-09-08 15:39:53.128,2025-09-08 15:39:53.128
2716,65,25,6,2025-09-08 15:39:53.136,2025-09-08 15:39:53.136
2717,66,25,6,2025-09-08 15:39:53.146,2025-09-08 15:39:53.146
2718,67,25,6,2025-09-08 15:39:53.155,2025-09-08 15:39:53.155
2719,68,25,4,2025-09-08 15:39:53.164,2025-09-08 15:39:53.164
2720,69,25,5,2025-09-08 15:39:53.174,2025-09-08 15:39:53.174
2721,70,25,1,2025-09-08 15:39:53.181,2025-09-08 15:39:53.181
2722,71,25,6,2025-09-08 15:39:53.188,2025-09-08 15:39:53.188
2723,72,25,6,2025-09-08 15:39:53.194,2025-09-08 15:39:53.194
2724,73,25,7,2025-09-08 15:39:53.2,2025-09-08 15:39:53.2
2725,74,25,1,2025-09-08 15:39:53.207,2025-09-08 15:39:53.207
2726,75,25,5,2025-09-08 15:39:53.214,2025-09-08 15:39:53.214
2727,76,25,5,2025-09-08 15:39:53.222,2025-09-08 15:39:53.222
2728,77,25,6,2025-09-08 15:39:53.229,2025-09-08 15:39:53.229
2729,78,25,6,2025-09-08 15:39:53.237,2025-09-08 15:39:53.237
2730,79,25,4,2025-09-08 15:39:53.244,2025-09-08 15:39:53.244
2731,80,25,7,2025-09-08 15:39:53.251,2025-09-08 15:39:53.251
2732,81,25,4,2025-09-08 15:39:53.257,2025-09-08 15:39:53.257
2733,82,25,6,2025-09-08 15:39:53.263,2025-09-08 15:39:53.263
2734,83,25,4,2025-09-08 15:39:53.27,2025-09-08 15:39:53.27
2735,84,25,5,2025-09-08 15:39:53.276,2025-09-08 15:39:53.276
2736,85,25,7,2025-09-08 15:39:53.282,2025-09-08 15:39:53.282
2737,86,25,5,2025-09-08 15:39:53.29,2025-09-08 15:39:53.29
2738,87,25,4,2025-09-08 15:39:53.299,2025-09-08 15:39:53.299
2739,88,25,4,2025-09-08 15:39:53.311,2025-09-08 15:39:53.311
2740,89,25,4,2025-09-08 15:39:53.319,2025-09-08 15:39:53.319
2741,90,25,5,2025-09-08 15:39:53.326,2025-09-08 15:39:53.326
2742,91,25,4,2025-09-08 15:39:53.334,2025-09-08 15:39:53.334
2743,92,25,3,2025-09-08 15:39:53.343,2025-09-08 15:39:53.343
2744,93,25,4,2025-09-08 15:39:53.351,2025-09-08 15:39:53.351
2745,94,25,6,2025-09-08 15:39:53.358,2025-09-08 15:39:53.358
2746,95,25,4,2025-09-08 15:39:53.364,2025-09-08 15:39:53.364
2747,96,25,5,2025-09-08 15:39:53.37,2025-09-08 15:39:53.37
2748,97,25,4,2025-09-08 15:39:53.376,2025-09-08 15:39:53.376
2749,98,25,5,2025-09-08 15:39:53.382,2025-09-08 15:39:53.382
2750,99,25,4,2025-09-08 15:39:53.388,2025-09-08 15:39:53.388
2751,100,25,4,2025-09-08 15:39:53.393,2025-09-08 15:39:53.393
2752,101,25,5,2025-09-08 15:39:53.399,2025-09-08 15:39:53.399
2753,102,25,6,2025-09-08 15:39:53.406,2025-09-08 15:39:53.406
2754,103,25,4,2025-09-08 15:39:53.412,2025-09-08 15:39:53.412
2755,104,25,7,2025-09-08 15:39:53.419,2025-09-08 15:39:53.419
2756,105,25,5,2025-09-08 15:39:53.425,2025-09-08 15:39:53.425
2757,106,25,6,2025-09-08 15:39:53.433,2025-09-08 15:39:53.433
2758,107,25,5,2025-09-08 15:39:53.439,2025-09-08 15:39:53.439
2759,108,25,6,2025-09-08 15:39:53.447,2025-09-08 15:39:53.447
2760,109,25,5,2025-09-08 15:39:53.453,2025-09-08 15:39:53.453
2761,110,25,4,2025-09-08 15:39:53.459,2025-09-08 15:39:53.459
2762,111,25,6,2025-09-08 15:39:53.464,2025-09-08 15:39:53.464
2763,112,25,5,2025-09-08 15:39:53.471,2025-09-08 15:39:53.471
2764,113,25,5,2025-09-08 15:39:53.477,2025-09-08 15:39:53.477
2765,114,25,6,2025-09-08 15:39:53.483,2025-09-08 15:39:53.483
2766,115,25,1,2025-09-08 15:39:53.488,2025-09-08 15:39:53.488
2767,116,25,4,2025-09-08 15:39:53.494,2025-09-08 15:39:53.494
2768,117,25,6,2025-09-08 15:39:53.5,2025-09-08 15:39:53.5
2769,118,25,6,2025-09-08 15:39:53.505,2025-09-08 15:39:53.505
2770,119,25,4,2025-09-08 15:39:53.51,2025-09-08 15:39:53.51
2771,120,25,5,2025-09-08 15:39:53.516,2025-09-08 15:39:53.516
2772,121,25,7,2025-09-08 15:39:53.521,2025-09-08 15:39:53.521
2773,122,25,5,2025-09-08 15:39:53.526,2025-09-08 15:39:53.526
2774,123,25,7,2025-09-08 15:39:53.533,2025-09-08 15:39:53.533
2775,124,25,6,2025-09-08 15:39:53.541,2025-09-08 15:39:53.541
2776,125,25,6,2025-09-08 15:39:53.55,2025-09-08 15:39:53.55
2777,126,25,4,2025-09-08 15:39:53.557,2025-09-08 15:39:53.557
2778,127,25,7,2025-09-08 15:39:53.564,2025-09-08 15:39:53.564
2779,128,25,5,2025-09-08 15:39:53.571,2025-09-08 15:39:53.571
2780,129,25,4,2025-09-08 15:39:53.578,2025-09-08 15:39:53.578
2781,130,25,6,2025-09-08 15:39:53.584,2025-09-08 15:39:53.584
2782,131,25,5,2025-09-08 15:39:53.589,2025-09-08 15:39:53.589
2783,132,25,4,2025-09-08 15:39:53.6,2025-09-08 15:39:53.6
2784,133,25,4,2025-09-08 15:39:53.605,2025-09-08 15:39:53.605
2785,134,25,7,2025-09-08 15:39:53.612,2025-09-08 15:39:53.612
2786,135,25,5,2025-09-08 15:39:53.619,2025-09-08 15:39:53.619
2787,136,25,5,2025-09-08 15:39:53.624,2025-09-08 15:39:53.624
2788,137,25,6,2025-09-08 15:39:53.633,2025-09-08 15:39:53.633
2789,138,25,4,2025-09-08 15:39:53.641,2025-09-08 15:39:53.641
2790,139,25,4,2025-09-08 15:39:53.651,2025-09-08 15:39:53.651
2791,140,25,5,2025-09-08 15:39:53.658,2025-09-08 15:39:53.658
2792,141,25,4,2025-09-08 15:39:53.665,2025-09-08 15:39:53.665
2793,142,25,4,2025-09-08 15:39:53.673,2025-09-08 15:39:53.673
2794,143,25,4,2025-09-08 15:39:53.679,2025-09-08 15:39:53.679
2795,144,25,4,2025-09-08 15:39:53.686,2025-09-08 15:39:53.686
2796,145,25,6,2025-09-08 15:39:53.693,2025-09-08 15:39:53.693
2797,146,25,4,2025-09-08 15:39:53.7,2025-09-08 15:39:53.7
2798,147,25,6,2025-09-08 15:39:53.708,2025-09-08 15:39:53.708
2799,148,25,6,2025-09-08 15:39:53.715,2025-09-08 15:39:53.715
2800,149,25,4,2025-09-08 15:39:53.721,2025-09-08 15:39:53.721
2801,150,25,5,2025-09-08 15:39:53.726,2025-09-08 15:39:53.726
2802,151,25,4,2025-09-08 15:39:53.732,2025-09-08 15:39:53.732
2803,152,25,5,2025-09-08 15:39:53.738,2025-09-08 15:39:53.738
2804,153,25,2,2025-09-08 15:39:53.745,2025-09-08 15:39:53.745
2805,154,25,3,2025-09-08 15:39:53.751,2025-09-08 15:39:53.751
2806,155,25,5,2025-09-08 15:39:53.759,2025-09-08 15:39:53.759
2807,156,25,4,2025-09-08 15:39:53.765,2025-09-08 15:39:53.765
2808,157,25,5,2025-09-08 15:39:53.77,2025-09-08 15:39:53.77
2809,158,25,1,2025-09-08 15:39:53.78,2025-09-08 15:39:53.78
2810,159,25,3,2025-09-08 15:39:53.787,2025-09-08 15:39:53.787
2811,160,25,3,2025-09-08 15:39:53.793,2025-09-08 15:39:53.793
2812,161,25,4,2025-09-08 15:39:53.799,2025-09-08 15:39:53.799
2813,162,25,5,2025-09-08 15:39:53.806,2025-09-08 15:39:53.806
2814,163,25,2,2025-09-08 15:39:53.813,2025-09-08 15:39:53.813
2815,164,25,4,2025-09-08 15:39:53.818,2025-09-08 15:39:53.818
2816,165,25,5,2025-09-08 15:39:53.825,2025-09-08 15:39:53.825
2817,166,25,3,2025-09-08 15:39:53.83,2025-09-08 15:39:53.83
2818,167,25,5,2025-09-08 15:39:53.834,2025-09-08 15:39:53.834
2819,168,25,4,2025-09-08 15:39:53.84,2025-09-08 15:39:53.84
2820,169,25,5,2025-09-08 15:39:53.846,2025-09-08 15:39:53.846
2821,170,25,6,2025-09-08 15:39:53.853,2025-09-08 15:39:53.853
2822,171,25,4,2025-09-08 15:39:53.86,2025-09-08 15:39:53.86
2823,172,25,3,2025-09-08 15:39:53.866,2025-09-08 15:39:53.866
2824,173,25,6,2025-09-08 15:39:53.873,2025-09-08 15:39:53.873
2825,174,25,4,2025-09-08 15:39:53.88,2025-09-08 15:39:53.88
2826,175,25,5,2025-09-08 15:39:53.888,2025-09-08 15:39:53.888
2827,176,25,6,2025-09-08 15:39:53.895,2025-09-08 15:39:53.895
2828,177,25,4,2025-09-08 15:39:53.903,2025-09-08 15:39:53.903
2829,178,25,5,2025-09-08 15:39:53.911,2025-09-08 15:39:53.911
2830,179,25,2,2025-09-08 15:39:53.918,2025-09-08 15:39:53.918
2831,180,25,6,2025-09-08 15:39:53.925,2025-09-08 15:39:53.925
2832,181,25,7,2025-09-08 15:39:53.932,2025-09-08 15:39:53.932
2833,182,25,4,2025-09-08 15:39:53.94,2025-09-08 15:39:53.94
2834,183,25,7,2025-09-08 15:39:53.947,2025-09-08 15:39:53.947
2835,184,25,6,2025-09-08 15:39:53.957,2025-09-08 15:39:53.957
2836,185,25,5,2025-09-08 15:39:53.963,2025-09-08 15:39:53.963
2837,186,25,6,2025-09-08 15:39:53.969,2025-09-08 15:39:53.969
2838,187,25,6,2025-09-08 15:39:53.977,2025-09-08 15:39:53.977
2839,188,25,3,2025-09-08 15:39:53.983,2025-09-08 15:39:53.983
2840,189,25,3,2025-09-08 15:39:53.99,2025-09-08 15:39:53.99
2841,190,25,3,2025-09-08 15:39:53.995,2025-09-08 15:39:53.995
2842,191,25,7,2025-09-08 15:39:54.001,2025-09-08 15:39:54.001
2843,192,25,5,2025-09-08 15:39:54.006,2025-09-08 15:39:54.006
2844,193,25,5,2025-09-08 15:39:54.012,2025-09-08 15:39:54.012
2845,194,25,6,2025-09-08 15:39:54.018,2025-09-08 15:39:54.018
2846,195,25,5,2025-09-08 15:39:54.024,2025-09-08 15:39:54.024
2847,196,25,5,2025-09-08 15:39:54.03,2025-09-08 15:39:54.03
2848,197,25,5,2025-09-08 15:39:54.046,2025-09-08 15:39:54.046
2849,198,25,4,2025-09-08 15:39:54.054,2025-09-08 15:39:54.054
2850,199,25,4,2025-09-08 15:39:54.06,2025-09-08 15:39:54.06
2851,200,25,4,2025-09-08 15:39:54.065,2025-09-08 15:39:54.065
2852,201,25,4,2025-09-08 15:39:54.072,2025-09-08 15:39:54.072
2853,202,25,6,2025-09-08 15:39:54.078,2025-09-08 15:39:54.078
2854,203,25,5,2025-09-08 15:39:54.085,2025-09-08 15:39:54.085
2855,204,25,7,2025-09-08 15:39:54.091,2025-09-08 15:39:54.091
2856,205,25,1,2025-09-08 15:39:54.095,2025-09-08 15:39:54.095
2857,206,25,7,2025-09-08 15:39:54.102,2025-09-08 15:39:54.102
2858,207,25,7,2025-09-08 15:39:54.107,2025-09-08 15:39:54.107
2859,208,25,4,2025-09-08 15:39:54.111,2025-09-08 15:39:54.111
2860,209,25,4,2025-09-08 15:39:54.118,2025-09-08 15:39:54.118
2861,210,25,6,2025-09-08 15:39:54.125,2025-09-08 15:39:54.125
2862,211,25,7,2025-09-08 15:39:54.132,2025-09-08 15:39:54.132
2863,212,25,5,2025-09-08 15:39:54.139,2025-09-08 15:39:54.139
2864,213,25,3,2025-09-08 15:39:54.147,2025-09-08 15:39:54.147
2865,214,25,5,2025-09-08 15:39:54.157,2025-09-08 15:39:54.157
2866,215,25,4,2025-09-08 15:39:54.165,2025-09-08 15:39:54.165
2867,216,25,6,2025-09-08 15:39:54.173,2025-09-08 15:39:54.173
2868,217,25,4,2025-09-08 15:39:54.182,2025-09-08 15:39:54.182
2869,218,25,5,2025-09-08 15:39:54.192,2025-09-08 15:39:54.192
2870,219,25,6,2025-09-08 15:39:54.199,2025-09-08 15:39:54.199
2871,220,25,2,2025-09-08 15:39:54.209,2025-09-08 15:39:54.209
2872,221,25,2,2025-09-08 15:39:54.217,2025-09-08 15:39:54.217
2873,222,25,5,2025-09-08 15:39:54.224,2025-09-08 15:39:54.224
2874,223,25,4,2025-09-08 15:39:54.231,2025-09-08 15:39:54.231
2875,224,25,2,2025-09-08 15:39:54.238,2025-09-08 15:39:54.238
2876,225,25,5,2025-09-08 15:39:54.245,2025-09-08 15:39:54.245
2877,226,25,6,2025-09-08 15:39:54.251,2025-09-08 15:39:54.251
2878,227,25,3,2025-09-08 15:39:54.259,2025-09-08 15:39:54.259
2879,228,25,5,2025-09-08 15:39:54.267,2025-09-08 15:39:54.267
2880,229,25,6,2025-09-08 15:39:54.273,2025-09-08 15:39:54.273
2881,230,25,5,2025-09-08 15:39:54.28,2025-09-08 15:39:54.28
2882,231,25,5,2025-09-08 15:39:54.288,2025-09-08 15:39:54.288
2883,232,25,4,2025-09-08 15:39:54.295,2025-09-08 15:39:54.295
2884,233,25,6,2025-09-08 15:39:54.301,2025-09-08 15:39:54.301
2885,234,25,2,2025-09-08 15:39:54.306,2025-09-08 15:39:54.306
2886,235,25,6,2025-09-08 15:39:54.313,2025-09-08 15:39:54.313
2887,236,25,7,2025-09-08 15:39:54.32,2025-09-08 15:39:54.32
2888,237,25,6,2025-09-08 15:39:54.328,2025-09-08 15:39:54.328
2889,238,25,6,2025-09-08 15:39:54.335,2025-09-08 15:39:54.335
2890,239,25,1,2025-09-08 15:39:54.341,2025-09-08 15:39:54.341
2891,240,25,6,2025-09-08 15:39:54.351,2025-09-08 15:39:54.351
2892,241,25,5,2025-09-08 15:39:54.357,2025-09-08 15:39:54.357
2893,242,25,4,2025-09-08 15:39:54.365,2025-09-08 15:39:54.365
2894,243,25,4,2025-09-08 15:39:54.373,2025-09-08 15:39:54.373
2895,244,25,7,2025-09-08 15:39:54.381,2025-09-08 15:39:54.381
2896,245,25,4,2025-09-08 15:39:54.388,2025-09-08 15:39:54.388
2897,246,25,5,2025-09-08 15:39:54.396,2025-09-08 15:39:54.396
2898,247,25,6,2025-09-08 15:39:54.403,2025-09-08 15:39:54.403
2899,248,25,4,2025-09-08 15:39:54.41,2025-09-08 15:39:54.41
2900,249,25,6,2025-09-08 15:39:54.417,2025-09-08 15:39:54.417
2901,250,25,6,2025-09-08 15:39:54.425,2025-09-08 15:39:54.425
2902,251,25,7,2025-09-08 15:39:54.433,2025-09-08 15:39:54.433
2903,252,25,5,2025-09-08 15:39:54.44,2025-09-08 15:39:54.44
2904,253,25,6,2025-09-08 15:39:54.447,2025-09-08 15:39:54.447
2905,254,25,6,2025-09-08 15:39:54.454,2025-09-08 15:39:54.454
2906,255,25,5,2025-09-08 15:39:54.46,2025-09-08 15:39:54.46
2907,256,25,5,2025-09-08 15:39:54.467,2025-09-08 15:39:54.467
2908,257,25,5,2025-09-08 15:39:54.474,2025-09-08 15:39:54.474
2909,258,25,4,2025-09-08 15:39:54.481,2025-09-08 15:39:54.481
2910,259,25,4,2025-09-08 15:39:54.488,2025-09-08 15:39:54.488
2911,260,25,7,2025-09-08 15:39:54.496,2025-09-08 15:39:54.496
2912,261,25,4,2025-09-08 15:39:54.502,2025-09-08 15:39:54.502
2913,262,25,6,2025-09-08 15:39:54.509,2025-09-08 15:39:54.509
2914,263,25,6,2025-09-08 15:39:54.516,2025-09-08 15:39:54.516
2915,264,25,4,2025-09-08 15:39:54.523,2025-09-08 15:39:54.523
2916,265,25,4,2025-09-08 15:39:54.529,2025-09-08 15:39:54.529
2917,266,25,4,2025-09-08 15:39:54.536,2025-09-08 15:39:54.536
2918,267,25,4,2025-09-08 15:39:54.543,2025-09-08 15:39:54.543
2919,268,25,5,2025-09-08 15:39:54.549,2025-09-08 15:39:54.549
2920,269,25,4,2025-09-08 15:39:54.555,2025-09-08 15:39:54.555
2921,270,25,6,2025-09-08 15:39:54.561,2025-09-08 15:39:54.561
2922,271,25,7,2025-09-08 15:39:54.565,2025-09-08 15:39:54.565
2923,272,25,5,2025-09-08 15:39:54.571,2025-09-08 15:39:54.571
2924,273,25,3,2025-09-08 15:39:54.581,2025-09-08 15:39:54.581
2925,274,25,4,2025-09-08 15:39:54.586,2025-09-08 15:39:54.586
2926,275,25,5,2025-09-08 15:39:54.592,2025-09-08 15:39:54.592
2927,276,25,5,2025-09-08 15:39:54.598,2025-09-08 15:39:54.598
2928,277,25,4,2025-09-08 15:39:54.603,2025-09-08 15:39:54.603
2929,278,25,3,2025-09-08 15:39:54.611,2025-09-08 15:39:54.611
2930,279,25,3,2025-09-08 15:39:54.616,2025-09-08 15:39:54.616
2931,280,25,6,2025-09-08 15:39:54.621,2025-09-08 15:39:54.621
2932,281,25,6,2025-09-08 15:39:54.628,2025-09-08 15:39:54.628
2933,282,25,5,2025-09-08 15:39:54.633,2025-09-08 15:39:54.633
2934,283,25,7,2025-09-08 15:39:54.638,2025-09-08 15:39:54.638
2935,284,25,5,2025-09-08 15:39:54.645,2025-09-08 15:39:54.645
2936,285,25,3,2025-09-08 15:39:54.651,2025-09-08 15:39:54.651
2937,286,25,7,2025-09-08 15:39:54.657,2025-09-08 15:39:54.657
2938,287,25,3,2025-09-08 15:39:54.665,2025-09-08 15:39:54.665
2939,288,25,6,2025-09-08 15:39:54.673,2025-09-08 15:39:54.673
2940,289,25,5,2025-09-08 15:39:54.68,2025-09-08 15:39:54.68
2941,290,25,4,2025-09-08 15:39:54.686,2025-09-08 15:39:54.686
2942,291,25,5,2025-09-08 15:39:54.694,2025-09-08 15:39:54.694
2943,292,25,6,2025-09-08 15:39:54.701,2025-09-08 15:39:54.701
2944,293,25,6,2025-09-08 15:39:54.71,2025-09-08 15:39:54.71
2945,294,25,7,2025-09-08 15:39:54.716,2025-09-08 15:39:54.716
2946,295,25,5,2025-09-08 15:39:54.724,2025-09-08 15:39:54.724
2947,296,25,6,2025-09-08 15:39:54.731,2025-09-08 15:39:54.731
2948,297,25,5,2025-09-08 15:39:54.739,2025-09-08 15:39:54.739
2949,298,25,4,2025-09-08 15:39:54.746,2025-09-08 15:39:54.746
2950,299,25,6,2025-09-08 15:39:54.753,2025-09-08 15:39:54.753
2951,300,25,4,2025-09-08 15:39:54.758,2025-09-08 15:39:54.758
2952,301,25,2,2025-09-08 15:39:54.766,2025-09-08 15:39:54.766
2953,302,25,6,2025-09-08 15:39:54.772,2025-09-08 15:39:54.772
2954,303,25,5,2025-09-08 15:39:54.777,2025-09-08 15:39:54.777
2955,304,25,7,2025-09-08 15:39:54.782,2025-09-08 15:39:54.782
2956,305,25,5,2025-09-08 15:39:54.788,2025-09-08 15:39:54.788
2957,306,25,5,2025-09-08 15:39:54.795,2025-09-08 15:39:54.795
2958,307,25,4,2025-09-08 15:39:54.801,2025-09-08 15:39:54.801
2959,308,25,6,2025-09-08 15:39:54.807,2025-09-08 15:39:54.807
2960,309,25,6,2025-09-08 15:39:54.813,2025-09-08 15:39:54.813
2961,310,25,6,2025-09-08 15:39:54.82,2025-09-08 15:39:54.82
2962,311,25,5,2025-09-08 15:39:54.827,2025-09-08 15:39:54.827
2963,312,25,5,2025-09-08 15:39:54.833,2025-09-08 15:39:54.833
2964,313,25,5,2025-09-08 15:39:54.841,2025-09-08 15:39:54.841
2965,314,25,4,2025-09-08 15:39:54.85,2025-09-08 15:39:54.85
2966,315,25,6,2025-09-08 15:39:54.859,2025-09-08 15:39:54.859
2967,316,25,7,2025-09-08 15:39:54.868,2025-09-08 15:39:54.868
2968,317,25,6,2025-09-08 15:39:54.877,2025-09-08 15:39:54.877
2969,318,25,4,2025-09-08 15:39:54.886,2025-09-08 15:39:54.886
2970,319,25,4,2025-09-08 15:39:54.895,2025-09-08 15:39:54.895
2971,320,25,5,2025-09-08 15:39:54.903,2025-09-08 15:39:54.903
2972,321,25,6,2025-09-08 15:39:54.911,2025-09-08 15:39:54.911
2973,322,25,5,2025-09-08 15:39:54.918,2025-09-08 15:39:54.918
2974,323,25,5,2025-09-08 15:39:54.926,2025-09-08 15:39:54.926
2975,324,25,3,2025-09-08 15:39:54.932,2025-09-08 15:39:54.932
2976,325,25,5,2025-09-08 15:39:54.945,2025-09-08 15:39:54.945
2977,326,25,4,2025-09-08 15:39:54.951,2025-09-08 15:39:54.951
2978,327,25,2,2025-09-08 15:39:54.959,2025-09-08 15:39:54.959
2979,328,25,4,2025-09-08 15:39:54.966,2025-09-08 15:39:54.966
2980,329,25,6,2025-09-08 15:39:54.973,2025-09-08 15:39:54.973
2981,330,25,4,2025-09-08 15:39:54.98,2025-09-08 15:39:54.98
2982,331,25,3,2025-09-08 15:39:54.987,2025-09-08 15:39:54.987
2983,332,25,4,2025-09-08 15:39:54.993,2025-09-08 15:39:54.993
2984,333,25,4,2025-09-08 15:39:54.999,2025-09-08 15:39:54.999
2985,334,25,6,2025-09-08 15:39:55.005,2025-09-08 15:39:55.005
2986,335,25,4,2025-09-08 15:39:55.012,2025-09-08 15:39:55.012
2987,336,25,5,2025-09-08 15:39:55.019,2025-09-08 15:39:55.019
2988,337,25,4,2025-09-08 15:39:55.025,2025-09-08 15:39:55.025
2989,338,25,6,2025-09-08 15:39:55.03,2025-09-08 15:39:55.03
2990,339,25,5,2025-09-08 15:39:55.036,2025-09-08 15:39:55.036
2991,340,25,4,2025-09-08 15:39:55.042,2025-09-08 15:39:55.042
2992,341,25,5,2025-09-08 15:39:55.047,2025-09-08 15:39:55.047
2993,342,25,7,2025-09-08 15:39:55.054,2025-09-08 15:39:55.054
2994,343,25,5,2025-09-08 15:39:55.06,2025-09-08 15:39:55.06
2995,344,25,6,2025-09-08 15:39:55.068,2025-09-08 15:39:55.068
2996,345,25,6,2025-09-08 15:39:55.075,2025-09-08 15:39:55.075
2997,346,25,7,2025-09-08 15:39:55.081,2025-09-08 15:39:55.081
2998,347,25,4,2025-09-08 15:39:55.088,2025-09-08 15:39:55.088
2999,348,25,6,2025-09-08 15:39:55.095,2025-09-08 15:39:55.095
3000,349,25,4,2025-09-08 15:39:55.102,2025-09-08 15:39:55.102
3001,350,25,5,2025-09-08 15:39:55.109,2025-09-08 15:39:55.109
3002,351,25,4,2025-09-08 15:39:55.118,2025-09-08 15:39:55.118
3003,352,25,4,2025-09-08 15:39:55.124,2025-09-08 15:39:55.124
3004,353,25,5,2025-09-08 15:39:55.131,2025-09-08 15:39:55.131
3005,354,25,6,2025-09-08 15:39:55.138,2025-09-08 15:39:55.138
3006,355,25,2,2025-09-08 15:39:55.145,2025-09-08 15:39:55.145
3007,356,25,4,2025-09-08 15:39:55.154,2025-09-08 15:39:55.154
3008,357,25,6,2025-09-08 15:39:55.162,2025-09-08 15:39:55.162
3009,358,25,4,2025-09-08 15:39:55.171,2025-09-08 15:39:55.171
3010,359,25,6,2025-09-08 15:39:55.177,2025-09-08 15:39:55.177
3011,360,25,5,2025-09-08 15:39:55.185,2025-09-08 15:39:55.185
3012,361,25,5,2025-09-08 15:39:55.191,2025-09-08 15:39:55.191
3013,362,25,6,2025-09-08 15:39:55.198,2025-09-08 15:39:55.198
3014,363,25,4,2025-09-08 15:39:55.205,2025-09-08 15:39:55.205
3015,364,25,5,2025-09-08 15:39:55.212,2025-09-08 15:39:55.212
3016,365,25,5,2025-09-08 15:39:55.219,2025-09-08 15:39:55.219
3017,366,25,6,2025-09-08 15:39:55.224,2025-09-08 15:39:55.224
3018,367,25,2,2025-09-08 15:39:55.232,2025-09-08 15:39:55.232
3019,368,25,4,2025-09-08 15:39:55.239,2025-09-08 15:39:55.239
3020,369,25,4,2025-09-08 15:39:55.245,2025-09-08 15:39:55.245
3021,9,24,5,2025-09-08 15:39:55.253,2025-09-08 15:39:55.253
3022,10,24,4,2025-09-08 15:39:55.281,2025-09-08 15:39:55.281
3023,11,24,5,2025-09-08 15:39:55.289,2025-09-08 15:39:55.289
3024,12,24,3,2025-09-08 15:39:55.296,2025-09-08 15:39:55.296
3025,13,24,5,2025-09-08 15:39:55.303,2025-09-08 15:39:55.303
3026,14,24,3,2025-09-08 15:39:55.309,2025-09-08 15:39:55.309
3027,15,24,4,2025-09-08 15:39:55.317,2025-09-08 15:39:55.317
3028,16,24,4,2025-09-08 15:39:55.324,2025-09-08 15:39:55.324
3029,17,24,4,2025-09-08 15:39:55.332,2025-09-08 15:39:55.332
3030,18,24,7,2025-09-08 15:39:55.338,2025-09-08 15:39:55.338
3031,19,24,6,2025-09-08 15:39:55.345,2025-09-08 15:39:55.345
3032,20,24,4,2025-09-08 15:39:55.352,2025-09-08 15:39:55.352
3033,21,24,4,2025-09-08 15:39:55.357,2025-09-08 15:39:55.357
3034,22,24,4,2025-09-08 15:39:55.365,2025-09-08 15:39:55.365
3035,23,24,4,2025-09-08 15:39:55.375,2025-09-08 15:39:55.375
3036,24,24,4,2025-09-08 15:39:55.384,2025-09-08 15:39:55.384
3037,25,24,3,2025-09-08 15:39:55.392,2025-09-08 15:39:55.392
3038,26,24,4,2025-09-08 15:39:55.399,2025-09-08 15:39:55.399
3039,27,24,3,2025-09-08 15:39:55.407,2025-09-08 15:39:55.407
3040,28,24,5,2025-09-08 15:39:55.415,2025-09-08 15:39:55.415
3041,29,24,4,2025-09-08 15:39:55.424,2025-09-08 15:39:55.424
3042,30,24,6,2025-09-08 15:39:55.435,2025-09-08 15:39:55.435
3043,31,24,4,2025-09-08 15:39:55.444,2025-09-08 15:39:55.444
3044,32,24,4,2025-09-08 15:39:55.452,2025-09-08 15:39:55.452
3045,33,24,4,2025-09-08 15:39:55.46,2025-09-08 15:39:55.46
3046,34,24,1,2025-09-08 15:39:55.469,2025-09-08 15:39:55.469
3047,35,24,5,2025-09-08 15:39:55.478,2025-09-08 15:39:55.478
3048,36,24,4,2025-09-08 15:39:55.487,2025-09-08 15:39:55.487
3049,37,24,6,2025-09-08 15:39:55.495,2025-09-08 15:39:55.495
3050,38,24,5,2025-09-08 15:39:55.504,2025-09-08 15:39:55.504
3051,39,24,4,2025-09-08 15:39:55.512,2025-09-08 15:39:55.512
3052,40,24,5,2025-09-08 15:39:55.519,2025-09-08 15:39:55.519
3053,41,24,5,2025-09-08 15:39:55.528,2025-09-08 15:39:55.528
3054,42,24,5,2025-09-08 15:39:55.537,2025-09-08 15:39:55.537
3055,43,24,6,2025-09-08 15:39:55.544,2025-09-08 15:39:55.544
3056,44,24,5,2025-09-08 15:39:55.552,2025-09-08 15:39:55.552
3057,45,24,4,2025-09-08 15:39:55.56,2025-09-08 15:39:55.56
3058,46,24,7,2025-09-08 15:39:55.567,2025-09-08 15:39:55.567
3059,47,24,5,2025-09-08 15:39:55.573,2025-09-08 15:39:55.573
3060,48,24,4,2025-09-08 15:39:55.58,2025-09-08 15:39:55.58
3061,49,24,6,2025-09-08 15:39:55.588,2025-09-08 15:39:55.588
3062,50,24,6,2025-09-08 15:39:55.595,2025-09-08 15:39:55.595
3063,51,24,6,2025-09-08 15:39:55.602,2025-09-08 15:39:55.602
3064,52,24,3,2025-09-08 15:39:55.61,2025-09-08 15:39:55.61
3065,53,24,4,2025-09-08 15:39:55.617,2025-09-08 15:39:55.617
3066,54,24,7,2025-09-08 15:39:55.625,2025-09-08 15:39:55.625
3067,55,24,4,2025-09-08 15:39:55.632,2025-09-08 15:39:55.632
3068,56,24,4,2025-09-08 15:39:55.639,2025-09-08 15:39:55.639
3069,57,24,6,2025-09-08 15:39:55.649,2025-09-08 15:39:55.649
3070,58,24,3,2025-09-08 15:39:55.657,2025-09-08 15:39:55.657
3071,59,24,4,2025-09-08 15:39:55.67,2025-09-08 15:39:55.67
3072,60,24,4,2025-09-08 15:39:55.683,2025-09-08 15:39:55.683
3073,61,24,5,2025-09-08 15:39:55.691,2025-09-08 15:39:55.691
3074,62,24,6,2025-09-08 15:39:55.699,2025-09-08 15:39:55.699
3075,63,24,5,2025-09-08 15:39:55.705,2025-09-08 15:39:55.705
3076,64,24,4,2025-09-08 15:39:55.714,2025-09-08 15:39:55.714
3077,65,24,5,2025-09-08 15:39:55.72,2025-09-08 15:39:55.72
3078,66,24,5,2025-09-08 15:39:55.728,2025-09-08 15:39:55.728
3079,67,24,6,2025-09-08 15:39:55.735,2025-09-08 15:39:55.735
3080,68,24,4,2025-09-08 15:39:55.743,2025-09-08 15:39:55.743
3081,69,24,4,2025-09-08 15:39:55.75,2025-09-08 15:39:55.75
3082,70,24,1,2025-09-08 15:39:55.756,2025-09-08 15:39:55.756
3083,71,24,4,2025-09-08 15:39:55.763,2025-09-08 15:39:55.763
3084,72,24,6,2025-09-08 15:39:55.769,2025-09-08 15:39:55.769
3085,73,24,6,2025-09-08 15:39:55.776,2025-09-08 15:39:55.776
3086,74,24,1,2025-09-08 15:39:55.783,2025-09-08 15:39:55.783
3087,75,24,3,2025-09-08 15:39:55.791,2025-09-08 15:39:55.791
3088,76,24,5,2025-09-08 15:39:55.799,2025-09-08 15:39:55.799
3089,77,24,6,2025-09-08 15:39:55.809,2025-09-08 15:39:55.809
3090,78,24,6,2025-09-08 15:39:55.829,2025-09-08 15:39:55.829
3091,79,24,4,2025-09-08 15:39:55.841,2025-09-08 15:39:55.841
3092,80,24,7,2025-09-08 15:39:55.849,2025-09-08 15:39:55.849
3093,81,24,4,2025-09-08 15:39:55.858,2025-09-08 15:39:55.858
3094,82,24,6,2025-09-08 15:39:55.866,2025-09-08 15:39:55.866
3095,83,24,4,2025-09-08 15:39:55.876,2025-09-08 15:39:55.876
3096,84,24,5,2025-09-08 15:39:55.885,2025-09-08 15:39:55.885
3097,85,24,6,2025-09-08 15:39:55.893,2025-09-08 15:39:55.893
3098,86,24,6,2025-09-08 15:39:55.901,2025-09-08 15:39:55.901
3099,87,24,4,2025-09-08 15:39:55.91,2025-09-08 15:39:55.91
3100,88,24,6,2025-09-08 15:39:55.918,2025-09-08 15:39:55.918
3101,89,24,4,2025-09-08 15:39:55.926,2025-09-08 15:39:55.926
3102,90,24,5,2025-09-08 15:39:55.934,2025-09-08 15:39:55.934
3103,91,24,4,2025-09-08 15:39:55.942,2025-09-08 15:39:55.942
3104,92,24,4,2025-09-08 15:39:55.957,2025-09-08 15:39:55.957
3105,93,24,5,2025-09-08 15:39:55.965,2025-09-08 15:39:55.965
3106,94,24,5,2025-09-08 15:39:55.972,2025-09-08 15:39:55.972
3107,95,24,4,2025-09-08 15:39:55.979,2025-09-08 15:39:55.979
3108,96,24,6,2025-09-08 15:39:55.987,2025-09-08 15:39:55.987
3109,97,24,4,2025-09-08 15:39:55.996,2025-09-08 15:39:55.996
3110,98,24,4,2025-09-08 15:39:56.003,2025-09-08 15:39:56.003
3111,99,24,4,2025-09-08 15:39:56.01,2025-09-08 15:39:56.01
3112,100,24,3,2025-09-08 15:39:56.017,2025-09-08 15:39:56.017
3113,101,24,4,2025-09-08 15:39:56.024,2025-09-08 15:39:56.024
3114,102,24,6,2025-09-08 15:39:56.03,2025-09-08 15:39:56.03
3115,103,24,4,2025-09-08 15:39:56.035,2025-09-08 15:39:56.035
3116,104,24,7,2025-09-08 15:39:56.04,2025-09-08 15:39:56.04
3117,105,24,5,2025-09-08 15:39:56.047,2025-09-08 15:39:56.047
3118,106,24,6,2025-09-08 15:39:56.062,2025-09-08 15:39:56.062
3119,107,24,5,2025-09-08 15:39:56.073,2025-09-08 15:39:56.073
3120,108,24,4,2025-09-08 15:39:56.08,2025-09-08 15:39:56.08
3121,109,24,6,2025-09-08 15:39:56.088,2025-09-08 15:39:56.088
3122,110,24,5,2025-09-08 15:39:56.094,2025-09-08 15:39:56.094
3123,111,24,6,2025-09-08 15:39:56.101,2025-09-08 15:39:56.101
3124,112,24,5,2025-09-08 15:39:56.107,2025-09-08 15:39:56.107
3125,113,24,5,2025-09-08 15:39:56.115,2025-09-08 15:39:56.115
3126,114,24,5,2025-09-08 15:39:56.123,2025-09-08 15:39:56.123
3127,115,24,1,2025-09-08 15:39:56.13,2025-09-08 15:39:56.13
3128,116,24,5,2025-09-08 15:39:56.138,2025-09-08 15:39:56.138
3129,117,24,2,2025-09-08 15:39:56.145,2025-09-08 15:39:56.145
3130,118,24,6,2025-09-08 15:39:56.154,2025-09-08 15:39:56.154
3131,119,24,4,2025-09-08 15:39:56.163,2025-09-08 15:39:56.163
3132,120,24,5,2025-09-08 15:39:56.17,2025-09-08 15:39:56.17
3133,121,24,2,2025-09-08 15:39:56.177,2025-09-08 15:39:56.177
3134,122,24,5,2025-09-08 15:39:56.185,2025-09-08 15:39:56.185
3135,123,24,5,2025-09-08 15:39:56.192,2025-09-08 15:39:56.192
3136,124,24,6,2025-09-08 15:39:56.2,2025-09-08 15:39:56.2
3137,125,24,3,2025-09-08 15:39:56.207,2025-09-08 15:39:56.207
3138,126,24,4,2025-09-08 15:39:56.215,2025-09-08 15:39:56.215
3139,127,24,6,2025-09-08 15:39:56.222,2025-09-08 15:39:56.222
3140,128,24,5,2025-09-08 15:39:56.231,2025-09-08 15:39:56.231
3141,129,24,4,2025-09-08 15:39:56.242,2025-09-08 15:39:56.242
3142,130,24,6,2025-09-08 15:39:56.25,2025-09-08 15:39:56.25
3143,131,24,5,2025-09-08 15:39:56.257,2025-09-08 15:39:56.257
3144,132,24,4,2025-09-08 15:39:56.264,2025-09-08 15:39:56.264
3145,133,24,4,2025-09-08 15:39:56.272,2025-09-08 15:39:56.272
3146,134,24,7,2025-09-08 15:39:56.279,2025-09-08 15:39:56.279
3147,135,24,5,2025-09-08 15:39:56.287,2025-09-08 15:39:56.287
3148,136,24,4,2025-09-08 15:39:56.294,2025-09-08 15:39:56.294
3149,137,24,6,2025-09-08 15:39:56.302,2025-09-08 15:39:56.302
3150,138,24,4,2025-09-08 15:39:56.308,2025-09-08 15:39:56.308
3151,139,24,4,2025-09-08 15:39:56.314,2025-09-08 15:39:56.314
3152,140,24,5,2025-09-08 15:39:56.32,2025-09-08 15:39:56.32
3153,141,24,4,2025-09-08 15:39:56.326,2025-09-08 15:39:56.326
3154,142,24,4,2025-09-08 15:39:56.332,2025-09-08 15:39:56.332
3155,143,24,4,2025-09-08 15:39:56.338,2025-09-08 15:39:56.338
3156,144,24,4,2025-09-08 15:39:56.343,2025-09-08 15:39:56.343
3157,145,24,6,2025-09-08 15:39:56.352,2025-09-08 15:39:56.352
3158,146,24,4,2025-09-08 15:39:56.358,2025-09-08 15:39:56.358
3159,147,24,5,2025-09-08 15:39:56.366,2025-09-08 15:39:56.366
3160,148,24,6,2025-09-08 15:39:56.373,2025-09-08 15:39:56.373
3161,149,24,4,2025-09-08 15:39:56.379,2025-09-08 15:39:56.379
3162,150,24,5,2025-09-08 15:39:56.387,2025-09-08 15:39:56.387
3163,151,24,4,2025-09-08 15:39:56.395,2025-09-08 15:39:56.395
3164,152,24,5,2025-09-08 15:39:56.402,2025-09-08 15:39:56.402
3165,153,24,3,2025-09-08 15:39:56.411,2025-09-08 15:39:56.411
3166,154,24,4,2025-09-08 15:39:56.419,2025-09-08 15:39:56.419
3167,155,24,5,2025-09-08 15:39:56.428,2025-09-08 15:39:56.428
3168,156,24,4,2025-09-08 15:39:56.436,2025-09-08 15:39:56.436
3169,157,24,3,2025-09-08 15:39:56.444,2025-09-08 15:39:56.444
3170,158,24,5,2025-09-08 15:39:56.452,2025-09-08 15:39:56.452
3171,159,24,5,2025-09-08 15:39:56.459,2025-09-08 15:39:56.459
3172,160,24,3,2025-09-08 15:39:56.468,2025-09-08 15:39:56.468
3173,161,24,5,2025-09-08 15:39:56.476,2025-09-08 15:39:56.476
3174,162,24,5,2025-09-08 15:39:56.483,2025-09-08 15:39:56.483
3175,163,24,2,2025-09-08 15:39:56.49,2025-09-08 15:39:56.49
3176,164,24,5,2025-09-08 15:39:56.499,2025-09-08 15:39:56.499
3177,165,24,5,2025-09-08 15:39:56.506,2025-09-08 15:39:56.506
3178,166,24,3,2025-09-08 15:39:56.512,2025-09-08 15:39:56.512
3179,167,24,4,2025-09-08 15:39:56.517,2025-09-08 15:39:56.517
3180,168,24,5,2025-09-08 15:39:56.522,2025-09-08 15:39:56.522
3181,169,24,3,2025-09-08 15:39:56.527,2025-09-08 15:39:56.527
3182,170,24,6,2025-09-08 15:39:56.534,2025-09-08 15:39:56.534
3183,171,24,4,2025-09-08 15:39:56.54,2025-09-08 15:39:56.54
3184,172,24,2,2025-09-08 15:39:56.553,2025-09-08 15:39:56.553
3185,173,24,6,2025-09-08 15:39:56.56,2025-09-08 15:39:56.56
3186,174,24,4,2025-09-08 15:39:56.567,2025-09-08 15:39:56.567
3187,175,24,5,2025-09-08 15:39:56.572,2025-09-08 15:39:56.572
3188,176,24,6,2025-09-08 15:39:56.58,2025-09-08 15:39:56.58
3189,177,24,4,2025-09-08 15:39:56.586,2025-09-08 15:39:56.586
3190,178,24,5,2025-09-08 15:39:56.593,2025-09-08 15:39:56.593
3191,179,24,2,2025-09-08 15:39:56.607,2025-09-08 15:39:56.607
3192,180,24,6,2025-09-08 15:39:56.616,2025-09-08 15:39:56.616
3193,181,24,6,2025-09-08 15:39:56.623,2025-09-08 15:39:56.623
3194,182,24,5,2025-09-08 15:39:56.629,2025-09-08 15:39:56.629
3195,183,24,7,2025-09-08 15:39:56.635,2025-09-08 15:39:56.635
3196,184,24,6,2025-09-08 15:39:56.639,2025-09-08 15:39:56.639
3197,185,24,5,2025-09-08 15:39:56.646,2025-09-08 15:39:56.646
3198,186,24,6,2025-09-08 15:39:56.651,2025-09-08 15:39:56.651
3199,187,24,5,2025-09-08 15:39:56.657,2025-09-08 15:39:56.657
3200,188,24,3,2025-09-08 15:39:56.665,2025-09-08 15:39:56.665
3201,189,24,4,2025-09-08 15:39:56.67,2025-09-08 15:39:56.67
3202,190,24,3,2025-09-08 15:39:56.677,2025-09-08 15:39:56.677
3203,191,24,7,2025-09-08 15:39:56.682,2025-09-08 15:39:56.682
3204,192,24,5,2025-09-08 15:39:56.688,2025-09-08 15:39:56.688
3205,193,24,4,2025-09-08 15:39:56.695,2025-09-08 15:39:56.695
3206,194,24,6,2025-09-08 15:39:56.702,2025-09-08 15:39:56.702
3207,195,24,6,2025-09-08 15:39:56.707,2025-09-08 15:39:56.707
3208,196,24,4,2025-09-08 15:39:56.714,2025-09-08 15:39:56.714
3209,197,24,5,2025-09-08 15:39:56.719,2025-09-08 15:39:56.719
3210,198,24,4,2025-09-08 15:39:56.725,2025-09-08 15:39:56.725
3211,199,24,4,2025-09-08 15:39:56.731,2025-09-08 15:39:56.731
3212,200,24,4,2025-09-08 15:39:56.736,2025-09-08 15:39:56.736
3213,201,24,4,2025-09-08 15:39:56.741,2025-09-08 15:39:56.741
3214,202,24,4,2025-09-08 15:39:56.747,2025-09-08 15:39:56.747
3215,203,24,5,2025-09-08 15:39:56.752,2025-09-08 15:39:56.752
3216,204,24,7,2025-09-08 15:39:56.758,2025-09-08 15:39:56.758
3217,205,24,4,2025-09-08 15:39:56.765,2025-09-08 15:39:56.765
3218,206,24,6,2025-09-08 15:39:56.771,2025-09-08 15:39:56.771
3219,207,24,5,2025-09-08 15:39:56.777,2025-09-08 15:39:56.777
3220,208,24,4,2025-09-08 15:39:56.782,2025-09-08 15:39:56.782
3221,209,24,4,2025-09-08 15:39:56.787,2025-09-08 15:39:56.787
3222,210,24,5,2025-09-08 15:39:56.795,2025-09-08 15:39:56.795
3223,211,24,7,2025-09-08 15:39:56.802,2025-09-08 15:39:56.802
3224,212,24,5,2025-09-08 15:39:56.808,2025-09-08 15:39:56.808
3225,213,24,4,2025-09-08 15:39:56.816,2025-09-08 15:39:56.816
3226,214,24,4,2025-09-08 15:39:56.822,2025-09-08 15:39:56.822
3227,215,24,2,2025-09-08 15:39:56.836,2025-09-08 15:39:56.836
3228,216,24,5,2025-09-08 15:39:56.842,2025-09-08 15:39:56.842
3229,217,24,4,2025-09-08 15:39:56.849,2025-09-08 15:39:56.849
3230,218,24,5,2025-09-08 15:39:56.855,2025-09-08 15:39:56.855
3231,219,24,6,2025-09-08 15:39:56.873,2025-09-08 15:39:56.873
3232,220,24,1,2025-09-08 15:39:56.882,2025-09-08 15:39:56.882
3233,221,24,2,2025-09-08 15:39:56.89,2025-09-08 15:39:56.89
3234,222,24,5,2025-09-08 15:39:56.897,2025-09-08 15:39:56.897
3235,223,24,4,2025-09-08 15:39:56.904,2025-09-08 15:39:56.904
3236,224,24,4,2025-09-08 15:39:56.913,2025-09-08 15:39:56.913
3237,225,24,5,2025-09-08 15:39:56.921,2025-09-08 15:39:56.921
3238,226,24,5,2025-09-08 15:39:56.93,2025-09-08 15:39:56.93
3239,227,24,4,2025-09-08 15:39:56.937,2025-09-08 15:39:56.937
3240,228,24,5,2025-09-08 15:39:56.946,2025-09-08 15:39:56.946
3241,229,24,6,2025-09-08 15:39:56.953,2025-09-08 15:39:56.953
3242,230,24,6,2025-09-08 15:39:56.961,2025-09-08 15:39:56.961
3243,231,24,5,2025-09-08 15:39:56.968,2025-09-08 15:39:56.968
3244,232,24,4,2025-09-08 15:39:56.975,2025-09-08 15:39:56.975
3245,233,24,6,2025-09-08 15:39:56.983,2025-09-08 15:39:56.983
3246,234,24,3,2025-09-08 15:39:56.99,2025-09-08 15:39:56.99
3247,235,24,6,2025-09-08 15:39:56.997,2025-09-08 15:39:56.997
3248,236,24,6,2025-09-08 15:39:57.002,2025-09-08 15:39:57.002
3249,237,24,6,2025-09-08 15:39:57.009,2025-09-08 15:39:57.009
3250,238,24,6,2025-09-08 15:39:57.017,2025-09-08 15:39:57.017
3251,239,24,4,2025-09-08 15:39:57.026,2025-09-08 15:39:57.026
3252,240,24,6,2025-09-08 15:39:57.034,2025-09-08 15:39:57.034
3253,241,24,5,2025-09-08 15:39:57.042,2025-09-08 15:39:57.042
3254,242,24,5,2025-09-08 15:39:57.049,2025-09-08 15:39:57.049
3255,243,24,4,2025-09-08 15:39:57.057,2025-09-08 15:39:57.057
3256,244,24,6,2025-09-08 15:39:57.065,2025-09-08 15:39:57.065
3257,245,24,4,2025-09-08 15:39:57.073,2025-09-08 15:39:57.073
3258,246,24,4,2025-09-08 15:39:57.081,2025-09-08 15:39:57.081
3259,247,24,6,2025-09-08 15:39:57.088,2025-09-08 15:39:57.088
3260,248,24,4,2025-09-08 15:39:57.094,2025-09-08 15:39:57.094
3261,249,24,5,2025-09-08 15:39:57.1,2025-09-08 15:39:57.1
3262,250,24,6,2025-09-08 15:39:57.11,2025-09-08 15:39:57.11
3263,251,24,5,2025-09-08 15:39:57.116,2025-09-08 15:39:57.116
3264,252,24,6,2025-09-08 15:39:57.121,2025-09-08 15:39:57.121
3265,253,24,6,2025-09-08 15:39:57.127,2025-09-08 15:39:57.127
3266,254,24,6,2025-09-08 15:39:57.132,2025-09-08 15:39:57.132
3267,255,24,4,2025-09-08 15:39:57.139,2025-09-08 15:39:57.139
3268,256,24,5,2025-09-08 15:39:57.147,2025-09-08 15:39:57.147
3269,257,24,5,2025-09-08 15:39:57.152,2025-09-08 15:39:57.152
3270,258,24,4,2025-09-08 15:39:57.159,2025-09-08 15:39:57.159
3271,259,24,4,2025-09-08 15:39:57.166,2025-09-08 15:39:57.166
3272,260,24,5,2025-09-08 15:39:57.173,2025-09-08 15:39:57.173
3273,261,24,4,2025-09-08 15:39:57.179,2025-09-08 15:39:57.179
3274,262,24,5,2025-09-08 15:39:57.186,2025-09-08 15:39:57.186
3275,263,24,6,2025-09-08 15:39:57.194,2025-09-08 15:39:57.194
3276,264,24,4,2025-09-08 15:39:57.201,2025-09-08 15:39:57.201
3277,265,24,4,2025-09-08 15:39:57.212,2025-09-08 15:39:57.212
3278,266,24,5,2025-09-08 15:39:57.218,2025-09-08 15:39:57.218
3279,267,24,4,2025-09-08 15:39:57.225,2025-09-08 15:39:57.225
3280,268,24,4,2025-09-08 15:39:57.232,2025-09-08 15:39:57.232
3281,269,24,5,2025-09-08 15:39:57.24,2025-09-08 15:39:57.24
3282,270,24,6,2025-09-08 15:39:57.248,2025-09-08 15:39:57.248
3283,271,24,5,2025-09-08 15:39:57.255,2025-09-08 15:39:57.255
3284,272,24,6,2025-09-08 15:39:57.263,2025-09-08 15:39:57.263
3285,273,24,4,2025-09-08 15:39:57.27,2025-09-08 15:39:57.27
3286,274,24,5,2025-09-08 15:39:57.282,2025-09-08 15:39:57.282
3287,275,24,4,2025-09-08 15:39:57.29,2025-09-08 15:39:57.29
3288,276,24,5,2025-09-08 15:39:57.295,2025-09-08 15:39:57.295
3289,277,24,4,2025-09-08 15:39:57.301,2025-09-08 15:39:57.301
3290,278,24,3,2025-09-08 15:39:57.318,2025-09-08 15:39:57.318
3291,279,24,4,2025-09-08 15:39:57.327,2025-09-08 15:39:57.327
3292,280,24,6,2025-09-08 15:39:57.335,2025-09-08 15:39:57.335
3293,281,24,6,2025-09-08 15:39:57.345,2025-09-08 15:39:57.345
3294,282,24,2,2025-09-08 15:39:57.353,2025-09-08 15:39:57.353
3295,283,24,7,2025-09-08 15:39:57.361,2025-09-08 15:39:57.361
3296,284,24,4,2025-09-08 15:39:57.368,2025-09-08 15:39:57.368
3297,285,24,3,2025-09-08 15:39:57.376,2025-09-08 15:39:57.376
3298,286,24,7,2025-09-08 15:39:57.382,2025-09-08 15:39:57.382
3299,287,24,4,2025-09-08 15:39:57.391,2025-09-08 15:39:57.391
3300,288,24,6,2025-09-08 15:39:57.398,2025-09-08 15:39:57.398
3301,289,24,4,2025-09-08 15:39:57.407,2025-09-08 15:39:57.407
3302,290,24,4,2025-09-08 15:39:57.413,2025-09-08 15:39:57.413
3303,291,24,4,2025-09-08 15:39:57.419,2025-09-08 15:39:57.419
3304,292,24,4,2025-09-08 15:39:57.426,2025-09-08 15:39:57.426
3305,293,24,6,2025-09-08 15:39:57.433,2025-09-08 15:39:57.433
3306,294,24,4,2025-09-08 15:39:57.439,2025-09-08 15:39:57.439
3307,295,24,5,2025-09-08 15:39:57.447,2025-09-08 15:39:57.447
3308,296,24,5,2025-09-08 15:39:57.454,2025-09-08 15:39:57.454
3309,297,24,2,2025-09-08 15:39:57.461,2025-09-08 15:39:57.461
3310,298,24,4,2025-09-08 15:39:57.468,2025-09-08 15:39:57.468
3311,299,24,4,2025-09-08 15:39:57.476,2025-09-08 15:39:57.476
3312,300,24,4,2025-09-08 15:39:57.483,2025-09-08 15:39:57.483
3313,301,24,2,2025-09-08 15:39:57.49,2025-09-08 15:39:57.49
3314,302,24,4,2025-09-08 15:39:57.498,2025-09-08 15:39:57.498
3315,303,24,4,2025-09-08 15:39:57.505,2025-09-08 15:39:57.505
3316,304,24,7,2025-09-08 15:39:57.512,2025-09-08 15:39:57.512
3317,305,24,5,2025-09-08 15:39:57.518,2025-09-08 15:39:57.518
3318,306,24,5,2025-09-08 15:39:57.524,2025-09-08 15:39:57.524
3319,307,24,4,2025-09-08 15:39:57.531,2025-09-08 15:39:57.531
3320,308,24,6,2025-09-08 15:39:57.537,2025-09-08 15:39:57.537
3321,309,24,6,2025-09-08 15:39:57.542,2025-09-08 15:39:57.542
3322,310,24,6,2025-09-08 15:39:57.549,2025-09-08 15:39:57.549
3323,311,24,5,2025-09-08 15:39:57.555,2025-09-08 15:39:57.555
3324,312,24,5,2025-09-08 15:39:57.561,2025-09-08 15:39:57.561
3325,313,24,4,2025-09-08 15:39:57.567,2025-09-08 15:39:57.567
3326,314,24,4,2025-09-08 15:39:57.573,2025-09-08 15:39:57.573
3327,315,24,6,2025-09-08 15:39:57.578,2025-09-08 15:39:57.578
3328,316,24,5,2025-09-08 15:39:57.586,2025-09-08 15:39:57.586
3329,317,24,5,2025-09-08 15:39:57.593,2025-09-08 15:39:57.593
3330,318,24,4,2025-09-08 15:39:57.598,2025-09-08 15:39:57.598
3331,319,24,4,2025-09-08 15:39:57.605,2025-09-08 15:39:57.605
3332,320,24,5,2025-09-08 15:39:57.611,2025-09-08 15:39:57.611
3333,321,24,6,2025-09-08 15:39:57.616,2025-09-08 15:39:57.616
3334,322,24,5,2025-09-08 15:39:57.622,2025-09-08 15:39:57.622
3335,323,24,5,2025-09-08 15:39:57.627,2025-09-08 15:39:57.627
3336,324,24,3,2025-09-08 15:39:57.632,2025-09-08 15:39:57.632
3337,325,24,5,2025-09-08 15:39:57.638,2025-09-08 15:39:57.638
3338,326,24,4,2025-09-08 15:39:57.643,2025-09-08 15:39:57.643
3339,327,24,2,2025-09-08 15:39:57.649,2025-09-08 15:39:57.649
3340,328,24,4,2025-09-08 15:39:57.657,2025-09-08 15:39:57.657
3341,329,24,6,2025-09-08 15:39:57.661,2025-09-08 15:39:57.661
3342,330,24,4,2025-09-08 15:39:57.668,2025-09-08 15:39:57.668
3343,331,24,3,2025-09-08 15:39:57.673,2025-09-08 15:39:57.673
3344,332,24,4,2025-09-08 15:39:57.68,2025-09-08 15:39:57.68
3345,333,24,4,2025-09-08 15:39:57.687,2025-09-08 15:39:57.687
3346,334,24,6,2025-09-08 15:39:57.694,2025-09-08 15:39:57.694
3347,335,24,4,2025-09-08 15:39:57.702,2025-09-08 15:39:57.702
3348,336,24,5,2025-09-08 15:39:57.71,2025-09-08 15:39:57.71
3349,337,24,5,2025-09-08 15:39:57.717,2025-09-08 15:39:57.717
3350,338,24,6,2025-09-08 15:39:57.724,2025-09-08 15:39:57.724
3351,339,24,5,2025-09-08 15:39:57.731,2025-09-08 15:39:57.731
3352,340,24,4,2025-09-08 15:39:57.739,2025-09-08 15:39:57.739
3353,341,24,5,2025-09-08 15:39:57.747,2025-09-08 15:39:57.747
3354,342,24,7,2025-09-08 15:39:57.753,2025-09-08 15:39:57.753
3355,343,24,5,2025-09-08 15:39:57.763,2025-09-08 15:39:57.763
3356,344,24,4,2025-09-08 15:39:57.769,2025-09-08 15:39:57.769
3357,345,24,6,2025-09-08 15:39:57.775,2025-09-08 15:39:57.775
3358,346,24,6,2025-09-08 15:39:57.782,2025-09-08 15:39:57.782
3359,347,24,3,2025-09-08 15:39:57.79,2025-09-08 15:39:57.79
3360,348,24,5,2025-09-08 15:39:57.796,2025-09-08 15:39:57.796
3361,349,24,4,2025-09-08 15:39:57.803,2025-09-08 15:39:57.803
3362,350,24,5,2025-09-08 15:39:57.809,2025-09-08 15:39:57.809
3363,351,24,4,2025-09-08 15:39:57.815,2025-09-08 15:39:57.815
3364,352,24,4,2025-09-08 15:39:57.82,2025-09-08 15:39:57.82
3365,353,24,5,2025-09-08 15:39:57.825,2025-09-08 15:39:57.825
3366,354,24,6,2025-09-08 15:39:57.83,2025-09-08 15:39:57.83
3367,355,24,4,2025-09-08 15:39:57.836,2025-09-08 15:39:57.836
3368,356,24,4,2025-09-08 15:39:57.841,2025-09-08 15:39:57.841
3369,357,24,5,2025-09-08 15:39:57.847,2025-09-08 15:39:57.847
3370,358,24,4,2025-09-08 15:39:57.854,2025-09-08 15:39:57.854
3371,359,24,5,2025-09-08 15:39:57.861,2025-09-08 15:39:57.861
3372,360,24,5,2025-09-08 15:39:57.87,2025-09-08 15:39:57.87
3373,361,24,5,2025-09-08 15:39:57.876,2025-09-08 15:39:57.876
3374,362,24,6,2025-09-08 15:39:57.884,2025-09-08 15:39:57.884
3375,363,24,4,2025-09-08 15:39:57.891,2025-09-08 15:39:57.891
3376,364,24,5,2025-09-08 15:39:57.897,2025-09-08 15:39:57.897
3377,365,24,5,2025-09-08 15:39:57.904,2025-09-08 15:39:57.904
3378,366,24,6,2025-09-08 15:39:57.909,2025-09-08 15:39:57.909
3379,367,24,4,2025-09-08 15:39:57.916,2025-09-08 15:39:57.916
3380,368,24,4,2025-09-08 15:39:57.923,2025-09-08 15:39:57.923
3381,369,24,4,2025-09-08 15:39:57.929,2025-09-08 15:39:57.929
3382,9,23,6,2025-09-08 15:39:57.935,2025-09-08 15:39:57.935
3383,10,23,4,2025-09-08 15:39:57.94,2025-09-08 15:39:57.94
3384,11,23,5,2025-09-08 15:39:57.946,2025-09-08 15:39:57.946
3385,12,23,3,2025-09-08 15:39:57.953,2025-09-08 15:39:57.953
3386,13,23,5,2025-09-08 15:39:57.958,2025-09-08 15:39:57.958
3387,14,23,3,2025-09-08 15:39:57.964,2025-09-08 15:39:57.964
3388,15,23,5,2025-09-08 15:39:57.97,2025-09-08 15:39:57.97
3389,16,23,4,2025-09-08 15:39:57.976,2025-09-08 15:39:57.976
3390,17,23,4,2025-09-08 15:39:57.983,2025-09-08 15:39:57.983
3391,18,23,7,2025-09-08 15:39:57.989,2025-09-08 15:39:57.989
3392,19,23,5,2025-09-08 15:39:57.994,2025-09-08 15:39:57.994
3393,20,23,4,2025-09-08 15:39:58.001,2025-09-08 15:39:58.001
3394,21,23,5,2025-09-08 15:39:58.007,2025-09-08 15:39:58.007
3395,22,23,4,2025-09-08 15:39:58.013,2025-09-08 15:39:58.013
3396,23,23,3,2025-09-08 15:39:58.019,2025-09-08 15:39:58.019
3397,24,23,4,2025-09-08 15:39:58.024,2025-09-08 15:39:58.024
3398,25,23,4,2025-09-08 15:39:58.03,2025-09-08 15:39:58.03
3399,26,23,5,2025-09-08 15:39:58.036,2025-09-08 15:39:58.036
3400,27,23,4,2025-09-08 15:39:58.041,2025-09-08 15:39:58.041
3401,28,23,5,2025-09-08 15:39:58.048,2025-09-08 15:39:58.048
3402,29,23,4,2025-09-08 15:39:58.054,2025-09-08 15:39:58.054
3403,30,23,5,2025-09-08 15:39:58.061,2025-09-08 15:39:58.061
3404,31,23,4,2025-09-08 15:39:58.069,2025-09-08 15:39:58.069
3405,32,23,1,2025-09-08 15:39:58.077,2025-09-08 15:39:58.077
3406,33,23,5,2025-09-08 15:39:58.084,2025-09-08 15:39:58.084
3407,34,23,1,2025-09-08 15:39:58.091,2025-09-08 15:39:58.091
3408,35,23,6,2025-09-08 15:39:58.099,2025-09-08 15:39:58.099
3409,36,23,4,2025-09-08 15:39:58.107,2025-09-08 15:39:58.107
3410,37,23,6,2025-09-08 15:39:58.114,2025-09-08 15:39:58.114
3411,38,23,5,2025-09-08 15:39:58.12,2025-09-08 15:39:58.12
3412,39,23,4,2025-09-08 15:39:58.127,2025-09-08 15:39:58.127
3413,40,23,5,2025-09-08 15:39:58.135,2025-09-08 15:39:58.135
3414,41,23,6,2025-09-08 15:39:58.142,2025-09-08 15:39:58.142
3415,42,23,6,2025-09-08 15:39:58.149,2025-09-08 15:39:58.149
3416,43,23,6,2025-09-08 15:39:58.161,2025-09-08 15:39:58.161
3417,44,23,6,2025-09-08 15:39:58.17,2025-09-08 15:39:58.17
3418,45,23,5,2025-09-08 15:39:58.176,2025-09-08 15:39:58.176
3419,46,23,6,2025-09-08 15:39:58.184,2025-09-08 15:39:58.184
3420,47,23,5,2025-09-08 15:39:58.19,2025-09-08 15:39:58.19
3421,48,23,4,2025-09-08 15:39:58.198,2025-09-08 15:39:58.198
3422,49,23,7,2025-09-08 15:39:58.205,2025-09-08 15:39:58.205
3423,50,23,6,2025-09-08 15:39:58.213,2025-09-08 15:39:58.213
3424,51,23,6,2025-09-08 15:39:58.22,2025-09-08 15:39:58.22
3425,52,23,3,2025-09-08 15:39:58.227,2025-09-08 15:39:58.227
3426,53,23,7,2025-09-08 15:39:58.235,2025-09-08 15:39:58.235
3427,54,23,7,2025-09-08 15:39:58.242,2025-09-08 15:39:58.242
3428,55,23,4,2025-09-08 15:39:58.25,2025-09-08 15:39:58.25
3429,56,23,4,2025-09-08 15:39:58.257,2025-09-08 15:39:58.257
3430,57,23,6,2025-09-08 15:39:58.265,2025-09-08 15:39:58.265
3431,58,23,2,2025-09-08 15:39:58.273,2025-09-08 15:39:58.273
3432,59,23,7,2025-09-08 15:39:58.282,2025-09-08 15:39:58.282
3433,60,23,4,2025-09-08 15:39:58.289,2025-09-08 15:39:58.289
3434,61,23,4,2025-09-08 15:39:58.297,2025-09-08 15:39:58.297
3435,62,23,7,2025-09-08 15:39:58.304,2025-09-08 15:39:58.304
3436,63,23,5,2025-09-08 15:39:58.312,2025-09-08 15:39:58.312
3437,64,23,4,2025-09-08 15:39:58.32,2025-09-08 15:39:58.32
3438,65,23,5,2025-09-08 15:39:58.327,2025-09-08 15:39:58.327
3439,66,23,6,2025-09-08 15:39:58.335,2025-09-08 15:39:58.335
3440,67,23,6,2025-09-08 15:39:58.343,2025-09-08 15:39:58.343
3441,68,23,4,2025-09-08 15:39:58.352,2025-09-08 15:39:58.352
3442,69,23,5,2025-09-08 15:39:58.36,2025-09-08 15:39:58.36
3443,70,23,1,2025-09-08 15:39:58.368,2025-09-08 15:39:58.368
3444,71,23,4,2025-09-08 15:39:58.376,2025-09-08 15:39:58.376
3445,72,23,6,2025-09-08 15:39:58.384,2025-09-08 15:39:58.384
3446,73,23,7,2025-09-08 15:39:58.392,2025-09-08 15:39:58.392
3447,74,23,1,2025-09-08 15:39:58.4,2025-09-08 15:39:58.4
3448,75,23,5,2025-09-08 15:39:58.406,2025-09-08 15:39:58.406
3449,76,23,5,2025-09-08 15:39:58.414,2025-09-08 15:39:58.414
3450,77,23,6,2025-09-08 15:39:58.421,2025-09-08 15:39:58.421
3451,78,23,6,2025-09-08 15:39:58.43,2025-09-08 15:39:58.43
3452,79,23,4,2025-09-08 15:39:58.437,2025-09-08 15:39:58.437
3453,80,23,7,2025-09-08 15:39:58.445,2025-09-08 15:39:58.445
3454,81,23,5,2025-09-08 15:39:58.452,2025-09-08 15:39:58.452
3455,82,23,6,2025-09-08 15:39:58.46,2025-09-08 15:39:58.46
3456,83,23,4,2025-09-08 15:39:58.467,2025-09-08 15:39:58.467
3457,84,23,5,2025-09-08 15:39:58.476,2025-09-08 15:39:58.476
3458,85,23,6,2025-09-08 15:39:58.484,2025-09-08 15:39:58.484
3459,86,23,5,2025-09-08 15:39:58.491,2025-09-08 15:39:58.491
3460,87,23,4,2025-09-08 15:39:58.499,2025-09-08 15:39:58.499
3461,88,23,4,2025-09-08 15:39:58.505,2025-09-08 15:39:58.505
3462,89,23,4,2025-09-08 15:39:58.512,2025-09-08 15:39:58.512
3463,90,23,5,2025-09-08 15:39:58.52,2025-09-08 15:39:58.52
3464,91,23,4,2025-09-08 15:39:58.527,2025-09-08 15:39:58.527
3465,92,23,3,2025-09-08 15:39:58.534,2025-09-08 15:39:58.534
3466,93,23,5,2025-09-08 15:39:58.541,2025-09-08 15:39:58.541
3467,94,23,5,2025-09-08 15:39:58.548,2025-09-08 15:39:58.548
3468,95,23,4,2025-09-08 15:39:58.556,2025-09-08 15:39:58.556
3469,96,23,5,2025-09-08 15:39:58.563,2025-09-08 15:39:58.563
3470,97,23,4,2025-09-08 15:39:58.571,2025-09-08 15:39:58.571
3471,98,23,5,2025-09-08 15:39:58.579,2025-09-08 15:39:58.579
3472,99,23,4,2025-09-08 15:39:58.587,2025-09-08 15:39:58.587
3473,100,23,4,2025-09-08 15:39:58.595,2025-09-08 15:39:58.595
3474,101,23,5,2025-09-08 15:39:58.602,2025-09-08 15:39:58.602
3475,102,23,6,2025-09-08 15:39:58.61,2025-09-08 15:39:58.61
3476,103,23,4,2025-09-08 15:39:58.618,2025-09-08 15:39:58.618
3477,104,23,7,2025-09-08 15:39:58.626,2025-09-08 15:39:58.626
3478,105,23,5,2025-09-08 15:39:58.635,2025-09-08 15:39:58.635
3479,106,23,6,2025-09-08 15:39:58.644,2025-09-08 15:39:58.644
3480,107,23,5,2025-09-08 15:39:58.652,2025-09-08 15:39:58.652
3481,108,23,5,2025-09-08 15:39:58.659,2025-09-08 15:39:58.659
3482,109,23,6,2025-09-08 15:39:58.667,2025-09-08 15:39:58.667
3483,110,23,4,2025-09-08 15:39:58.676,2025-09-08 15:39:58.676
3484,111,23,6,2025-09-08 15:39:58.685,2025-09-08 15:39:58.685
3485,112,23,5,2025-09-08 15:39:58.695,2025-09-08 15:39:58.695
3486,113,23,5,2025-09-08 15:39:58.703,2025-09-08 15:39:58.703
3487,114,23,4,2025-09-08 15:39:58.712,2025-09-08 15:39:58.712
3488,115,23,1,2025-09-08 15:39:58.719,2025-09-08 15:39:58.719
3489,116,23,3,2025-09-08 15:39:58.727,2025-09-08 15:39:58.727
3490,117,23,5,2025-09-08 15:39:58.736,2025-09-08 15:39:58.736
3491,118,23,6,2025-09-08 15:39:58.742,2025-09-08 15:39:58.742
3492,119,23,4,2025-09-08 15:39:58.749,2025-09-08 15:39:58.749
3493,120,23,4,2025-09-08 15:39:58.756,2025-09-08 15:39:58.756
3494,121,23,4,2025-09-08 15:39:58.763,2025-09-08 15:39:58.763
3495,122,23,5,2025-09-08 15:39:58.769,2025-09-08 15:39:58.769
3496,123,23,6,2025-09-08 15:39:58.776,2025-09-08 15:39:58.776
3497,124,23,6,2025-09-08 15:39:58.783,2025-09-08 15:39:58.783
3498,125,23,4,2025-09-08 15:39:58.79,2025-09-08 15:39:58.79
3499,126,23,4,2025-09-08 15:39:58.798,2025-09-08 15:39:58.798
3500,127,23,6,2025-09-08 15:39:58.804,2025-09-08 15:39:58.804
3501,128,23,5,2025-09-08 15:39:58.81,2025-09-08 15:39:58.81
3502,129,23,3,2025-09-08 15:39:58.817,2025-09-08 15:39:58.817
3503,130,23,5,2025-09-08 15:39:58.824,2025-09-08 15:39:58.824
3504,131,23,5,2025-09-08 15:39:58.832,2025-09-08 15:39:58.832
3505,132,23,4,2025-09-08 15:39:58.84,2025-09-08 15:39:58.84
3506,133,23,4,2025-09-08 15:39:58.849,2025-09-08 15:39:58.849
3507,134,23,7,2025-09-08 15:39:58.856,2025-09-08 15:39:58.856
3508,135,23,5,2025-09-08 15:39:58.862,2025-09-08 15:39:58.862
3509,136,23,5,2025-09-08 15:39:58.869,2025-09-08 15:39:58.869
3510,137,23,6,2025-09-08 15:39:58.875,2025-09-08 15:39:58.875
3511,138,23,2,2025-09-08 15:39:58.881,2025-09-08 15:39:58.881
3512,139,23,5,2025-09-08 15:39:58.888,2025-09-08 15:39:58.888
3513,140,23,5,2025-09-08 15:39:58.895,2025-09-08 15:39:58.895
3514,141,23,3,2025-09-08 15:39:58.901,2025-09-08 15:39:58.901
3515,142,23,3,2025-09-08 15:39:58.909,2025-09-08 15:39:58.909
3516,143,23,4,2025-09-08 15:39:58.916,2025-09-08 15:39:58.916
3517,144,23,4,2025-09-08 15:39:58.922,2025-09-08 15:39:58.922
3518,145,23,6,2025-09-08 15:39:58.929,2025-09-08 15:39:58.929
3519,146,23,4,2025-09-08 15:39:58.937,2025-09-08 15:39:58.937
3520,147,23,5,2025-09-08 15:39:58.945,2025-09-08 15:39:58.945
3521,148,23,6,2025-09-08 15:39:58.951,2025-09-08 15:39:58.951
3522,149,23,4,2025-09-08 15:39:58.958,2025-09-08 15:39:58.958
3523,150,23,4,2025-09-08 15:39:58.965,2025-09-08 15:39:58.965
3524,151,23,4,2025-09-08 15:39:58.971,2025-09-08 15:39:58.971
3525,152,23,5,2025-09-08 15:39:58.978,2025-09-08 15:39:58.978
3526,153,23,1,2025-09-08 15:39:58.984,2025-09-08 15:39:58.984
3527,154,23,4,2025-09-08 15:39:58.992,2025-09-08 15:39:58.992
3528,155,23,5,2025-09-08 15:39:59,2025-09-08 15:39:59
3529,156,23,4,2025-09-08 15:39:59.008,2025-09-08 15:39:59.008
3530,157,23,5,2025-09-08 15:39:59.014,2025-09-08 15:39:59.014
3531,158,23,4,2025-09-08 15:39:59.021,2025-09-08 15:39:59.021
3532,159,23,3,2025-09-08 15:39:59.029,2025-09-08 15:39:59.029
3533,160,23,2,2025-09-08 15:39:59.036,2025-09-08 15:39:59.036
3534,161,23,4,2025-09-08 15:39:59.043,2025-09-08 15:39:59.043
3535,162,23,5,2025-09-08 15:39:59.051,2025-09-08 15:39:59.051
3536,163,23,2,2025-09-08 15:39:59.06,2025-09-08 15:39:59.06
3537,164,23,5,2025-09-08 15:39:59.067,2025-09-08 15:39:59.067
3538,165,23,5,2025-09-08 15:39:59.074,2025-09-08 15:39:59.074
3539,166,23,2,2025-09-08 15:39:59.081,2025-09-08 15:39:59.081
3540,167,23,4,2025-09-08 15:39:59.087,2025-09-08 15:39:59.087
3541,168,23,4,2025-09-08 15:39:59.094,2025-09-08 15:39:59.094
3542,169,23,3,2025-09-08 15:39:59.102,2025-09-08 15:39:59.102
3543,170,23,6,2025-09-08 15:39:59.108,2025-09-08 15:39:59.108
3544,171,23,4,2025-09-08 15:39:59.115,2025-09-08 15:39:59.115
3545,172,23,2,2025-09-08 15:39:59.121,2025-09-08 15:39:59.121
3546,173,23,6,2025-09-08 15:39:59.128,2025-09-08 15:39:59.128
3547,174,23,3,2025-09-08 15:39:59.135,2025-09-08 15:39:59.135
3548,175,23,5,2025-09-08 15:39:59.143,2025-09-08 15:39:59.143
3549,176,23,6,2025-09-08 15:39:59.149,2025-09-08 15:39:59.149
3550,177,23,4,2025-09-08 15:39:59.155,2025-09-08 15:39:59.155
3551,178,23,5,2025-09-08 15:39:59.16,2025-09-08 15:39:59.16
3552,179,23,2,2025-09-08 15:39:59.166,2025-09-08 15:39:59.166
3553,180,23,6,2025-09-08 15:39:59.174,2025-09-08 15:39:59.174
3554,181,23,7,2025-09-08 15:39:59.182,2025-09-08 15:39:59.182
3555,182,23,4,2025-09-08 15:39:59.188,2025-09-08 15:39:59.188
3556,183,23,6,2025-09-08 15:39:59.194,2025-09-08 15:39:59.194
3557,184,23,6,2025-09-08 15:39:59.2,2025-09-08 15:39:59.2
3558,185,23,5,2025-09-08 15:39:59.208,2025-09-08 15:39:59.208
3559,186,23,6,2025-09-08 15:39:59.216,2025-09-08 15:39:59.216
3560,187,23,5,2025-09-08 15:39:59.224,2025-09-08 15:39:59.224
3561,188,23,3,2025-09-08 15:39:59.231,2025-09-08 15:39:59.231
3562,189,23,4,2025-09-08 15:39:59.239,2025-09-08 15:39:59.239
3563,190,23,3,2025-09-08 15:39:59.246,2025-09-08 15:39:59.246
3564,191,23,7,2025-09-08 15:39:59.253,2025-09-08 15:39:59.253
3565,192,23,5,2025-09-08 15:39:59.262,2025-09-08 15:39:59.262
3566,193,23,5,2025-09-08 15:39:59.27,2025-09-08 15:39:59.27
3567,194,23,6,2025-09-08 15:39:59.278,2025-09-08 15:39:59.278
3568,195,23,5,2025-09-08 15:39:59.286,2025-09-08 15:39:59.286
3569,196,23,4,2025-09-08 15:39:59.293,2025-09-08 15:39:59.293
3570,197,23,5,2025-09-08 15:39:59.301,2025-09-08 15:39:59.301
3571,198,23,4,2025-09-08 15:39:59.308,2025-09-08 15:39:59.308
3572,199,23,4,2025-09-08 15:39:59.315,2025-09-08 15:39:59.315
3573,200,23,4,2025-09-08 15:39:59.323,2025-09-08 15:39:59.323
3574,201,23,4,2025-09-08 15:39:59.331,2025-09-08 15:39:59.331
3575,202,23,7,2025-09-08 15:39:59.338,2025-09-08 15:39:59.338
3576,203,23,5,2025-09-08 15:39:59.346,2025-09-08 15:39:59.346
3577,204,23,7,2025-09-08 15:39:59.354,2025-09-08 15:39:59.354
3578,205,23,1,2025-09-08 15:39:59.362,2025-09-08 15:39:59.362
3579,206,23,7,2025-09-08 15:39:59.37,2025-09-08 15:39:59.37
3580,207,23,6,2025-09-08 15:39:59.377,2025-09-08 15:39:59.377
3581,208,23,6,2025-09-08 15:39:59.384,2025-09-08 15:39:59.384
3582,209,23,5,2025-09-08 15:39:59.392,2025-09-08 15:39:59.392
3583,210,23,6,2025-09-08 15:39:59.401,2025-09-08 15:39:59.401
3584,211,23,7,2025-09-08 15:39:59.408,2025-09-08 15:39:59.408
3585,212,23,5,2025-09-08 15:39:59.415,2025-09-08 15:39:59.415
3586,213,23,4,2025-09-08 15:39:59.422,2025-09-08 15:39:59.422
3587,214,23,4,2025-09-08 15:39:59.428,2025-09-08 15:39:59.428
3588,215,23,4,2025-09-08 15:39:59.435,2025-09-08 15:39:59.435
3589,216,23,6,2025-09-08 15:39:59.442,2025-09-08 15:39:59.442
3590,217,23,4,2025-09-08 15:39:59.449,2025-09-08 15:39:59.449
3591,218,23,5,2025-09-08 15:39:59.456,2025-09-08 15:39:59.456
3592,219,23,6,2025-09-08 15:39:59.463,2025-09-08 15:39:59.463
3593,220,23,2,2025-09-08 15:39:59.47,2025-09-08 15:39:59.47
3594,221,23,2,2025-09-08 15:39:59.477,2025-09-08 15:39:59.477
3595,222,23,4,2025-09-08 15:39:59.484,2025-09-08 15:39:59.484
3596,223,23,4,2025-09-08 15:39:59.492,2025-09-08 15:39:59.492
3597,224,23,4,2025-09-08 15:39:59.499,2025-09-08 15:39:59.499
3598,225,23,5,2025-09-08 15:39:59.506,2025-09-08 15:39:59.506
3599,226,23,6,2025-09-08 15:39:59.514,2025-09-08 15:39:59.514
3600,227,23,2,2025-09-08 15:39:59.522,2025-09-08 15:39:59.522
3601,228,23,5,2025-09-08 15:39:59.541,2025-09-08 15:39:59.541
3602,229,23,6,2025-09-08 15:39:59.548,2025-09-08 15:39:59.548
3603,230,23,5,2025-09-08 15:39:59.553,2025-09-08 15:39:59.553
3604,231,23,5,2025-09-08 15:39:59.56,2025-09-08 15:39:59.56
3605,232,23,4,2025-09-08 15:39:59.565,2025-09-08 15:39:59.565
3606,233,23,6,2025-09-08 15:39:59.571,2025-09-08 15:39:59.571
3607,234,23,1,2025-09-08 15:39:59.576,2025-09-08 15:39:59.576
3608,235,23,6,2025-09-08 15:39:59.582,2025-09-08 15:39:59.582
3609,236,23,7,2025-09-08 15:39:59.588,2025-09-08 15:39:59.588
3610,237,23,6,2025-09-08 15:39:59.593,2025-09-08 15:39:59.593
3611,238,23,5,2025-09-08 15:39:59.598,2025-09-08 15:39:59.598
3612,239,23,1,2025-09-08 15:39:59.604,2025-09-08 15:39:59.604
3613,240,23,6,2025-09-08 15:39:59.618,2025-09-08 15:39:59.618
3614,241,23,5,2025-09-08 15:39:59.625,2025-09-08 15:39:59.625
3615,242,23,4,2025-09-08 15:39:59.631,2025-09-08 15:39:59.631
3616,243,23,4,2025-09-08 15:39:59.637,2025-09-08 15:39:59.637
3617,244,23,7,2025-09-08 15:39:59.643,2025-09-08 15:39:59.643
3618,245,23,4,2025-09-08 15:39:59.649,2025-09-08 15:39:59.649
3619,246,23,5,2025-09-08 15:39:59.657,2025-09-08 15:39:59.657
3620,247,23,6,2025-09-08 15:39:59.665,2025-09-08 15:39:59.665
3621,248,23,4,2025-09-08 15:39:59.674,2025-09-08 15:39:59.674
3622,249,23,5,2025-09-08 15:39:59.682,2025-09-08 15:39:59.682
3623,250,23,6,2025-09-08 15:39:59.691,2025-09-08 15:39:59.691
3624,251,23,6,2025-09-08 15:39:59.699,2025-09-08 15:39:59.699
3625,252,23,4,2025-09-08 15:39:59.708,2025-09-08 15:39:59.708
3626,253,23,6,2025-09-08 15:39:59.716,2025-09-08 15:39:59.716
3627,254,23,6,2025-09-08 15:39:59.724,2025-09-08 15:39:59.724
3628,255,23,5,2025-09-08 15:39:59.731,2025-09-08 15:39:59.731
3629,256,23,5,2025-09-08 15:39:59.739,2025-09-08 15:39:59.739
3630,257,23,5,2025-09-08 15:39:59.745,2025-09-08 15:39:59.745
3631,258,23,4,2025-09-08 15:39:59.75,2025-09-08 15:39:59.75
3632,259,23,4,2025-09-08 15:39:59.757,2025-09-08 15:39:59.757
3633,260,23,7,2025-09-08 15:39:59.762,2025-09-08 15:39:59.762
3634,261,23,5,2025-09-08 15:39:59.768,2025-09-08 15:39:59.768
3635,262,23,6,2025-09-08 15:39:59.773,2025-09-08 15:39:59.773
3636,263,23,6,2025-09-08 15:39:59.779,2025-09-08 15:39:59.779
3637,264,23,4,2025-09-08 15:39:59.784,2025-09-08 15:39:59.784
3638,265,23,3,2025-09-08 15:39:59.79,2025-09-08 15:39:59.79
3639,266,23,4,2025-09-08 15:39:59.795,2025-09-08 15:39:59.795
3640,267,23,3,2025-09-08 15:39:59.8,2025-09-08 15:39:59.8
3641,268,23,5,2025-09-08 15:39:59.807,2025-09-08 15:39:59.807
3642,269,23,4,2025-09-08 15:39:59.812,2025-09-08 15:39:59.812
3643,270,23,5,2025-09-08 15:39:59.82,2025-09-08 15:39:59.82
3644,271,23,5,2025-09-08 15:39:59.827,2025-09-08 15:39:59.827
3645,272,23,4,2025-09-08 15:39:59.834,2025-09-08 15:39:59.834
3646,273,23,3,2025-09-08 15:39:59.84,2025-09-08 15:39:59.84
3647,274,23,3,2025-09-08 15:39:59.846,2025-09-08 15:39:59.846
3648,275,23,4,2025-09-08 15:39:59.853,2025-09-08 15:39:59.853
3649,276,23,6,2025-09-08 15:39:59.867,2025-09-08 15:39:59.867
3650,277,23,4,2025-09-08 15:39:59.875,2025-09-08 15:39:59.875
3651,278,23,3,2025-09-08 15:39:59.883,2025-09-08 15:39:59.883
3652,279,23,3,2025-09-08 15:39:59.892,2025-09-08 15:39:59.892
3653,280,23,6,2025-09-08 15:39:59.9,2025-09-08 15:39:59.9
3654,281,23,6,2025-09-08 15:39:59.908,2025-09-08 15:39:59.908
3655,282,23,5,2025-09-08 15:39:59.917,2025-09-08 15:39:59.917
3656,283,23,7,2025-09-08 15:39:59.925,2025-09-08 15:39:59.925
3657,284,23,5,2025-09-08 15:39:59.933,2025-09-08 15:39:59.933
3658,285,23,3,2025-09-08 15:39:59.941,2025-09-08 15:39:59.941
3659,286,23,7,2025-09-08 15:39:59.948,2025-09-08 15:39:59.948
3660,287,23,4,2025-09-08 15:39:59.955,2025-09-08 15:39:59.955
3661,288,23,6,2025-09-08 15:39:59.962,2025-09-08 15:39:59.962
3662,289,23,5,2025-09-08 15:39:59.97,2025-09-08 15:39:59.97
3663,290,23,4,2025-09-08 15:39:59.979,2025-09-08 15:39:59.979
3664,291,23,5,2025-09-08 15:39:59.988,2025-09-08 15:39:59.988
3665,292,23,5,2025-09-08 15:39:59.996,2025-09-08 15:39:59.996
3666,293,23,6,2025-09-08 15:40:00.003,2025-09-08 15:40:00.003
3667,294,23,7,2025-09-08 15:40:00.01,2025-09-08 15:40:00.01
3668,295,23,5,2025-09-08 15:40:00.018,2025-09-08 15:40:00.018
3669,296,23,5,2025-09-08 15:40:00.026,2025-09-08 15:40:00.026
3670,297,23,5,2025-09-08 15:40:00.033,2025-09-08 15:40:00.033
3671,298,23,4,2025-09-08 15:40:00.041,2025-09-08 15:40:00.041
3672,299,23,5,2025-09-08 15:40:00.049,2025-09-08 15:40:00.049
3673,300,23,4,2025-09-08 15:40:00.057,2025-09-08 15:40:00.057
3674,301,23,2,2025-09-08 15:40:00.064,2025-09-08 15:40:00.064
3675,302,23,4,2025-09-08 15:40:00.071,2025-09-08 15:40:00.071
3676,303,23,5,2025-09-08 15:40:00.078,2025-09-08 15:40:00.078
3677,304,23,7,2025-09-08 15:40:00.085,2025-09-08 15:40:00.085
3678,305,23,5,2025-09-08 15:40:00.092,2025-09-08 15:40:00.092
3679,306,23,6,2025-09-08 15:40:00.098,2025-09-08 15:40:00.098
3680,307,23,4,2025-09-08 15:40:00.104,2025-09-08 15:40:00.104
3681,308,23,6,2025-09-08 15:40:00.111,2025-09-08 15:40:00.111
3682,309,23,6,2025-09-08 15:40:00.117,2025-09-08 15:40:00.117
3683,310,23,3,2025-09-08 15:40:00.124,2025-09-08 15:40:00.124
3684,311,23,5,2025-09-08 15:40:00.13,2025-09-08 15:40:00.13
3685,312,23,5,2025-09-08 15:40:00.141,2025-09-08 15:40:00.141
3686,313,23,5,2025-09-08 15:40:00.148,2025-09-08 15:40:00.148
3687,314,23,4,2025-09-08 15:40:00.155,2025-09-08 15:40:00.155
3688,315,23,6,2025-09-08 15:40:00.161,2025-09-08 15:40:00.161
3689,316,23,7,2025-09-08 15:40:00.169,2025-09-08 15:40:00.169
3690,317,23,6,2025-09-08 15:40:00.178,2025-09-08 15:40:00.178
3691,318,23,4,2025-09-08 15:40:00.187,2025-09-08 15:40:00.187
3692,319,23,3,2025-09-08 15:40:00.195,2025-09-08 15:40:00.195
3693,320,23,5,2025-09-08 15:40:00.201,2025-09-08 15:40:00.201
3694,321,23,6,2025-09-08 15:40:00.208,2025-09-08 15:40:00.208
3695,322,23,5,2025-09-08 15:40:00.216,2025-09-08 15:40:00.216
3696,323,23,5,2025-09-08 15:40:00.224,2025-09-08 15:40:00.224
3697,324,23,5,2025-09-08 15:40:00.231,2025-09-08 15:40:00.231
3698,325,23,5,2025-09-08 15:40:00.24,2025-09-08 15:40:00.24
3699,326,23,4,2025-09-08 15:40:00.247,2025-09-08 15:40:00.247
3700,327,23,2,2025-09-08 15:40:00.254,2025-09-08 15:40:00.254
3701,328,23,4,2025-09-08 15:40:00.26,2025-09-08 15:40:00.26
3702,329,23,6,2025-09-08 15:40:00.267,2025-09-08 15:40:00.267
3703,330,23,4,2025-09-08 15:40:00.274,2025-09-08 15:40:00.274
3704,331,23,3,2025-09-08 15:40:00.279,2025-09-08 15:40:00.279
3705,332,23,4,2025-09-08 15:40:00.286,2025-09-08 15:40:00.286
3706,333,23,4,2025-09-08 15:40:00.292,2025-09-08 15:40:00.292
3707,334,23,5,2025-09-08 15:40:00.298,2025-09-08 15:40:00.298
3708,335,23,4,2025-09-08 15:40:00.307,2025-09-08 15:40:00.307
3709,336,23,5,2025-09-08 15:40:00.313,2025-09-08 15:40:00.313
3710,337,23,4,2025-09-08 15:40:00.32,2025-09-08 15:40:00.32
3711,338,23,6,2025-09-08 15:40:00.325,2025-09-08 15:40:00.325
3712,339,23,5,2025-09-08 15:40:00.332,2025-09-08 15:40:00.332
3713,340,23,4,2025-09-08 15:40:00.34,2025-09-08 15:40:00.34
3714,341,23,5,2025-09-08 15:40:00.347,2025-09-08 15:40:00.347
3715,342,23,7,2025-09-08 15:40:00.354,2025-09-08 15:40:00.354
3716,343,23,5,2025-09-08 15:40:00.36,2025-09-08 15:40:00.36
3717,344,23,5,2025-09-08 15:40:00.368,2025-09-08 15:40:00.368
3718,345,23,5,2025-09-08 15:40:00.373,2025-09-08 15:40:00.373
3719,346,23,7,2025-09-08 15:40:00.379,2025-09-08 15:40:00.379
3720,347,23,4,2025-09-08 15:40:00.385,2025-09-08 15:40:00.385
3721,348,23,6,2025-09-08 15:40:00.391,2025-09-08 15:40:00.391
3722,349,23,4,2025-09-08 15:40:00.397,2025-09-08 15:40:00.397
3723,350,23,5,2025-09-08 15:40:00.404,2025-09-08 15:40:00.404
3724,351,23,4,2025-09-08 15:40:00.41,2025-09-08 15:40:00.41
3725,352,23,4,2025-09-08 15:40:00.415,2025-09-08 15:40:00.415
3726,353,23,5,2025-09-08 15:40:00.422,2025-09-08 15:40:00.422
3727,354,23,6,2025-09-08 15:40:00.428,2025-09-08 15:40:00.428
3728,355,23,2,2025-09-08 15:40:00.436,2025-09-08 15:40:00.436
3729,356,23,3,2025-09-08 15:40:00.442,2025-09-08 15:40:00.442
3730,357,23,5,2025-09-08 15:40:00.447,2025-09-08 15:40:00.447
3731,358,23,4,2025-09-08 15:40:00.454,2025-09-08 15:40:00.454
3732,359,23,5,2025-09-08 15:40:00.46,2025-09-08 15:40:00.46
3733,360,23,5,2025-09-08 15:40:00.466,2025-09-08 15:40:00.466
3734,361,23,5,2025-09-08 15:40:00.471,2025-09-08 15:40:00.471
3735,362,23,6,2025-09-08 15:40:00.477,2025-09-08 15:40:00.477
3736,363,23,5,2025-09-08 15:40:00.483,2025-09-08 15:40:00.483
3737,364,23,5,2025-09-08 15:40:00.488,2025-09-08 15:40:00.488
3738,365,23,6,2025-09-08 15:40:00.494,2025-09-08 15:40:00.494
3739,366,23,6,2025-09-08 15:40:00.5,2025-09-08 15:40:00.5
3740,367,23,3,2025-09-08 15:40:00.505,2025-09-08 15:40:00.505
3741,368,23,4,2025-09-08 15:40:00.51,2025-09-08 15:40:00.51
3742,369,23,4,2025-09-08 15:40:00.515,2025-09-08 15:40:00.515
3743,9,22,7,2025-09-08 15:40:00.521,2025-09-08 15:40:00.521
3744,10,22,4,2025-09-08 15:40:00.527,2025-09-08 15:40:00.527
3745,11,22,5,2025-09-08 15:40:00.534,2025-09-08 15:40:00.534
3746,12,22,3,2025-09-08 15:40:00.546,2025-09-08 15:40:00.546
3747,13,22,5,2025-09-08 15:40:00.555,2025-09-08 15:40:00.555
3748,14,22,3,2025-09-08 15:40:00.562,2025-09-08 15:40:00.562
3749,15,22,5,2025-09-08 15:40:00.569,2025-09-08 15:40:00.569
3750,16,22,4,2025-09-08 15:40:00.574,2025-09-08 15:40:00.574
3751,17,22,4,2025-09-08 15:40:00.579,2025-09-08 15:40:00.579
3752,18,22,7,2025-09-08 15:40:00.594,2025-09-08 15:40:00.594
3753,19,22,6,2025-09-08 15:40:00.602,2025-09-08 15:40:00.602
3754,20,22,4,2025-09-08 15:40:00.609,2025-09-08 15:40:00.609
3755,21,22,5,2025-09-08 15:40:00.617,2025-09-08 15:40:00.617
3756,22,22,5,2025-09-08 15:40:00.624,2025-09-08 15:40:00.624
3757,23,22,4,2025-09-08 15:40:00.632,2025-09-08 15:40:00.632
3758,24,22,4,2025-09-08 15:40:00.638,2025-09-08 15:40:00.638
3759,25,22,4,2025-09-08 15:40:00.643,2025-09-08 15:40:00.643
3760,26,22,4,2025-09-08 15:40:00.648,2025-09-08 15:40:00.648
3761,27,22,2,2025-09-08 15:40:00.656,2025-09-08 15:40:00.656
3762,28,22,5,2025-09-08 15:40:00.662,2025-09-08 15:40:00.662
3763,29,22,4,2025-09-08 15:40:00.669,2025-09-08 15:40:00.669
3764,30,22,5,2025-09-08 15:40:00.678,2025-09-08 15:40:00.678
3765,31,22,4,2025-09-08 15:40:00.685,2025-09-08 15:40:00.685
3766,32,22,1,2025-09-08 15:40:00.694,2025-09-08 15:40:00.694
3767,33,22,5,2025-09-08 15:40:00.73,2025-09-08 15:40:00.73
3768,34,22,1,2025-09-08 15:40:00.74,2025-09-08 15:40:00.74
3769,35,22,6,2025-09-08 15:40:00.75,2025-09-08 15:40:00.75
3770,36,22,4,2025-09-08 15:40:00.759,2025-09-08 15:40:00.759
3771,37,22,6,2025-09-08 15:40:00.768,2025-09-08 15:40:00.768
3772,38,22,5,2025-09-08 15:40:00.776,2025-09-08 15:40:00.776
3773,39,22,4,2025-09-08 15:40:00.784,2025-09-08 15:40:00.784
3774,40,22,6,2025-09-08 15:40:00.793,2025-09-08 15:40:00.793
3775,41,22,7,2025-09-08 15:40:00.8,2025-09-08 15:40:00.8
3776,42,22,6,2025-09-08 15:40:00.807,2025-09-08 15:40:00.807
3777,43,22,6,2025-09-08 15:40:00.814,2025-09-08 15:40:00.814
3778,44,22,6,2025-09-08 15:40:00.823,2025-09-08 15:40:00.823
3779,45,22,5,2025-09-08 15:40:00.829,2025-09-08 15:40:00.829
3780,46,22,6,2025-09-08 15:40:00.837,2025-09-08 15:40:00.837
3781,47,22,6,2025-09-08 15:40:00.844,2025-09-08 15:40:00.844
3782,48,22,4,2025-09-08 15:40:00.853,2025-09-08 15:40:00.853
3783,49,22,7,2025-09-08 15:40:00.86,2025-09-08 15:40:00.86
3784,50,22,6,2025-09-08 15:40:00.869,2025-09-08 15:40:00.869
3785,51,22,5,2025-09-08 15:40:00.878,2025-09-08 15:40:00.878
3786,52,22,3,2025-09-08 15:40:00.886,2025-09-08 15:40:00.886
3787,53,22,7,2025-09-08 15:40:00.892,2025-09-08 15:40:00.892
3788,54,22,7,2025-09-08 15:40:00.899,2025-09-08 15:40:00.899
3789,55,22,4,2025-09-08 15:40:00.908,2025-09-08 15:40:00.908
3790,56,22,4,2025-09-08 15:40:00.917,2025-09-08 15:40:00.917
3791,57,22,6,2025-09-08 15:40:00.924,2025-09-08 15:40:00.924
3792,58,22,2,2025-09-08 15:40:00.932,2025-09-08 15:40:00.932
3793,59,22,1,2025-09-08 15:40:00.941,2025-09-08 15:40:00.941
3794,60,22,4,2025-09-08 15:40:00.948,2025-09-08 15:40:00.948
3795,61,22,5,2025-09-08 15:40:00.957,2025-09-08 15:40:00.957
3796,62,22,6,2025-09-08 15:40:00.965,2025-09-08 15:40:00.965
3797,63,22,5,2025-09-08 15:40:00.973,2025-09-08 15:40:00.973
3798,64,22,4,2025-09-08 15:40:00.98,2025-09-08 15:40:00.98
3799,65,22,4,2025-09-08 15:40:00.99,2025-09-08 15:40:00.99
3800,66,22,6,2025-09-08 15:40:00.997,2025-09-08 15:40:00.997
3801,67,22,6,2025-09-08 15:40:01.003,2025-09-08 15:40:01.003
3802,68,22,4,2025-09-08 15:40:01.007,2025-09-08 15:40:01.007
3803,69,22,5,2025-09-08 15:40:01.013,2025-09-08 15:40:01.013
3804,70,22,1,2025-09-08 15:40:01.018,2025-09-08 15:40:01.018
3805,71,22,4,2025-09-08 15:40:01.024,2025-09-08 15:40:01.024
3806,72,22,6,2025-09-08 15:40:01.031,2025-09-08 15:40:01.031
3807,73,22,7,2025-09-08 15:40:01.038,2025-09-08 15:40:01.038
3808,74,22,1,2025-09-08 15:40:01.043,2025-09-08 15:40:01.043
3809,75,22,5,2025-09-08 15:40:01.05,2025-09-08 15:40:01.05
3810,76,22,5,2025-09-08 15:40:01.057,2025-09-08 15:40:01.057
3811,77,22,6,2025-09-08 15:40:01.063,2025-09-08 15:40:01.063
3812,78,22,6,2025-09-08 15:40:01.071,2025-09-08 15:40:01.071
3813,79,22,4,2025-09-08 15:40:01.077,2025-09-08 15:40:01.077
3814,80,22,6,2025-09-08 15:40:01.083,2025-09-08 15:40:01.083
3815,81,22,5,2025-09-08 15:40:01.09,2025-09-08 15:40:01.09
3816,82,22,6,2025-09-08 15:40:01.097,2025-09-08 15:40:01.097
3817,83,22,4,2025-09-08 15:40:01.106,2025-09-08 15:40:01.106
3818,84,22,5,2025-09-08 15:40:01.113,2025-09-08 15:40:01.113
3819,85,22,6,2025-09-08 15:40:01.119,2025-09-08 15:40:01.119
3820,86,22,6,2025-09-08 15:40:01.124,2025-09-08 15:40:01.124
3821,87,22,4,2025-09-08 15:40:01.13,2025-09-08 15:40:01.13
3822,88,22,4,2025-09-08 15:40:01.138,2025-09-08 15:40:01.138
3823,89,22,4,2025-09-08 15:40:01.145,2025-09-08 15:40:01.145
3824,90,22,5,2025-09-08 15:40:01.152,2025-09-08 15:40:01.152
3825,91,22,4,2025-09-08 15:40:01.158,2025-09-08 15:40:01.158
3826,92,22,3,2025-09-08 15:40:01.163,2025-09-08 15:40:01.163
3827,93,22,6,2025-09-08 15:40:01.169,2025-09-08 15:40:01.169
3828,94,22,6,2025-09-08 15:40:01.174,2025-09-08 15:40:01.174
3829,95,22,4,2025-09-08 15:40:01.181,2025-09-08 15:40:01.181
3830,96,22,5,2025-09-08 15:40:01.188,2025-09-08 15:40:01.188
3831,97,22,4,2025-09-08 15:40:01.195,2025-09-08 15:40:01.195
3832,98,22,5,2025-09-08 15:40:01.204,2025-09-08 15:40:01.204
3833,99,22,4,2025-09-08 15:40:01.211,2025-09-08 15:40:01.211
3834,100,22,4,2025-09-08 15:40:01.219,2025-09-08 15:40:01.219
3835,101,22,5,2025-09-08 15:40:01.227,2025-09-08 15:40:01.227
3836,102,22,6,2025-09-08 15:40:01.235,2025-09-08 15:40:01.235
3837,103,22,4,2025-09-08 15:40:01.242,2025-09-08 15:40:01.242
3838,104,22,7,2025-09-08 15:40:01.249,2025-09-08 15:40:01.249
3839,105,22,5,2025-09-08 15:40:01.257,2025-09-08 15:40:01.257
3840,106,22,6,2025-09-08 15:40:01.265,2025-09-08 15:40:01.265
3841,107,22,5,2025-09-08 15:40:01.273,2025-09-08 15:40:01.273
3842,108,22,5,2025-09-08 15:40:01.281,2025-09-08 15:40:01.281
3843,109,22,5,2025-09-08 15:40:01.289,2025-09-08 15:40:01.289
3844,110,22,5,2025-09-08 15:40:01.296,2025-09-08 15:40:01.296
3845,111,22,6,2025-09-08 15:40:01.303,2025-09-08 15:40:01.303
3846,112,22,5,2025-09-08 15:40:01.31,2025-09-08 15:40:01.31
3847,113,22,5,2025-09-08 15:40:01.317,2025-09-08 15:40:01.317
3848,114,22,4,2025-09-08 15:40:01.324,2025-09-08 15:40:01.324
3849,115,22,1,2025-09-08 15:40:01.329,2025-09-08 15:40:01.329
3850,116,22,4,2025-09-08 15:40:01.336,2025-09-08 15:40:01.336
3851,117,22,5,2025-09-08 15:40:01.341,2025-09-08 15:40:01.341
3852,118,22,6,2025-09-08 15:40:01.35,2025-09-08 15:40:01.35
3853,119,22,4,2025-09-08 15:40:01.357,2025-09-08 15:40:01.357
3854,120,22,5,2025-09-08 15:40:01.364,2025-09-08 15:40:01.364
3855,121,22,4,2025-09-08 15:40:01.371,2025-09-08 15:40:01.371
3856,122,22,5,2025-09-08 15:40:01.377,2025-09-08 15:40:01.377
3857,123,22,6,2025-09-08 15:40:01.383,2025-09-08 15:40:01.383
3858,124,22,6,2025-09-08 15:40:01.389,2025-09-08 15:40:01.389
3859,125,22,6,2025-09-08 15:40:01.394,2025-09-08 15:40:01.394
3860,126,22,4,2025-09-08 15:40:01.399,2025-09-08 15:40:01.399
3861,127,22,7,2025-09-08 15:40:01.405,2025-09-08 15:40:01.405
3862,128,22,5,2025-09-08 15:40:01.412,2025-09-08 15:40:01.412
3863,129,22,3,2025-09-08 15:40:01.42,2025-09-08 15:40:01.42
3864,130,22,6,2025-09-08 15:40:01.427,2025-09-08 15:40:01.427
3865,131,22,5,2025-09-08 15:40:01.437,2025-09-08 15:40:01.437
3866,132,22,4,2025-09-08 15:40:01.445,2025-09-08 15:40:01.445
3867,133,22,4,2025-09-08 15:40:01.453,2025-09-08 15:40:01.453
3868,134,22,7,2025-09-08 15:40:01.461,2025-09-08 15:40:01.461
3869,135,22,5,2025-09-08 15:40:01.469,2025-09-08 15:40:01.469
3870,136,22,5,2025-09-08 15:40:01.478,2025-09-08 15:40:01.478
3871,137,22,6,2025-09-08 15:40:01.485,2025-09-08 15:40:01.485
3872,138,22,2,2025-09-08 15:40:01.494,2025-09-08 15:40:01.494
3873,139,22,5,2025-09-08 15:40:01.502,2025-09-08 15:40:01.502
3874,140,22,5,2025-09-08 15:40:01.512,2025-09-08 15:40:01.512
3875,141,22,5,2025-09-08 15:40:01.523,2025-09-08 15:40:01.523
3876,142,22,3,2025-09-08 15:40:01.53,2025-09-08 15:40:01.53
3877,143,22,4,2025-09-08 15:40:01.538,2025-09-08 15:40:01.538
3878,144,22,4,2025-09-08 15:40:01.544,2025-09-08 15:40:01.544
3879,145,22,6,2025-09-08 15:40:01.55,2025-09-08 15:40:01.55
3880,146,22,4,2025-09-08 15:40:01.558,2025-09-08 15:40:01.558
3881,147,22,5,2025-09-08 15:40:01.565,2025-09-08 15:40:01.565
3882,148,22,6,2025-09-08 15:40:01.57,2025-09-08 15:40:01.57
3883,149,22,4,2025-09-08 15:40:01.576,2025-09-08 15:40:01.576
3884,150,22,6,2025-09-08 15:40:01.583,2025-09-08 15:40:01.583
3885,151,22,4,2025-09-08 15:40:01.591,2025-09-08 15:40:01.591
3886,152,22,5,2025-09-08 15:40:01.598,2025-09-08 15:40:01.598
3887,153,22,1,2025-09-08 15:40:01.613,2025-09-08 15:40:01.613
3888,154,22,4,2025-09-08 15:40:01.621,2025-09-08 15:40:01.621
3889,155,22,5,2025-09-08 15:40:01.626,2025-09-08 15:40:01.626
3890,156,22,4,2025-09-08 15:40:01.635,2025-09-08 15:40:01.635
3891,157,22,5,2025-09-08 15:40:01.639,2025-09-08 15:40:01.639
3892,158,22,4,2025-09-08 15:40:01.647,2025-09-08 15:40:01.647
3893,159,22,3,2025-09-08 15:40:01.653,2025-09-08 15:40:01.653
3894,160,22,3,2025-09-08 15:40:01.658,2025-09-08 15:40:01.658
3895,161,22,5,2025-09-08 15:40:01.666,2025-09-08 15:40:01.666
3896,162,22,5,2025-09-08 15:40:01.672,2025-09-08 15:40:01.672
3897,163,22,3,2025-09-08 15:40:01.679,2025-09-08 15:40:01.679
3898,164,22,5,2025-09-08 15:40:01.685,2025-09-08 15:40:01.685
3899,165,22,5,2025-09-08 15:40:01.69,2025-09-08 15:40:01.69
3900,166,22,2,2025-09-08 15:40:01.695,2025-09-08 15:40:01.695
3901,167,22,5,2025-09-08 15:40:01.702,2025-09-08 15:40:01.702
3902,168,22,4,2025-09-08 15:40:01.707,2025-09-08 15:40:01.707
3903,169,22,4,2025-09-08 15:40:01.716,2025-09-08 15:40:01.716
3904,170,22,6,2025-09-08 15:40:01.723,2025-09-08 15:40:01.723
3905,171,22,4,2025-09-08 15:40:01.73,2025-09-08 15:40:01.73
3906,172,22,2,2025-09-08 15:40:01.741,2025-09-08 15:40:01.741
3907,173,22,6,2025-09-08 15:40:01.749,2025-09-08 15:40:01.749
3908,174,22,4,2025-09-08 15:40:01.755,2025-09-08 15:40:01.755
3909,175,22,4,2025-09-08 15:40:01.761,2025-09-08 15:40:01.761
3910,176,22,6,2025-09-08 15:40:01.768,2025-09-08 15:40:01.768
3911,177,22,4,2025-09-08 15:40:01.775,2025-09-08 15:40:01.775
3912,178,22,5,2025-09-08 15:40:01.781,2025-09-08 15:40:01.781
3913,179,22,3,2025-09-08 15:40:01.787,2025-09-08 15:40:01.787
3914,180,22,6,2025-09-08 15:40:01.792,2025-09-08 15:40:01.792
3915,181,22,7,2025-09-08 15:40:01.797,2025-09-08 15:40:01.797
3916,182,22,4,2025-09-08 15:40:01.803,2025-09-08 15:40:01.803
3917,183,22,6,2025-09-08 15:40:01.807,2025-09-08 15:40:01.807
3918,184,22,6,2025-09-08 15:40:01.812,2025-09-08 15:40:01.812
3919,185,22,5,2025-09-08 15:40:01.817,2025-09-08 15:40:01.817
3920,186,22,6,2025-09-08 15:40:01.824,2025-09-08 15:40:01.824
3921,187,22,6,2025-09-08 15:40:01.829,2025-09-08 15:40:01.829
3922,188,22,3,2025-09-08 15:40:01.836,2025-09-08 15:40:01.836
3923,189,22,4,2025-09-08 15:40:01.841,2025-09-08 15:40:01.841
3924,190,22,3,2025-09-08 15:40:01.848,2025-09-08 15:40:01.848
3925,191,22,7,2025-09-08 15:40:01.853,2025-09-08 15:40:01.853
3926,192,22,5,2025-09-08 15:40:01.86,2025-09-08 15:40:01.86
3927,193,22,5,2025-09-08 15:40:01.867,2025-09-08 15:40:01.867
3928,194,22,5,2025-09-08 15:40:01.874,2025-09-08 15:40:01.874
3929,195,22,5,2025-09-08 15:40:01.879,2025-09-08 15:40:01.879
3930,196,22,4,2025-09-08 15:40:01.886,2025-09-08 15:40:01.886
3931,197,22,5,2025-09-08 15:40:01.891,2025-09-08 15:40:01.891
3932,198,22,4,2025-09-08 15:40:01.897,2025-09-08 15:40:01.897
3933,199,22,4,2025-09-08 15:40:01.903,2025-09-08 15:40:01.903
3934,200,22,4,2025-09-08 15:40:01.908,2025-09-08 15:40:01.908
3935,201,22,4,2025-09-08 15:40:01.913,2025-09-08 15:40:01.913
3936,202,22,7,2025-09-08 15:40:01.918,2025-09-08 15:40:01.918
3937,203,22,5,2025-09-08 15:40:01.923,2025-09-08 15:40:01.923
3938,204,22,6,2025-09-08 15:40:01.931,2025-09-08 15:40:01.931
3939,205,22,3,2025-09-08 15:40:01.937,2025-09-08 15:40:01.937
3940,206,22,7,2025-09-08 15:40:01.941,2025-09-08 15:40:01.941
3941,207,22,6,2025-09-08 15:40:01.948,2025-09-08 15:40:01.948
3942,208,22,6,2025-09-08 15:40:01.955,2025-09-08 15:40:01.955
3943,209,22,7,2025-09-08 15:40:01.962,2025-09-08 15:40:01.962
3944,210,22,6,2025-09-08 15:40:01.969,2025-09-08 15:40:01.969
3945,211,22,7,2025-09-08 15:40:01.976,2025-09-08 15:40:01.976
3946,212,22,5,2025-09-08 15:40:01.984,2025-09-08 15:40:01.984
3947,213,22,4,2025-09-08 15:40:01.99,2025-09-08 15:40:01.99
3948,214,22,4,2025-09-08 15:40:01.996,2025-09-08 15:40:01.996
3949,215,22,4,2025-09-08 15:40:02.003,2025-09-08 15:40:02.003
3950,216,22,5,2025-09-08 15:40:02.008,2025-09-08 15:40:02.008
3951,217,22,4,2025-09-08 15:40:02.013,2025-09-08 15:40:02.013
3952,218,22,5,2025-09-08 15:40:02.019,2025-09-08 15:40:02.019
3953,219,22,6,2025-09-08 15:40:02.026,2025-09-08 15:40:02.026
3954,220,22,2,2025-09-08 15:40:02.033,2025-09-08 15:40:02.033
3955,221,22,2,2025-09-08 15:40:02.041,2025-09-08 15:40:02.041
3956,222,22,4,2025-09-08 15:40:02.049,2025-09-08 15:40:02.049
3957,223,22,4,2025-09-08 15:40:02.057,2025-09-08 15:40:02.057
3958,224,22,4,2025-09-08 15:40:02.064,2025-09-08 15:40:02.064
3959,225,22,5,2025-09-08 15:40:02.071,2025-09-08 15:40:02.071
3960,226,22,6,2025-09-08 15:40:02.079,2025-09-08 15:40:02.079
3961,227,22,3,2025-09-08 15:40:02.086,2025-09-08 15:40:02.086
3962,228,22,5,2025-09-08 15:40:02.094,2025-09-08 15:40:02.094
3963,229,22,6,2025-09-08 15:40:02.101,2025-09-08 15:40:02.101
3964,230,22,5,2025-09-08 15:40:02.109,2025-09-08 15:40:02.109
3965,231,22,5,2025-09-08 15:40:02.117,2025-09-08 15:40:02.117
3966,232,22,4,2025-09-08 15:40:02.124,2025-09-08 15:40:02.124
3967,233,22,5,2025-09-08 15:40:02.131,2025-09-08 15:40:02.131
3968,234,22,2,2025-09-08 15:40:02.139,2025-09-08 15:40:02.139
3969,235,22,6,2025-09-08 15:40:02.145,2025-09-08 15:40:02.145
3970,236,22,7,2025-09-08 15:40:02.153,2025-09-08 15:40:02.153
3971,237,22,6,2025-09-08 15:40:02.16,2025-09-08 15:40:02.16
3972,238,22,6,2025-09-08 15:40:02.169,2025-09-08 15:40:02.169
3973,239,22,1,2025-09-08 15:40:02.176,2025-09-08 15:40:02.176
3974,240,22,6,2025-09-08 15:40:02.183,2025-09-08 15:40:02.183
3975,241,22,5,2025-09-08 15:40:02.191,2025-09-08 15:40:02.191
3976,242,22,4,2025-09-08 15:40:02.198,2025-09-08 15:40:02.198
3977,243,22,4,2025-09-08 15:40:02.206,2025-09-08 15:40:02.206
3978,244,22,7,2025-09-08 15:40:02.213,2025-09-08 15:40:02.213
3979,245,22,4,2025-09-08 15:40:02.221,2025-09-08 15:40:02.221
3980,246,22,5,2025-09-08 15:40:02.229,2025-09-08 15:40:02.229
3981,247,22,6,2025-09-08 15:40:02.236,2025-09-08 15:40:02.236
3982,248,22,4,2025-09-08 15:40:02.243,2025-09-08 15:40:02.243
3983,249,22,5,2025-09-08 15:40:02.249,2025-09-08 15:40:02.249
3984,250,22,6,2025-09-08 15:40:02.256,2025-09-08 15:40:02.256
3985,251,22,7,2025-09-08 15:40:02.262,2025-09-08 15:40:02.262
3986,252,22,4,2025-09-08 15:40:02.269,2025-09-08 15:40:02.269
3987,253,22,6,2025-09-08 15:40:02.276,2025-09-08 15:40:02.276
3988,254,22,6,2025-09-08 15:40:02.282,2025-09-08 15:40:02.282
3989,255,22,5,2025-09-08 15:40:02.287,2025-09-08 15:40:02.287
3990,256,22,5,2025-09-08 15:40:02.294,2025-09-08 15:40:02.294
3991,257,22,6,2025-09-08 15:40:02.302,2025-09-08 15:40:02.302
3992,258,22,4,2025-09-08 15:40:02.307,2025-09-08 15:40:02.307
3993,259,22,4,2025-09-08 15:40:02.313,2025-09-08 15:40:02.313
3994,260,22,7,2025-09-08 15:40:02.319,2025-09-08 15:40:02.319
3995,261,22,5,2025-09-08 15:40:02.324,2025-09-08 15:40:02.324
3996,262,22,6,2025-09-08 15:40:02.33,2025-09-08 15:40:02.33
3997,263,22,6,2025-09-08 15:40:02.336,2025-09-08 15:40:02.336
3998,264,22,4,2025-09-08 15:40:02.341,2025-09-08 15:40:02.341
3999,265,22,4,2025-09-08 15:40:02.347,2025-09-08 15:40:02.347
4000,266,22,4,2025-09-08 15:40:02.353,2025-09-08 15:40:02.353
4001,267,22,4,2025-09-08 15:40:02.359,2025-09-08 15:40:02.359
4002,268,22,5,2025-09-08 15:40:02.365,2025-09-08 15:40:02.365
4003,269,22,4,2025-09-08 15:40:02.371,2025-09-08 15:40:02.371
4004,270,22,5,2025-09-08 15:40:02.377,2025-09-08 15:40:02.377
4005,271,22,6,2025-09-08 15:40:02.383,2025-09-08 15:40:02.383
4006,272,22,4,2025-09-08 15:40:02.389,2025-09-08 15:40:02.389
4007,273,22,4,2025-09-08 15:40:02.395,2025-09-08 15:40:02.395
4008,274,22,4,2025-09-08 15:40:02.4,2025-09-08 15:40:02.4
4009,275,22,3,2025-09-08 15:40:02.405,2025-09-08 15:40:02.405
4010,276,22,6,2025-09-08 15:40:02.413,2025-09-08 15:40:02.413
4011,277,22,4,2025-09-08 15:40:02.42,2025-09-08 15:40:02.42
4012,278,22,3,2025-09-08 15:40:02.426,2025-09-08 15:40:02.426
4013,279,22,3,2025-09-08 15:40:02.433,2025-09-08 15:40:02.433
4014,280,22,6,2025-09-08 15:40:02.438,2025-09-08 15:40:02.438
4015,281,22,6,2025-09-08 15:40:02.444,2025-09-08 15:40:02.444
4016,282,22,5,2025-09-08 15:40:02.451,2025-09-08 15:40:02.451
4017,283,22,7,2025-09-08 15:40:02.457,2025-09-08 15:40:02.457
4018,284,22,5,2025-09-08 15:40:02.462,2025-09-08 15:40:02.462
4019,285,22,3,2025-09-08 15:40:02.468,2025-09-08 15:40:02.468
4020,286,22,7,2025-09-08 15:40:02.473,2025-09-08 15:40:02.473
4021,287,22,4,2025-09-08 15:40:02.483,2025-09-08 15:40:02.483
4022,288,22,6,2025-09-08 15:40:02.49,2025-09-08 15:40:02.49
4023,289,22,4,2025-09-08 15:40:02.496,2025-09-08 15:40:02.496
4024,290,22,4,2025-09-08 15:40:02.503,2025-09-08 15:40:02.503
4025,291,22,5,2025-09-08 15:40:02.51,2025-09-08 15:40:02.51
4026,292,22,5,2025-09-08 15:40:02.515,2025-09-08 15:40:02.515
4027,293,22,6,2025-09-08 15:40:02.521,2025-09-08 15:40:02.521
4028,294,22,7,2025-09-08 15:40:02.528,2025-09-08 15:40:02.528
4029,295,22,5,2025-09-08 15:40:02.534,2025-09-08 15:40:02.534
4030,296,22,6,2025-09-08 15:40:02.539,2025-09-08 15:40:02.539
4031,297,22,5,2025-09-08 15:40:02.547,2025-09-08 15:40:02.547
4032,298,22,4,2025-09-08 15:40:02.553,2025-09-08 15:40:02.553
4033,299,22,6,2025-09-08 15:40:02.559,2025-09-08 15:40:02.559
4034,300,22,4,2025-09-08 15:40:02.565,2025-09-08 15:40:02.565
4035,301,22,2,2025-09-08 15:40:02.57,2025-09-08 15:40:02.57
4036,302,22,4,2025-09-08 15:40:02.575,2025-09-08 15:40:02.575
4037,303,22,5,2025-09-08 15:40:02.583,2025-09-08 15:40:02.583
4038,304,22,7,2025-09-08 15:40:02.59,2025-09-08 15:40:02.59
4039,305,22,4,2025-09-08 15:40:02.598,2025-09-08 15:40:02.598
4040,306,22,6,2025-09-08 15:40:02.604,2025-09-08 15:40:02.604
4041,307,22,4,2025-09-08 15:40:02.609,2025-09-08 15:40:02.609
4042,308,22,6,2025-09-08 15:40:02.616,2025-09-08 15:40:02.616
4043,309,22,6,2025-09-08 15:40:02.622,2025-09-08 15:40:02.622
4044,310,22,4,2025-09-08 15:40:02.628,2025-09-08 15:40:02.628
4045,311,22,5,2025-09-08 15:40:02.635,2025-09-08 15:40:02.635
4046,312,22,4,2025-09-08 15:40:02.642,2025-09-08 15:40:02.642
4047,313,22,5,2025-09-08 15:40:02.65,2025-09-08 15:40:02.65
4048,314,22,4,2025-09-08 15:40:02.658,2025-09-08 15:40:02.658
4049,315,22,6,2025-09-08 15:40:02.666,2025-09-08 15:40:02.666
4050,316,22,7,2025-09-08 15:40:02.672,2025-09-08 15:40:02.672
4051,317,22,6,2025-09-08 15:40:02.679,2025-09-08 15:40:02.679
4052,318,22,5,2025-09-08 15:40:02.686,2025-09-08 15:40:02.686
4053,319,22,3,2025-09-08 15:40:02.692,2025-09-08 15:40:02.692
4054,320,22,5,2025-09-08 15:40:02.699,2025-09-08 15:40:02.699
4055,321,22,6,2025-09-08 15:40:02.706,2025-09-08 15:40:02.706
4056,322,22,6,2025-09-08 15:40:02.713,2025-09-08 15:40:02.713
4057,323,22,5,2025-09-08 15:40:02.72,2025-09-08 15:40:02.72
4058,324,22,5,2025-09-08 15:40:02.726,2025-09-08 15:40:02.726
4059,325,22,5,2025-09-08 15:40:02.733,2025-09-08 15:40:02.733
4060,326,22,4,2025-09-08 15:40:02.738,2025-09-08 15:40:02.738
4061,327,22,2,2025-09-08 15:40:02.745,2025-09-08 15:40:02.745
4062,328,22,4,2025-09-08 15:40:02.753,2025-09-08 15:40:02.753
4063,329,22,6,2025-09-08 15:40:02.759,2025-09-08 15:40:02.759
4064,330,22,4,2025-09-08 15:40:02.767,2025-09-08 15:40:02.767
4065,331,22,3,2025-09-08 15:40:02.773,2025-09-08 15:40:02.773
4066,332,22,4,2025-09-08 15:40:02.781,2025-09-08 15:40:02.781
4067,333,22,4,2025-09-08 15:40:02.787,2025-09-08 15:40:02.787
4068,334,22,5,2025-09-08 15:40:02.793,2025-09-08 15:40:02.793
4069,335,22,4,2025-09-08 15:40:02.801,2025-09-08 15:40:02.801
4070,336,22,5,2025-09-08 15:40:02.807,2025-09-08 15:40:02.807
4071,337,22,4,2025-09-08 15:40:02.814,2025-09-08 15:40:02.814
4072,338,22,6,2025-09-08 15:40:02.821,2025-09-08 15:40:02.821
4073,339,22,5,2025-09-08 15:40:02.827,2025-09-08 15:40:02.827
4074,340,22,6,2025-09-08 15:40:02.834,2025-09-08 15:40:02.834
4075,341,22,5,2025-09-08 15:40:02.839,2025-09-08 15:40:02.839
4076,342,22,7,2025-09-08 15:40:02.846,2025-09-08 15:40:02.846
4077,343,22,5,2025-09-08 15:40:02.851,2025-09-08 15:40:02.851
4078,344,22,5,2025-09-08 15:40:02.857,2025-09-08 15:40:02.857
4079,345,22,5,2025-09-08 15:40:02.864,2025-09-08 15:40:02.864
4080,346,22,6,2025-09-08 15:40:02.87,2025-09-08 15:40:02.87
4081,347,22,4,2025-09-08 15:40:02.875,2025-09-08 15:40:02.875
4082,348,22,5,2025-09-08 15:40:02.881,2025-09-08 15:40:02.881
4083,349,22,4,2025-09-08 15:40:02.888,2025-09-08 15:40:02.888
4084,350,22,5,2025-09-08 15:40:02.894,2025-09-08 15:40:02.894
4085,351,22,4,2025-09-08 15:40:02.899,2025-09-08 15:40:02.899
4086,352,22,4,2025-09-08 15:40:02.904,2025-09-08 15:40:02.904
4087,353,22,5,2025-09-08 15:40:02.908,2025-09-08 15:40:02.908
4088,354,22,6,2025-09-08 15:40:02.915,2025-09-08 15:40:02.915
4089,355,22,2,2025-09-08 15:40:02.92,2025-09-08 15:40:02.92
4090,356,22,3,2025-09-08 15:40:02.925,2025-09-08 15:40:02.925
4091,357,22,4,2025-09-08 15:40:02.934,2025-09-08 15:40:02.934
4092,358,22,4,2025-09-08 15:40:02.94,2025-09-08 15:40:02.94
4093,359,22,6,2025-09-08 15:40:02.947,2025-09-08 15:40:02.947
4094,360,22,5,2025-09-08 15:40:02.953,2025-09-08 15:40:02.953
4095,361,22,5,2025-09-08 15:40:02.958,2025-09-08 15:40:02.958
4096,362,22,6,2025-09-08 15:40:02.965,2025-09-08 15:40:02.965
4097,363,22,4,2025-09-08 15:40:02.971,2025-09-08 15:40:02.971
4098,364,22,5,2025-09-08 15:40:02.977,2025-09-08 15:40:02.977
4099,365,22,4,2025-09-08 15:40:02.984,2025-09-08 15:40:02.984
4100,366,22,6,2025-09-08 15:40:02.994,2025-09-08 15:40:02.994
4101,367,22,4,2025-09-08 15:40:03.001,2025-09-08 15:40:03.001
4102,368,22,4,2025-09-08 15:40:03.009,2025-09-08 15:40:03.009
4103,369,22,4,2025-09-08 15:40:03.018,2025-09-08 15:40:03.018
4104,9,31,5,2025-09-08 15:40:03.028,2025-09-08 15:40:03.028
4105,10,31,3,2025-09-08 15:40:03.035,2025-09-08 15:40:03.035
4106,11,31,3,2025-09-08 15:40:03.041,2025-09-08 15:40:03.041
4107,12,31,3,2025-09-08 15:40:03.05,2025-09-08 15:40:03.05
4108,13,31,5,2025-09-08 15:40:03.058,2025-09-08 15:40:03.058
4109,14,31,4,2025-09-08 15:40:03.066,2025-09-08 15:40:03.066
4110,15,31,5,2025-09-08 15:40:03.075,2025-09-08 15:40:03.075
4111,16,31,5,2025-09-08 15:40:03.082,2025-09-08 15:40:03.082
4112,17,31,4,2025-09-08 15:40:03.09,2025-09-08 15:40:03.09
4113,18,31,4,2025-09-08 15:40:03.097,2025-09-08 15:40:03.097
4114,19,31,5,2025-09-08 15:40:03.104,2025-09-08 15:40:03.104
4115,20,31,4,2025-09-08 15:40:03.113,2025-09-08 15:40:03.113
4116,21,31,5,2025-09-08 15:40:03.121,2025-09-08 15:40:03.121
4117,22,31,5,2025-09-08 15:40:03.131,2025-09-08 15:40:03.131
4118,23,31,4,2025-09-08 15:40:03.138,2025-09-08 15:40:03.138
4119,24,31,4,2025-09-08 15:40:03.147,2025-09-08 15:40:03.147
4120,25,31,4,2025-09-08 15:40:03.154,2025-09-08 15:40:03.154
4121,26,31,5,2025-09-08 15:40:03.163,2025-09-08 15:40:03.163
4122,27,31,3,2025-09-08 15:40:03.168,2025-09-08 15:40:03.168
4123,28,31,5,2025-09-08 15:40:03.174,2025-09-08 15:40:03.174
4124,29,31,4,2025-09-08 15:40:03.18,2025-09-08 15:40:03.18
4125,30,31,6,2025-09-08 15:40:03.187,2025-09-08 15:40:03.187
4126,31,31,4,2025-09-08 15:40:03.193,2025-09-08 15:40:03.193
4127,32,31,5,2025-09-08 15:40:03.201,2025-09-08 15:40:03.201
4128,33,31,4,2025-09-08 15:40:03.208,2025-09-08 15:40:03.208
4129,34,31,4,2025-09-08 15:40:03.215,2025-09-08 15:40:03.215
4130,35,31,6,2025-09-08 15:40:03.223,2025-09-08 15:40:03.223
4131,36,31,4,2025-09-08 15:40:03.229,2025-09-08 15:40:03.229
4132,37,31,6,2025-09-08 15:40:03.239,2025-09-08 15:40:03.239
4133,38,31,5,2025-09-08 15:40:03.25,2025-09-08 15:40:03.25
4134,39,31,4,2025-09-08 15:40:03.257,2025-09-08 15:40:03.257
4135,40,31,5,2025-09-08 15:40:03.265,2025-09-08 15:40:03.265
4136,41,31,5,2025-09-08 15:40:03.272,2025-09-08 15:40:03.272
4137,42,31,6,2025-09-08 15:40:03.281,2025-09-08 15:40:03.281
4138,43,31,4,2025-09-08 15:40:03.289,2025-09-08 15:40:03.289
4139,44,31,5,2025-09-08 15:40:03.296,2025-09-08 15:40:03.296
4140,45,31,6,2025-09-08 15:40:03.304,2025-09-08 15:40:03.304
4141,46,31,5,2025-09-08 15:40:03.312,2025-09-08 15:40:03.312
4142,47,31,6,2025-09-08 15:40:03.32,2025-09-08 15:40:03.32
4143,48,31,4,2025-09-08 15:40:03.328,2025-09-08 15:40:03.328
4144,49,31,6,2025-09-08 15:40:03.336,2025-09-08 15:40:03.336
4145,50,31,6,2025-09-08 15:40:03.344,2025-09-08 15:40:03.344
4146,51,31,3,2025-09-08 15:40:03.351,2025-09-08 15:40:03.351
4147,52,31,6,2025-09-08 15:40:03.359,2025-09-08 15:40:03.359
4148,53,31,5,2025-09-08 15:40:03.37,2025-09-08 15:40:03.37
4149,54,31,6,2025-09-08 15:40:03.378,2025-09-08 15:40:03.378
4150,55,31,4,2025-09-08 15:40:03.387,2025-09-08 15:40:03.387
4151,56,31,4,2025-09-08 15:40:03.394,2025-09-08 15:40:03.394
4152,57,31,6,2025-09-08 15:40:03.401,2025-09-08 15:40:03.401
4153,58,31,4,2025-09-08 15:40:03.408,2025-09-08 15:40:03.408
4154,59,31,1,2025-09-08 15:40:03.416,2025-09-08 15:40:03.416
4155,60,31,4,2025-09-08 15:40:03.424,2025-09-08 15:40:03.424
4156,61,31,6,2025-09-08 15:40:03.431,2025-09-08 15:40:03.431
4157,62,31,7,2025-09-08 15:40:03.44,2025-09-08 15:40:03.44
4158,63,31,5,2025-09-08 15:40:03.447,2025-09-08 15:40:03.447
4159,64,31,4,2025-09-08 15:40:03.455,2025-09-08 15:40:03.455
4160,65,31,4,2025-09-08 15:40:03.464,2025-09-08 15:40:03.464
4161,66,31,6,2025-09-08 15:40:03.471,2025-09-08 15:40:03.471
4162,67,31,6,2025-09-08 15:40:03.479,2025-09-08 15:40:03.479
4163,68,31,6,2025-09-08 15:40:03.49,2025-09-08 15:40:03.49
4164,69,31,5,2025-09-08 15:40:03.503,2025-09-08 15:40:03.503
4165,70,31,2,2025-09-08 15:40:03.512,2025-09-08 15:40:03.512
4166,71,31,4,2025-09-08 15:40:03.525,2025-09-08 15:40:03.525
4167,72,31,6,2025-09-08 15:40:03.535,2025-09-08 15:40:03.535
4168,73,31,7,2025-09-08 15:40:03.543,2025-09-08 15:40:03.543
4169,74,31,2,2025-09-08 15:40:03.552,2025-09-08 15:40:03.552
4170,75,31,3,2025-09-08 15:40:03.559,2025-09-08 15:40:03.559
4171,76,31,6,2025-09-08 15:40:03.571,2025-09-08 15:40:03.571
4172,77,31,6,2025-09-08 15:40:03.578,2025-09-08 15:40:03.578
4173,78,31,5,2025-09-08 15:40:03.586,2025-09-08 15:40:03.586
4174,79,31,4,2025-09-08 15:40:03.595,2025-09-08 15:40:03.595
4175,80,31,6,2025-09-08 15:40:03.602,2025-09-08 15:40:03.602
4176,81,31,5,2025-09-08 15:40:03.609,2025-09-08 15:40:03.609
4177,82,31,6,2025-09-08 15:40:03.619,2025-09-08 15:40:03.619
4178,83,31,4,2025-09-08 15:40:03.627,2025-09-08 15:40:03.627
4179,84,31,5,2025-09-08 15:40:03.636,2025-09-08 15:40:03.636
4180,85,31,5,2025-09-08 15:40:03.644,2025-09-08 15:40:03.644
4181,86,31,7,2025-09-08 15:40:03.653,2025-09-08 15:40:03.653
4182,87,31,4,2025-09-08 15:40:03.659,2025-09-08 15:40:03.659
4183,88,31,2,2025-09-08 15:40:03.668,2025-09-08 15:40:03.668
4184,89,31,5,2025-09-08 15:40:03.676,2025-09-08 15:40:03.676
4185,90,31,4,2025-09-08 15:40:03.684,2025-09-08 15:40:03.684
4186,91,31,5,2025-09-08 15:40:03.692,2025-09-08 15:40:03.692
4187,92,31,5,2025-09-08 15:40:03.7,2025-09-08 15:40:03.7
4188,93,31,6,2025-09-08 15:40:03.708,2025-09-08 15:40:03.708
4189,94,31,5,2025-09-08 15:40:03.716,2025-09-08 15:40:03.716
4190,95,31,4,2025-09-08 15:40:03.724,2025-09-08 15:40:03.724
4191,96,31,6,2025-09-08 15:40:03.732,2025-09-08 15:40:03.732
4192,97,31,4,2025-09-08 15:40:03.74,2025-09-08 15:40:03.74
4193,98,31,5,2025-09-08 15:40:03.747,2025-09-08 15:40:03.747
4194,99,31,4,2025-09-08 15:40:03.754,2025-09-08 15:40:03.754
4195,100,31,4,2025-09-08 15:40:03.762,2025-09-08 15:40:03.762
4196,101,31,5,2025-09-08 15:40:03.77,2025-09-08 15:40:03.77
4197,102,31,4,2025-09-08 15:40:03.778,2025-09-08 15:40:03.778
4198,103,31,5,2025-09-08 15:40:03.787,2025-09-08 15:40:03.787
4199,104,31,7,2025-09-08 15:40:03.794,2025-09-08 15:40:03.794
4200,105,31,4,2025-09-08 15:40:03.802,2025-09-08 15:40:03.802
4201,106,31,6,2025-09-08 15:40:03.81,2025-09-08 15:40:03.81
4202,107,31,5,2025-09-08 15:40:03.817,2025-09-08 15:40:03.817
4203,108,31,4,2025-09-08 15:40:03.824,2025-09-08 15:40:03.824
4204,109,31,5,2025-09-08 15:40:03.831,2025-09-08 15:40:03.831
4205,110,31,5,2025-09-08 15:40:03.838,2025-09-08 15:40:03.838
4206,111,31,2,2025-09-08 15:40:03.844,2025-09-08 15:40:03.844
4207,112,31,5,2025-09-08 15:40:03.851,2025-09-08 15:40:03.851
4208,113,31,4,2025-09-08 15:40:03.859,2025-09-08 15:40:03.859
4209,114,31,5,2025-09-08 15:40:03.866,2025-09-08 15:40:03.866
4210,115,31,1,2025-09-08 15:40:03.875,2025-09-08 15:40:03.875
4211,116,31,5,2025-09-08 15:40:03.883,2025-09-08 15:40:03.883
4212,117,31,5,2025-09-08 15:40:03.889,2025-09-08 15:40:03.889
4213,118,31,6,2025-09-08 15:40:03.897,2025-09-08 15:40:03.897
4214,119,31,4,2025-09-08 15:40:03.905,2025-09-08 15:40:03.905
4215,120,31,5,2025-09-08 15:40:03.913,2025-09-08 15:40:03.913
4216,121,31,4,2025-09-08 15:40:03.919,2025-09-08 15:40:03.919
4217,122,31,5,2025-09-08 15:40:03.926,2025-09-08 15:40:03.926
4218,123,31,6,2025-09-08 15:40:03.933,2025-09-08 15:40:03.933
4219,124,31,6,2025-09-08 15:40:03.939,2025-09-08 15:40:03.939
4220,125,31,4,2025-09-08 15:40:03.948,2025-09-08 15:40:03.948
4221,126,31,4,2025-09-08 15:40:03.955,2025-09-08 15:40:03.955
4222,127,31,3,2025-09-08 15:40:03.963,2025-09-08 15:40:03.963
4223,128,31,5,2025-09-08 15:40:03.971,2025-09-08 15:40:03.971
4224,129,31,5,2025-09-08 15:40:03.978,2025-09-08 15:40:03.978
4225,130,31,5,2025-09-08 15:40:03.986,2025-09-08 15:40:03.986
4226,131,31,4,2025-09-08 15:40:03.994,2025-09-08 15:40:03.994
4227,132,31,4,2025-09-08 15:40:04.001,2025-09-08 15:40:04.001
4228,133,31,4,2025-09-08 15:40:04.007,2025-09-08 15:40:04.007
4229,134,31,7,2025-09-08 15:40:04.014,2025-09-08 15:40:04.014
4230,135,31,5,2025-09-08 15:40:04.02,2025-09-08 15:40:04.02
4231,136,31,5,2025-09-08 15:40:04.028,2025-09-08 15:40:04.028
4232,137,31,6,2025-09-08 15:40:04.034,2025-09-08 15:40:04.034
4233,138,31,4,2025-09-08 15:40:04.041,2025-09-08 15:40:04.041
4234,139,31,4,2025-09-08 15:40:04.048,2025-09-08 15:40:04.048
4235,140,31,5,2025-09-08 15:40:04.055,2025-09-08 15:40:04.055
4236,141,31,4,2025-09-08 15:40:04.065,2025-09-08 15:40:04.065
4237,142,31,5,2025-09-08 15:40:04.07,2025-09-08 15:40:04.07
4238,143,31,3,2025-09-08 15:40:04.077,2025-09-08 15:40:04.077
4239,144,31,4,2025-09-08 15:40:04.086,2025-09-08 15:40:04.086
4240,145,31,5,2025-09-08 15:40:04.093,2025-09-08 15:40:04.093
4241,146,31,4,2025-09-08 15:40:04.1,2025-09-08 15:40:04.1
4242,147,31,5,2025-09-08 15:40:04.107,2025-09-08 15:40:04.107
4243,148,31,6,2025-09-08 15:40:04.113,2025-09-08 15:40:04.113
4244,149,31,4,2025-09-08 15:40:04.12,2025-09-08 15:40:04.12
4245,150,31,6,2025-09-08 15:40:04.127,2025-09-08 15:40:04.127
4246,151,31,6,2025-09-08 15:40:04.135,2025-09-08 15:40:04.135
4247,152,31,3,2025-09-08 15:40:04.142,2025-09-08 15:40:04.142
4248,153,31,4,2025-09-08 15:40:04.149,2025-09-08 15:40:04.149
4249,154,31,4,2025-09-08 15:40:04.156,2025-09-08 15:40:04.156
4250,155,31,5,2025-09-08 15:40:04.162,2025-09-08 15:40:04.162
4251,156,31,4,2025-09-08 15:40:04.17,2025-09-08 15:40:04.17
4252,157,31,5,2025-09-08 15:40:04.179,2025-09-08 15:40:04.179
4253,158,31,4,2025-09-08 15:40:04.187,2025-09-08 15:40:04.187
4254,159,31,6,2025-09-08 15:40:04.196,2025-09-08 15:40:04.196
4255,160,31,6,2025-09-08 15:40:04.205,2025-09-08 15:40:04.205
4256,161,31,5,2025-09-08 15:40:04.214,2025-09-08 15:40:04.214
4257,162,31,5,2025-09-08 15:40:04.221,2025-09-08 15:40:04.221
4258,163,31,1,2025-09-08 15:40:04.23,2025-09-08 15:40:04.23
4259,164,31,6,2025-09-08 15:40:04.24,2025-09-08 15:40:04.24
4260,165,31,6,2025-09-08 15:40:04.248,2025-09-08 15:40:04.248
4261,166,31,3,2025-09-08 15:40:04.256,2025-09-08 15:40:04.256
4262,167,31,4,2025-09-08 15:40:04.265,2025-09-08 15:40:04.265
4263,168,31,7,2025-09-08 15:40:04.273,2025-09-08 15:40:04.273
4264,169,31,5,2025-09-08 15:40:04.282,2025-09-08 15:40:04.282
4265,170,31,5,2025-09-08 15:40:04.299,2025-09-08 15:40:04.299
4266,171,31,4,2025-09-08 15:40:04.308,2025-09-08 15:40:04.308
4267,172,31,2,2025-09-08 15:40:04.316,2025-09-08 15:40:04.316
4268,173,31,4,2025-09-08 15:40:04.323,2025-09-08 15:40:04.323
4269,174,31,4,2025-09-08 15:40:04.33,2025-09-08 15:40:04.33
4270,175,31,3,2025-09-08 15:40:04.338,2025-09-08 15:40:04.338
4271,176,31,5,2025-09-08 15:40:04.345,2025-09-08 15:40:04.345
4272,177,31,6,2025-09-08 15:40:04.354,2025-09-08 15:40:04.354
4273,178,31,5,2025-09-08 15:40:04.361,2025-09-08 15:40:04.361
4274,179,31,5,2025-09-08 15:40:04.368,2025-09-08 15:40:04.368
4275,180,31,6,2025-09-08 15:40:04.376,2025-09-08 15:40:04.376
4276,181,31,7,2025-09-08 15:40:04.384,2025-09-08 15:40:04.384
4277,182,31,4,2025-09-08 15:40:04.392,2025-09-08 15:40:04.392
4278,183,31,6,2025-09-08 15:40:04.399,2025-09-08 15:40:04.399
4279,184,31,6,2025-09-08 15:40:04.407,2025-09-08 15:40:04.407
4280,185,31,6,2025-09-08 15:40:04.413,2025-09-08 15:40:04.413
4281,186,31,6,2025-09-08 15:40:04.42,2025-09-08 15:40:04.42
4282,187,31,5,2025-09-08 15:40:04.429,2025-09-08 15:40:04.429
4283,188,31,4,2025-09-08 15:40:04.436,2025-09-08 15:40:04.436
4284,189,31,5,2025-09-08 15:40:04.444,2025-09-08 15:40:04.444
4285,190,31,3,2025-09-08 15:40:04.451,2025-09-08 15:40:04.451
4286,191,31,7,2025-09-08 15:40:04.458,2025-09-08 15:40:04.458
4287,192,31,5,2025-09-08 15:40:04.466,2025-09-08 15:40:04.466
4288,193,31,4,2025-09-08 15:40:04.473,2025-09-08 15:40:04.473
4289,194,31,4,2025-09-08 15:40:04.48,2025-09-08 15:40:04.48
4290,195,31,5,2025-09-08 15:40:04.488,2025-09-08 15:40:04.488
4291,196,31,4,2025-09-08 15:40:04.495,2025-09-08 15:40:04.495
4292,197,31,5,2025-09-08 15:40:04.501,2025-09-08 15:40:04.501
4293,198,31,4,2025-09-08 15:40:04.506,2025-09-08 15:40:04.506
4294,199,31,4,2025-09-08 15:40:04.512,2025-09-08 15:40:04.512
4295,200,31,5,2025-09-08 15:40:04.522,2025-09-08 15:40:04.522
4296,201,31,4,2025-09-08 15:40:04.528,2025-09-08 15:40:04.528
4297,202,31,5,2025-09-08 15:40:04.535,2025-09-08 15:40:04.535
4298,203,31,5,2025-09-08 15:40:04.542,2025-09-08 15:40:04.542
4299,204,31,7,2025-09-08 15:40:04.556,2025-09-08 15:40:04.556
4300,205,31,3,2025-09-08 15:40:04.562,2025-09-08 15:40:04.562
4301,206,31,6,2025-09-08 15:40:04.569,2025-09-08 15:40:04.569
4302,207,31,6,2025-09-08 15:40:04.576,2025-09-08 15:40:04.576
4303,208,31,6,2025-09-08 15:40:04.584,2025-09-08 15:40:04.584
4304,209,31,4,2025-09-08 15:40:04.59,2025-09-08 15:40:04.59
4305,210,31,5,2025-09-08 15:40:04.598,2025-09-08 15:40:04.598
4306,211,31,7,2025-09-08 15:40:04.604,2025-09-08 15:40:04.604
4307,212,31,5,2025-09-08 15:40:04.611,2025-09-08 15:40:04.611
4308,213,31,1,2025-09-08 15:40:04.623,2025-09-08 15:40:04.623
4309,214,31,5,2025-09-08 15:40:04.631,2025-09-08 15:40:04.631
4310,215,31,4,2025-09-08 15:40:04.638,2025-09-08 15:40:04.638
4311,216,31,5,2025-09-08 15:40:04.643,2025-09-08 15:40:04.643
4312,217,31,4,2025-09-08 15:40:04.651,2025-09-08 15:40:04.651
4313,218,31,5,2025-09-08 15:40:04.657,2025-09-08 15:40:04.657
4314,219,31,6,2025-09-08 15:40:04.663,2025-09-08 15:40:04.663
4315,220,31,4,2025-09-08 15:40:04.669,2025-09-08 15:40:04.669
4316,221,31,3,2025-09-08 15:40:04.676,2025-09-08 15:40:04.676
4317,222,31,4,2025-09-08 15:40:04.684,2025-09-08 15:40:04.684
4318,223,31,5,2025-09-08 15:40:04.69,2025-09-08 15:40:04.69
4319,224,31,4,2025-09-08 15:40:04.696,2025-09-08 15:40:04.696
4320,225,31,5,2025-09-08 15:40:04.703,2025-09-08 15:40:04.703
4321,226,31,6,2025-09-08 15:40:04.708,2025-09-08 15:40:04.708
4322,227,31,5,2025-09-08 15:40:04.715,2025-09-08 15:40:04.715
4323,228,31,4,2025-09-08 15:40:04.723,2025-09-08 15:40:04.723
4324,229,31,6,2025-09-08 15:40:04.731,2025-09-08 15:40:04.731
4325,230,31,5,2025-09-08 15:40:04.739,2025-09-08 15:40:04.739
4326,231,31,5,2025-09-08 15:40:04.747,2025-09-08 15:40:04.747
4327,232,31,6,2025-09-08 15:40:04.753,2025-09-08 15:40:04.753
4328,233,31,4,2025-09-08 15:40:04.759,2025-09-08 15:40:04.759
4329,234,31,4,2025-09-08 15:40:04.768,2025-09-08 15:40:04.768
4330,235,31,6,2025-09-08 15:40:04.774,2025-09-08 15:40:04.774
4331,236,31,7,2025-09-08 15:40:04.781,2025-09-08 15:40:04.781
4332,237,31,6,2025-09-08 15:40:04.786,2025-09-08 15:40:04.786
4333,238,31,6,2025-09-08 15:40:04.793,2025-09-08 15:40:04.793
4334,239,31,5,2025-09-08 15:40:04.803,2025-09-08 15:40:04.803
4335,240,31,6,2025-09-08 15:40:04.808,2025-09-08 15:40:04.808
4336,241,31,6,2025-09-08 15:40:04.815,2025-09-08 15:40:04.815
4337,242,31,5,2025-09-08 15:40:04.821,2025-09-08 15:40:04.821
4338,243,31,5,2025-09-08 15:40:04.827,2025-09-08 15:40:04.827
4339,244,31,6,2025-09-08 15:40:04.845,2025-09-08 15:40:04.845
4340,245,31,5,2025-09-08 15:40:04.857,2025-09-08 15:40:04.857
4341,246,31,5,2025-09-08 15:40:04.863,2025-09-08 15:40:04.863
4342,247,31,7,2025-09-08 15:40:04.872,2025-09-08 15:40:04.872
4343,248,31,4,2025-09-08 15:40:04.879,2025-09-08 15:40:04.879
4344,249,31,6,2025-09-08 15:40:04.887,2025-09-08 15:40:04.887
4345,250,31,6,2025-09-08 15:40:04.895,2025-09-08 15:40:04.895
4346,251,31,6,2025-09-08 15:40:04.904,2025-09-08 15:40:04.904
4347,252,31,4,2025-09-08 15:40:04.91,2025-09-08 15:40:04.91
4348,253,31,5,2025-09-08 15:40:04.918,2025-09-08 15:40:04.918
4349,254,31,7,2025-09-08 15:40:04.925,2025-09-08 15:40:04.925
4350,255,31,5,2025-09-08 15:40:04.934,2025-09-08 15:40:04.934
4351,256,31,5,2025-09-08 15:40:04.941,2025-09-08 15:40:04.941
4352,257,31,7,2025-09-08 15:40:04.949,2025-09-08 15:40:04.949
4353,258,31,4,2025-09-08 15:40:04.955,2025-09-08 15:40:04.955
4354,259,31,4,2025-09-08 15:40:04.961,2025-09-08 15:40:04.961
4355,260,31,4,2025-09-08 15:40:04.968,2025-09-08 15:40:04.968
4356,261,31,5,2025-09-08 15:40:04.974,2025-09-08 15:40:04.974
4357,262,31,6,2025-09-08 15:40:04.981,2025-09-08 15:40:04.981
4358,263,31,6,2025-09-08 15:40:04.986,2025-09-08 15:40:04.986
4359,264,31,4,2025-09-08 15:40:04.992,2025-09-08 15:40:04.992
4360,265,31,4,2025-09-08 15:40:05.001,2025-09-08 15:40:05.001
4361,266,31,4,2025-09-08 15:40:05.007,2025-09-08 15:40:05.007
4362,267,31,3,2025-09-08 15:40:05.013,2025-09-08 15:40:05.013
4363,268,31,5,2025-09-08 15:40:05.018,2025-09-08 15:40:05.018
4364,269,31,4,2025-09-08 15:40:05.023,2025-09-08 15:40:05.023
4365,270,31,4,2025-09-08 15:40:05.03,2025-09-08 15:40:05.03
4366,271,31,4,2025-09-08 15:40:05.036,2025-09-08 15:40:05.036
4367,272,31,4,2025-09-08 15:40:05.041,2025-09-08 15:40:05.041
4368,273,31,3,2025-09-08 15:40:05.048,2025-09-08 15:40:05.048
4369,274,31,4,2025-09-08 15:40:05.053,2025-09-08 15:40:05.053
4370,275,31,4,2025-09-08 15:40:05.059,2025-09-08 15:40:05.059
4371,276,31,6,2025-09-08 15:40:05.065,2025-09-08 15:40:05.065
4372,277,31,4,2025-09-08 15:40:05.073,2025-09-08 15:40:05.073
4373,278,31,4,2025-09-08 15:40:05.08,2025-09-08 15:40:05.08
4374,279,31,1,2025-09-08 15:40:05.088,2025-09-08 15:40:05.088
4375,280,31,5,2025-09-08 15:40:05.095,2025-09-08 15:40:05.095
4376,281,31,4,2025-09-08 15:40:05.103,2025-09-08 15:40:05.103
4377,282,31,5,2025-09-08 15:40:05.109,2025-09-08 15:40:05.109
4378,283,31,6,2025-09-08 15:40:05.117,2025-09-08 15:40:05.117
4379,284,31,5,2025-09-08 15:40:05.123,2025-09-08 15:40:05.123
4380,285,31,4,2025-09-08 15:40:05.13,2025-09-08 15:40:05.13
4381,286,31,6,2025-09-08 15:40:05.136,2025-09-08 15:40:05.136
4382,287,31,5,2025-09-08 15:40:05.143,2025-09-08 15:40:05.143
4383,288,31,6,2025-09-08 15:40:05.149,2025-09-08 15:40:05.149
4384,289,31,4,2025-09-08 15:40:05.156,2025-09-08 15:40:05.156
4385,290,31,4,2025-09-08 15:40:05.16,2025-09-08 15:40:05.16
4386,291,31,5,2025-09-08 15:40:05.168,2025-09-08 15:40:05.168
4387,292,31,4,2025-09-08 15:40:05.174,2025-09-08 15:40:05.174
4388,293,31,6,2025-09-08 15:40:05.181,2025-09-08 15:40:05.181
4389,294,31,5,2025-09-08 15:40:05.188,2025-09-08 15:40:05.188
4390,295,31,4,2025-09-08 15:40:05.196,2025-09-08 15:40:05.196
4391,296,31,5,2025-09-08 15:40:05.205,2025-09-08 15:40:05.205
4392,297,31,6,2025-09-08 15:40:05.213,2025-09-08 15:40:05.213
4393,298,31,5,2025-09-08 15:40:05.222,2025-09-08 15:40:05.222
4394,299,31,4,2025-09-08 15:40:05.229,2025-09-08 15:40:05.229
4395,300,31,5,2025-09-08 15:40:05.238,2025-09-08 15:40:05.238
4396,301,31,1,2025-09-08 15:40:05.245,2025-09-08 15:40:05.245
4397,302,31,7,2025-09-08 15:40:05.255,2025-09-08 15:40:05.255
4398,303,31,4,2025-09-08 15:40:05.262,2025-09-08 15:40:05.262
4399,304,31,7,2025-09-08 15:40:05.271,2025-09-08 15:40:05.271
4400,305,31,5,2025-09-08 15:40:05.279,2025-09-08 15:40:05.279
4401,306,31,5,2025-09-08 15:40:05.287,2025-09-08 15:40:05.287
4402,307,31,4,2025-09-08 15:40:05.295,2025-09-08 15:40:05.295
4403,308,31,4,2025-09-08 15:40:05.303,2025-09-08 15:40:05.303
4404,309,31,6,2025-09-08 15:40:05.31,2025-09-08 15:40:05.31
4405,310,31,4,2025-09-08 15:40:05.317,2025-09-08 15:40:05.317
4406,311,31,5,2025-09-08 15:40:05.323,2025-09-08 15:40:05.323
4407,312,31,5,2025-09-08 15:40:05.329,2025-09-08 15:40:05.329
4408,313,31,5,2025-09-08 15:40:05.335,2025-09-08 15:40:05.335
4409,314,31,4,2025-09-08 15:40:05.341,2025-09-08 15:40:05.341
4410,315,31,6,2025-09-08 15:40:05.347,2025-09-08 15:40:05.347
4411,316,31,7,2025-09-08 15:40:05.355,2025-09-08 15:40:05.355
4412,317,31,5,2025-09-08 15:40:05.362,2025-09-08 15:40:05.362
4413,318,31,6,2025-09-08 15:40:05.375,2025-09-08 15:40:05.375
4414,319,31,3,2025-09-08 15:40:05.384,2025-09-08 15:40:05.384
4415,320,31,6,2025-09-08 15:40:05.391,2025-09-08 15:40:05.391
4416,321,31,6,2025-09-08 15:40:05.398,2025-09-08 15:40:05.398
4417,322,31,6,2025-09-08 15:40:05.407,2025-09-08 15:40:05.407
4418,323,31,5,2025-09-08 15:40:05.415,2025-09-08 15:40:05.415
4419,324,31,4,2025-09-08 15:40:05.422,2025-09-08 15:40:05.422
4420,325,31,5,2025-09-08 15:40:05.43,2025-09-08 15:40:05.43
4421,326,31,4,2025-09-08 15:40:05.438,2025-09-08 15:40:05.438
4422,327,31,4,2025-09-08 15:40:05.446,2025-09-08 15:40:05.446
4423,328,31,4,2025-09-08 15:40:05.455,2025-09-08 15:40:05.455
4424,329,31,6,2025-09-08 15:40:05.463,2025-09-08 15:40:05.463
4425,330,31,4,2025-09-08 15:40:05.473,2025-09-08 15:40:05.473
4426,331,31,3,2025-09-08 15:40:05.481,2025-09-08 15:40:05.481
4427,332,31,5,2025-09-08 15:40:05.491,2025-09-08 15:40:05.491
4428,333,31,4,2025-09-08 15:40:05.497,2025-09-08 15:40:05.497
4429,334,31,4,2025-09-08 15:40:05.507,2025-09-08 15:40:05.507
4430,335,31,4,2025-09-08 15:40:05.514,2025-09-08 15:40:05.514
4431,336,31,5,2025-09-08 15:40:05.521,2025-09-08 15:40:05.521
4432,337,31,4,2025-09-08 15:40:05.527,2025-09-08 15:40:05.527
4433,338,31,6,2025-09-08 15:40:05.535,2025-09-08 15:40:05.535
4434,339,31,5,2025-09-08 15:40:05.545,2025-09-08 15:40:05.545
4435,340,31,6,2025-09-08 15:40:05.551,2025-09-08 15:40:05.551
4436,341,31,6,2025-09-08 15:40:05.558,2025-09-08 15:40:05.558
4437,342,31,7,2025-09-08 15:40:05.564,2025-09-08 15:40:05.564
4438,343,31,5,2025-09-08 15:40:05.571,2025-09-08 15:40:05.571
4439,344,31,4,2025-09-08 15:40:05.577,2025-09-08 15:40:05.577
4440,345,31,5,2025-09-08 15:40:05.584,2025-09-08 15:40:05.584
4441,346,31,5,2025-09-08 15:40:05.589,2025-09-08 15:40:05.589
4442,347,31,4,2025-09-08 15:40:05.594,2025-09-08 15:40:05.594
4443,348,31,4,2025-09-08 15:40:05.6,2025-09-08 15:40:05.6
4444,349,31,4,2025-09-08 15:40:05.605,2025-09-08 15:40:05.605
4445,350,31,5,2025-09-08 15:40:05.61,2025-09-08 15:40:05.61
4446,351,31,4,2025-09-08 15:40:05.616,2025-09-08 15:40:05.616
4447,352,31,4,2025-09-08 15:40:05.621,2025-09-08 15:40:05.621
4448,353,31,5,2025-09-08 15:40:05.626,2025-09-08 15:40:05.626
4449,354,31,6,2025-09-08 15:40:05.631,2025-09-08 15:40:05.631
4450,355,31,2,2025-09-08 15:40:05.637,2025-09-08 15:40:05.637
4451,356,31,3,2025-09-08 15:40:05.642,2025-09-08 15:40:05.642
4452,357,31,5,2025-09-08 15:40:05.648,2025-09-08 15:40:05.648
4453,358,31,4,2025-09-08 15:40:05.654,2025-09-08 15:40:05.654
4454,359,31,5,2025-09-08 15:40:05.659,2025-09-08 15:40:05.659
4455,360,31,5,2025-09-08 15:40:05.666,2025-09-08 15:40:05.666
4456,361,31,5,2025-09-08 15:40:05.674,2025-09-08 15:40:05.674
4457,362,31,4,2025-09-08 15:40:05.682,2025-09-08 15:40:05.682
4458,363,31,4,2025-09-08 15:40:05.69,2025-09-08 15:40:05.69
4459,364,31,5,2025-09-08 15:40:05.696,2025-09-08 15:40:05.696
4460,365,31,5,2025-09-08 15:40:05.702,2025-09-08 15:40:05.702
4461,366,31,6,2025-09-08 15:40:05.709,2025-09-08 15:40:05.709
4462,367,31,4,2025-09-08 15:40:05.716,2025-09-08 15:40:05.716
4463,368,31,4,2025-09-08 15:40:05.724,2025-09-08 15:40:05.724
4464,369,31,4,2025-09-08 15:40:05.731,2025-09-08 15:40:05.731
4465,9,30,5,2025-09-08 15:40:05.738,2025-09-08 15:40:05.738
4466,10,30,4,2025-09-08 15:40:05.744,2025-09-08 15:40:05.744
4467,11,30,5,2025-09-08 15:40:05.751,2025-09-08 15:40:05.751
4468,12,30,3,2025-09-08 15:40:05.758,2025-09-08 15:40:05.758
4469,13,30,5,2025-09-08 15:40:05.763,2025-09-08 15:40:05.763
4470,14,30,4,2025-09-08 15:40:05.77,2025-09-08 15:40:05.77
4471,15,30,5,2025-09-08 15:40:05.777,2025-09-08 15:40:05.777
4472,16,30,4,2025-09-08 15:40:05.784,2025-09-08 15:40:05.784
4473,17,30,4,2025-09-08 15:40:05.791,2025-09-08 15:40:05.791
4474,18,30,4,2025-09-08 15:40:05.798,2025-09-08 15:40:05.798
4475,19,30,4,2025-09-08 15:40:05.807,2025-09-08 15:40:05.807
4476,20,30,4,2025-09-08 15:40:05.813,2025-09-08 15:40:05.813
4477,21,30,5,2025-09-08 15:40:05.82,2025-09-08 15:40:05.82
4478,22,30,5,2025-09-08 15:40:05.826,2025-09-08 15:40:05.826
4479,23,30,4,2025-09-08 15:40:05.832,2025-09-08 15:40:05.832
4480,24,30,4,2025-09-08 15:40:05.839,2025-09-08 15:40:05.839
4481,25,30,4,2025-09-08 15:40:05.846,2025-09-08 15:40:05.846
4482,26,30,5,2025-09-08 15:40:05.853,2025-09-08 15:40:05.853
4483,27,30,4,2025-09-08 15:40:05.86,2025-09-08 15:40:05.86
4484,28,30,5,2025-09-08 15:40:05.867,2025-09-08 15:40:05.867
4485,29,30,4,2025-09-08 15:40:05.873,2025-09-08 15:40:05.873
4486,30,30,6,2025-09-08 15:40:05.88,2025-09-08 15:40:05.88
4487,31,30,4,2025-09-08 15:40:05.889,2025-09-08 15:40:05.889
4488,32,30,5,2025-09-08 15:40:05.894,2025-09-08 15:40:05.894
4489,33,30,5,2025-09-08 15:40:05.899,2025-09-08 15:40:05.899
4490,34,30,4,2025-09-08 15:40:05.908,2025-09-08 15:40:05.908
4491,35,30,6,2025-09-08 15:40:05.915,2025-09-08 15:40:05.915
4492,36,30,4,2025-09-08 15:40:05.924,2025-09-08 15:40:05.924
4493,37,30,6,2025-09-08 15:40:05.933,2025-09-08 15:40:05.933
4494,38,30,5,2025-09-08 15:40:05.941,2025-09-08 15:40:05.941
4495,39,30,4,2025-09-08 15:40:05.952,2025-09-08 15:40:05.952
4496,40,30,6,2025-09-08 15:40:05.96,2025-09-08 15:40:05.96
4497,41,30,7,2025-09-08 15:40:05.968,2025-09-08 15:40:05.968
4498,42,30,6,2025-09-08 15:40:05.975,2025-09-08 15:40:05.975
4499,43,30,3,2025-09-08 15:40:05.983,2025-09-08 15:40:05.983
4500,44,30,6,2025-09-08 15:40:05.992,2025-09-08 15:40:05.992
4501,45,30,5,2025-09-08 15:40:06,2025-09-08 15:40:06
4502,46,30,5,2025-09-08 15:40:06.007,2025-09-08 15:40:06.007
4503,47,30,6,2025-09-08 15:40:06.012,2025-09-08 15:40:06.012
4504,48,30,4,2025-09-08 15:40:06.019,2025-09-08 15:40:06.019
4505,49,30,6,2025-09-08 15:40:06.024,2025-09-08 15:40:06.024
4506,50,30,6,2025-09-08 15:40:06.031,2025-09-08 15:40:06.031
4507,51,30,3,2025-09-08 15:40:06.039,2025-09-08 15:40:06.039
4508,52,30,6,2025-09-08 15:40:06.045,2025-09-08 15:40:06.045
4509,53,30,7,2025-09-08 15:40:06.053,2025-09-08 15:40:06.053
4510,54,30,6,2025-09-08 15:40:06.058,2025-09-08 15:40:06.058
4511,55,30,5,2025-09-08 15:40:06.064,2025-09-08 15:40:06.064
4512,56,30,4,2025-09-08 15:40:06.073,2025-09-08 15:40:06.073
4513,57,30,6,2025-09-08 15:40:06.078,2025-09-08 15:40:06.078
4514,58,30,4,2025-09-08 15:40:06.085,2025-09-08 15:40:06.085
4515,59,30,3,2025-09-08 15:40:06.092,2025-09-08 15:40:06.092
4516,60,30,5,2025-09-08 15:40:06.099,2025-09-08 15:40:06.099
4517,61,30,6,2025-09-08 15:40:06.106,2025-09-08 15:40:06.106
4518,62,30,7,2025-09-08 15:40:06.112,2025-09-08 15:40:06.112
4519,63,30,5,2025-09-08 15:40:06.133,2025-09-08 15:40:06.133
4520,64,30,4,2025-09-08 15:40:06.154,2025-09-08 15:40:06.154
4521,65,30,4,2025-09-08 15:40:06.161,2025-09-08 15:40:06.161
4522,66,30,6,2025-09-08 15:40:06.171,2025-09-08 15:40:06.171
4523,67,30,6,2025-09-08 15:40:06.178,2025-09-08 15:40:06.178
4524,68,30,5,2025-09-08 15:40:06.185,2025-09-08 15:40:06.185
4525,69,30,5,2025-09-08 15:40:06.193,2025-09-08 15:40:06.193
4526,70,30,4,2025-09-08 15:40:06.201,2025-09-08 15:40:06.201
4527,71,30,6,2025-09-08 15:40:06.208,2025-09-08 15:40:06.208
4528,72,30,6,2025-09-08 15:40:06.216,2025-09-08 15:40:06.216
4529,73,30,7,2025-09-08 15:40:06.225,2025-09-08 15:40:06.225
4530,74,30,1,2025-09-08 15:40:06.234,2025-09-08 15:40:06.234
4531,75,30,3,2025-09-08 15:40:06.243,2025-09-08 15:40:06.243
4532,76,30,5,2025-09-08 15:40:06.255,2025-09-08 15:40:06.255
4533,77,30,6,2025-09-08 15:40:06.259,2025-09-08 15:40:06.259
4534,78,30,6,2025-09-08 15:40:06.265,2025-09-08 15:40:06.265
4535,79,30,4,2025-09-08 15:40:06.272,2025-09-08 15:40:06.272
4536,80,30,6,2025-09-08 15:40:06.279,2025-09-08 15:40:06.279
4537,81,30,5,2025-09-08 15:40:06.287,2025-09-08 15:40:06.287
4538,82,30,6,2025-09-08 15:40:06.294,2025-09-08 15:40:06.294
4539,83,30,4,2025-09-08 15:40:06.3,2025-09-08 15:40:06.3
4540,84,30,5,2025-09-08 15:40:06.307,2025-09-08 15:40:06.307
4541,85,30,6,2025-09-08 15:40:06.314,2025-09-08 15:40:06.314
4542,86,30,7,2025-09-08 15:40:06.323,2025-09-08 15:40:06.323
4543,87,30,4,2025-09-08 15:40:06.329,2025-09-08 15:40:06.329
4544,88,30,5,2025-09-08 15:40:06.337,2025-09-08 15:40:06.337
4545,89,30,5,2025-09-08 15:40:06.343,2025-09-08 15:40:06.343
4546,90,30,4,2025-09-08 15:40:06.35,2025-09-08 15:40:06.35
4547,91,30,5,2025-09-08 15:40:06.358,2025-09-08 15:40:06.358
4548,92,30,5,2025-09-08 15:40:06.366,2025-09-08 15:40:06.366
4549,93,30,4,2025-09-08 15:40:06.373,2025-09-08 15:40:06.373
4550,94,30,6,2025-09-08 15:40:06.379,2025-09-08 15:40:06.379
4551,95,30,4,2025-09-08 15:40:06.387,2025-09-08 15:40:06.387
4552,96,30,7,2025-09-08 15:40:06.393,2025-09-08 15:40:06.393
4553,97,30,4,2025-09-08 15:40:06.398,2025-09-08 15:40:06.398
4554,98,30,5,2025-09-08 15:40:06.404,2025-09-08 15:40:06.404
4555,99,30,4,2025-09-08 15:40:06.411,2025-09-08 15:40:06.411
4556,100,30,4,2025-09-08 15:40:06.418,2025-09-08 15:40:06.418
4557,101,30,6,2025-09-08 15:40:06.426,2025-09-08 15:40:06.426
4558,102,30,4,2025-09-08 15:40:06.433,2025-09-08 15:40:06.433
4559,103,30,5,2025-09-08 15:40:06.442,2025-09-08 15:40:06.442
4560,104,30,7,2025-09-08 15:40:06.449,2025-09-08 15:40:06.449
4561,105,30,5,2025-09-08 15:40:06.457,2025-09-08 15:40:06.457
4562,106,30,6,2025-09-08 15:40:06.462,2025-09-08 15:40:06.462
4563,107,30,5,2025-09-08 15:40:06.471,2025-09-08 15:40:06.471
4564,108,30,4,2025-09-08 15:40:06.478,2025-09-08 15:40:06.478
4565,109,30,5,2025-09-08 15:40:06.486,2025-09-08 15:40:06.486
4566,110,30,5,2025-09-08 15:40:06.493,2025-09-08 15:40:06.493
4567,111,30,5,2025-09-08 15:40:06.5,2025-09-08 15:40:06.5
4568,112,30,5,2025-09-08 15:40:06.506,2025-09-08 15:40:06.506
4569,113,30,4,2025-09-08 15:40:06.513,2025-09-08 15:40:06.513
4570,114,30,4,2025-09-08 15:40:06.52,2025-09-08 15:40:06.52
4571,115,30,1,2025-09-08 15:40:06.527,2025-09-08 15:40:06.527
4572,116,30,5,2025-09-08 15:40:06.535,2025-09-08 15:40:06.535
4573,117,30,5,2025-09-08 15:40:06.543,2025-09-08 15:40:06.543
4574,118,30,6,2025-09-08 15:40:06.55,2025-09-08 15:40:06.55
4575,119,30,5,2025-09-08 15:40:06.558,2025-09-08 15:40:06.558
4576,120,30,5,2025-09-08 15:40:06.566,2025-09-08 15:40:06.566
4577,121,30,4,2025-09-08 15:40:06.573,2025-09-08 15:40:06.573
4578,122,30,5,2025-09-08 15:40:06.58,2025-09-08 15:40:06.58
4579,123,30,6,2025-09-08 15:40:06.589,2025-09-08 15:40:06.589
4580,124,30,6,2025-09-08 15:40:06.596,2025-09-08 15:40:06.596
4581,125,30,4,2025-09-08 15:40:06.604,2025-09-08 15:40:06.604
4582,126,30,4,2025-09-08 15:40:06.61,2025-09-08 15:40:06.61
4583,127,30,4,2025-09-08 15:40:06.616,2025-09-08 15:40:06.616
4584,128,30,5,2025-09-08 15:40:06.622,2025-09-08 15:40:06.622
4585,129,30,4,2025-09-08 15:40:06.626,2025-09-08 15:40:06.626
4586,130,30,5,2025-09-08 15:40:06.633,2025-09-08 15:40:06.633
4587,131,30,4,2025-09-08 15:40:06.64,2025-09-08 15:40:06.64
4588,132,30,4,2025-09-08 15:40:06.645,2025-09-08 15:40:06.645
4589,133,30,4,2025-09-08 15:40:06.652,2025-09-08 15:40:06.652
4590,134,30,7,2025-09-08 15:40:06.658,2025-09-08 15:40:06.658
4591,135,30,5,2025-09-08 15:40:06.664,2025-09-08 15:40:06.664
4592,136,30,5,2025-09-08 15:40:06.671,2025-09-08 15:40:06.671
4593,137,30,6,2025-09-08 15:40:06.676,2025-09-08 15:40:06.676
4594,138,30,4,2025-09-08 15:40:06.682,2025-09-08 15:40:06.682
4595,139,30,4,2025-09-08 15:40:06.689,2025-09-08 15:40:06.689
4596,140,30,5,2025-09-08 15:40:06.694,2025-09-08 15:40:06.694
4597,141,30,5,2025-09-08 15:40:06.701,2025-09-08 15:40:06.701
4598,142,30,6,2025-09-08 15:40:06.708,2025-09-08 15:40:06.708
4599,143,30,4,2025-09-08 15:40:06.714,2025-09-08 15:40:06.714
4600,144,30,4,2025-09-08 15:40:06.722,2025-09-08 15:40:06.722
4601,145,30,5,2025-09-08 15:40:06.729,2025-09-08 15:40:06.729
4602,146,30,4,2025-09-08 15:40:06.735,2025-09-08 15:40:06.735
4603,147,30,5,2025-09-08 15:40:06.741,2025-09-08 15:40:06.741
4604,148,30,6,2025-09-08 15:40:06.746,2025-09-08 15:40:06.746
4605,149,30,4,2025-09-08 15:40:06.753,2025-09-08 15:40:06.753
4606,150,30,6,2025-09-08 15:40:06.761,2025-09-08 15:40:06.761
4607,151,30,6,2025-09-08 15:40:06.769,2025-09-08 15:40:06.769
4608,152,30,3,2025-09-08 15:40:06.778,2025-09-08 15:40:06.778
4609,153,30,4,2025-09-08 15:40:06.785,2025-09-08 15:40:06.785
4610,154,30,5,2025-09-08 15:40:06.791,2025-09-08 15:40:06.791
4611,155,30,5,2025-09-08 15:40:06.797,2025-09-08 15:40:06.797
4612,156,30,4,2025-09-08 15:40:06.808,2025-09-08 15:40:06.808
4613,157,30,6,2025-09-08 15:40:06.815,2025-09-08 15:40:06.815
4614,158,30,4,2025-09-08 15:40:06.823,2025-09-08 15:40:06.823
4615,159,30,6,2025-09-08 15:40:06.829,2025-09-08 15:40:06.829
4616,160,30,6,2025-09-08 15:40:06.844,2025-09-08 15:40:06.844
4617,161,30,5,2025-09-08 15:40:06.852,2025-09-08 15:40:06.852
4618,162,30,5,2025-09-08 15:40:06.863,2025-09-08 15:40:06.863
4619,163,30,2,2025-09-08 15:40:06.875,2025-09-08 15:40:06.875
4620,164,30,6,2025-09-08 15:40:06.881,2025-09-08 15:40:06.881
4621,165,30,6,2025-09-08 15:40:06.887,2025-09-08 15:40:06.887
4622,166,30,3,2025-09-08 15:40:06.893,2025-09-08 15:40:06.893
4623,167,30,4,2025-09-08 15:40:06.898,2025-09-08 15:40:06.898
4624,168,30,7,2025-09-08 15:40:06.919,2025-09-08 15:40:06.919
4625,169,30,5,2025-09-08 15:40:06.926,2025-09-08 15:40:06.926
4626,170,30,6,2025-09-08 15:40:06.932,2025-09-08 15:40:06.932
4627,171,30,4,2025-09-08 15:40:06.939,2025-09-08 15:40:06.939
4628,172,30,3,2025-09-08 15:40:06.944,2025-09-08 15:40:06.944
4629,173,30,4,2025-09-08 15:40:06.949,2025-09-08 15:40:06.949
4630,174,30,4,2025-09-08 15:40:06.956,2025-09-08 15:40:06.956
4631,175,30,3,2025-09-08 15:40:06.963,2025-09-08 15:40:06.963
4632,176,30,6,2025-09-08 15:40:06.97,2025-09-08 15:40:06.97
4633,177,30,6,2025-09-08 15:40:06.978,2025-09-08 15:40:06.978
4634,178,30,5,2025-09-08 15:40:06.987,2025-09-08 15:40:06.987
4635,179,30,5,2025-09-08 15:40:06.995,2025-09-08 15:40:06.995
4636,180,30,6,2025-09-08 15:40:07.004,2025-09-08 15:40:07.004
4637,181,30,7,2025-09-08 15:40:07.012,2025-09-08 15:40:07.012
4638,182,30,4,2025-09-08 15:40:07.022,2025-09-08 15:40:07.022
4639,183,30,6,2025-09-08 15:40:07.03,2025-09-08 15:40:07.03
4640,184,30,5,2025-09-08 15:40:07.039,2025-09-08 15:40:07.039
4641,185,30,5,2025-09-08 15:40:07.048,2025-09-08 15:40:07.048
4642,186,30,6,2025-09-08 15:40:07.057,2025-09-08 15:40:07.057
4643,187,30,5,2025-09-08 15:40:07.067,2025-09-08 15:40:07.067
4644,188,30,4,2025-09-08 15:40:07.076,2025-09-08 15:40:07.076
4645,189,30,5,2025-09-08 15:40:07.084,2025-09-08 15:40:07.084
4646,190,30,3,2025-09-08 15:40:07.092,2025-09-08 15:40:07.092
4647,191,30,7,2025-09-08 15:40:07.099,2025-09-08 15:40:07.099
4648,192,30,5,2025-09-08 15:40:07.107,2025-09-08 15:40:07.107
4649,193,30,4,2025-09-08 15:40:07.114,2025-09-08 15:40:07.114
4650,194,30,4,2025-09-08 15:40:07.122,2025-09-08 15:40:07.122
4651,195,30,5,2025-09-08 15:40:07.13,2025-09-08 15:40:07.13
4652,196,30,4,2025-09-08 15:40:07.138,2025-09-08 15:40:07.138
4653,197,30,6,2025-09-08 15:40:07.146,2025-09-08 15:40:07.146
4654,198,30,4,2025-09-08 15:40:07.153,2025-09-08 15:40:07.153
4655,199,30,4,2025-09-08 15:40:07.16,2025-09-08 15:40:07.16
4656,200,30,4,2025-09-08 15:40:07.166,2025-09-08 15:40:07.166
4657,201,30,4,2025-09-08 15:40:07.173,2025-09-08 15:40:07.173
4658,202,30,4,2025-09-08 15:40:07.181,2025-09-08 15:40:07.181
4659,203,30,5,2025-09-08 15:40:07.19,2025-09-08 15:40:07.19
4660,204,30,7,2025-09-08 15:40:07.197,2025-09-08 15:40:07.197
4661,205,30,3,2025-09-08 15:40:07.203,2025-09-08 15:40:07.203
4662,206,30,6,2025-09-08 15:40:07.209,2025-09-08 15:40:07.209
4663,207,30,6,2025-09-08 15:40:07.215,2025-09-08 15:40:07.215
4664,208,30,6,2025-09-08 15:40:07.221,2025-09-08 15:40:07.221
4665,209,30,4,2025-09-08 15:40:07.227,2025-09-08 15:40:07.227
4666,210,30,5,2025-09-08 15:40:07.232,2025-09-08 15:40:07.232
4667,211,30,7,2025-09-08 15:40:07.238,2025-09-08 15:40:07.238
4668,212,30,5,2025-09-08 15:40:07.245,2025-09-08 15:40:07.245
4669,213,30,1,2025-09-08 15:40:07.25,2025-09-08 15:40:07.25
4670,214,30,5,2025-09-08 15:40:07.259,2025-09-08 15:40:07.259
4671,215,30,4,2025-09-08 15:40:07.265,2025-09-08 15:40:07.265
4672,216,30,6,2025-09-08 15:40:07.273,2025-09-08 15:40:07.273
4673,217,30,4,2025-09-08 15:40:07.281,2025-09-08 15:40:07.281
4674,218,30,5,2025-09-08 15:40:07.288,2025-09-08 15:40:07.288
4675,219,30,6,2025-09-08 15:40:07.295,2025-09-08 15:40:07.295
4676,220,30,4,2025-09-08 15:40:07.302,2025-09-08 15:40:07.302
4677,221,30,3,2025-09-08 15:40:07.311,2025-09-08 15:40:07.311
4678,222,30,4,2025-09-08 15:40:07.318,2025-09-08 15:40:07.318
4679,223,30,5,2025-09-08 15:40:07.328,2025-09-08 15:40:07.328
4680,224,30,4,2025-09-08 15:40:07.336,2025-09-08 15:40:07.336
4681,225,30,5,2025-09-08 15:40:07.345,2025-09-08 15:40:07.345
4682,226,30,6,2025-09-08 15:40:07.352,2025-09-08 15:40:07.352
4683,227,30,5,2025-09-08 15:40:07.359,2025-09-08 15:40:07.359
4684,228,30,4,2025-09-08 15:40:07.367,2025-09-08 15:40:07.367
4685,229,30,6,2025-09-08 15:40:07.374,2025-09-08 15:40:07.374
4686,230,30,5,2025-09-08 15:40:07.381,2025-09-08 15:40:07.381
4687,231,30,5,2025-09-08 15:40:07.389,2025-09-08 15:40:07.389
4688,232,30,6,2025-09-08 15:40:07.396,2025-09-08 15:40:07.396
4689,233,30,4,2025-09-08 15:40:07.404,2025-09-08 15:40:07.404
4690,234,30,5,2025-09-08 15:40:07.412,2025-09-08 15:40:07.412
4691,235,30,6,2025-09-08 15:40:07.419,2025-09-08 15:40:07.419
4692,236,30,7,2025-09-08 15:40:07.427,2025-09-08 15:40:07.427
4693,237,30,6,2025-09-08 15:40:07.435,2025-09-08 15:40:07.435
4694,238,30,6,2025-09-08 15:40:07.445,2025-09-08 15:40:07.445
4695,239,30,5,2025-09-08 15:40:07.451,2025-09-08 15:40:07.451
4696,240,30,6,2025-09-08 15:40:07.459,2025-09-08 15:40:07.459
4697,241,30,6,2025-09-08 15:40:07.466,2025-09-08 15:40:07.466
4698,242,30,5,2025-09-08 15:40:07.474,2025-09-08 15:40:07.474
4699,243,30,5,2025-09-08 15:40:07.482,2025-09-08 15:40:07.482
4700,244,30,7,2025-09-08 15:40:07.49,2025-09-08 15:40:07.49
4701,245,30,5,2025-09-08 15:40:07.496,2025-09-08 15:40:07.496
4702,246,30,5,2025-09-08 15:40:07.504,2025-09-08 15:40:07.504
4703,247,30,7,2025-09-08 15:40:07.512,2025-09-08 15:40:07.512
4704,248,30,4,2025-09-08 15:40:07.519,2025-09-08 15:40:07.519
4705,249,30,6,2025-09-08 15:40:07.528,2025-09-08 15:40:07.528
4706,250,30,6,2025-09-08 15:40:07.536,2025-09-08 15:40:07.536
4707,251,30,6,2025-09-08 15:40:07.544,2025-09-08 15:40:07.544
4708,252,30,4,2025-09-08 15:40:07.551,2025-09-08 15:40:07.551
4709,253,30,5,2025-09-08 15:40:07.557,2025-09-08 15:40:07.557
4710,254,30,6,2025-09-08 15:40:07.563,2025-09-08 15:40:07.563
4711,255,30,5,2025-09-08 15:40:07.572,2025-09-08 15:40:07.572
4712,256,30,5,2025-09-08 15:40:07.579,2025-09-08 15:40:07.579
4713,257,30,7,2025-09-08 15:40:07.587,2025-09-08 15:40:07.587
4714,258,30,4,2025-09-08 15:40:07.598,2025-09-08 15:40:07.598
4715,259,30,4,2025-09-08 15:40:07.606,2025-09-08 15:40:07.606
4716,260,30,4,2025-09-08 15:40:07.613,2025-09-08 15:40:07.613
4717,261,30,5,2025-09-08 15:40:07.621,2025-09-08 15:40:07.621
4718,262,30,6,2025-09-08 15:40:07.63,2025-09-08 15:40:07.63
4719,263,30,6,2025-09-08 15:40:07.638,2025-09-08 15:40:07.638
4720,264,30,4,2025-09-08 15:40:07.647,2025-09-08 15:40:07.647
4721,265,30,2,2025-09-08 15:40:07.655,2025-09-08 15:40:07.655
4722,266,30,5,2025-09-08 15:40:07.662,2025-09-08 15:40:07.662
4723,267,30,3,2025-09-08 15:40:07.667,2025-09-08 15:40:07.667
4724,268,30,5,2025-09-08 15:40:07.672,2025-09-08 15:40:07.672
4725,269,30,4,2025-09-08 15:40:07.678,2025-09-08 15:40:07.678
4726,270,30,4,2025-09-08 15:40:07.684,2025-09-08 15:40:07.684
4727,271,30,3,2025-09-08 15:40:07.691,2025-09-08 15:40:07.691
4728,272,30,4,2025-09-08 15:40:07.698,2025-09-08 15:40:07.698
4729,273,30,4,2025-09-08 15:40:07.704,2025-09-08 15:40:07.704
4730,274,30,4,2025-09-08 15:40:07.711,2025-09-08 15:40:07.711
4731,275,30,4,2025-09-08 15:40:07.716,2025-09-08 15:40:07.716
4732,276,30,6,2025-09-08 15:40:07.722,2025-09-08 15:40:07.722
4733,277,30,4,2025-09-08 15:40:07.729,2025-09-08 15:40:07.729
4734,278,30,4,2025-09-08 15:40:07.736,2025-09-08 15:40:07.736
4735,279,30,1,2025-09-08 15:40:07.743,2025-09-08 15:40:07.743
4736,280,30,5,2025-09-08 15:40:07.748,2025-09-08 15:40:07.748
4737,281,30,6,2025-09-08 15:40:07.754,2025-09-08 15:40:07.754
4738,282,30,5,2025-09-08 15:40:07.762,2025-09-08 15:40:07.762
4739,283,30,7,2025-09-08 15:40:07.767,2025-09-08 15:40:07.767
4740,284,30,5,2025-09-08 15:40:07.774,2025-09-08 15:40:07.774
4741,285,30,4,2025-09-08 15:40:07.78,2025-09-08 15:40:07.78
4742,286,30,7,2025-09-08 15:40:07.786,2025-09-08 15:40:07.786
4743,287,30,5,2025-09-08 15:40:07.793,2025-09-08 15:40:07.793
4744,288,30,6,2025-09-08 15:40:07.8,2025-09-08 15:40:07.8
4745,289,30,4,2025-09-08 15:40:07.808,2025-09-08 15:40:07.808
4746,290,30,4,2025-09-08 15:40:07.821,2025-09-08 15:40:07.821
4747,291,30,5,2025-09-08 15:40:07.83,2025-09-08 15:40:07.83
4748,292,30,4,2025-09-08 15:40:07.838,2025-09-08 15:40:07.838
4749,293,30,6,2025-09-08 15:40:07.846,2025-09-08 15:40:07.846
4750,294,30,5,2025-09-08 15:40:07.855,2025-09-08 15:40:07.855
4751,295,30,5,2025-09-08 15:40:07.863,2025-09-08 15:40:07.863
4752,296,30,5,2025-09-08 15:40:07.87,2025-09-08 15:40:07.87
4753,297,30,6,2025-09-08 15:40:07.877,2025-09-08 15:40:07.877
4754,298,30,5,2025-09-08 15:40:07.885,2025-09-08 15:40:07.885
4755,299,30,5,2025-09-08 15:40:07.892,2025-09-08 15:40:07.892
4756,300,30,4,2025-09-08 15:40:07.899,2025-09-08 15:40:07.899
4757,301,30,3,2025-09-08 15:40:07.907,2025-09-08 15:40:07.907
4758,302,30,7,2025-09-08 15:40:07.913,2025-09-08 15:40:07.913
4759,303,30,4,2025-09-08 15:40:07.919,2025-09-08 15:40:07.919
4760,304,30,7,2025-09-08 15:40:07.925,2025-09-08 15:40:07.925
4761,305,30,5,2025-09-08 15:40:07.93,2025-09-08 15:40:07.93
4762,306,30,5,2025-09-08 15:40:07.936,2025-09-08 15:40:07.936
4763,307,30,4,2025-09-08 15:40:07.942,2025-09-08 15:40:07.942
4764,308,30,5,2025-09-08 15:40:07.949,2025-09-08 15:40:07.949
4765,309,30,6,2025-09-08 15:40:07.956,2025-09-08 15:40:07.956
4766,310,30,4,2025-09-08 15:40:07.962,2025-09-08 15:40:07.962
4767,311,30,6,2025-09-08 15:40:07.968,2025-09-08 15:40:07.968
4768,312,30,4,2025-09-08 15:40:07.974,2025-09-08 15:40:07.974
4769,313,30,5,2025-09-08 15:40:07.98,2025-09-08 15:40:07.98
4770,314,30,4,2025-09-08 15:40:07.986,2025-09-08 15:40:07.986
4771,315,30,6,2025-09-08 15:40:07.993,2025-09-08 15:40:07.993
4772,316,30,7,2025-09-08 15:40:07.999,2025-09-08 15:40:07.999
4773,317,30,5,2025-09-08 15:40:08.004,2025-09-08 15:40:08.004
4774,318,30,6,2025-09-08 15:40:08.01,2025-09-08 15:40:08.01
4775,319,30,3,2025-09-08 15:40:08.016,2025-09-08 15:40:08.016
4776,320,30,6,2025-09-08 15:40:08.022,2025-09-08 15:40:08.022
4777,321,30,6,2025-09-08 15:40:08.029,2025-09-08 15:40:08.029
4778,322,30,6,2025-09-08 15:40:08.034,2025-09-08 15:40:08.034
4779,323,30,5,2025-09-08 15:40:08.041,2025-09-08 15:40:08.041
4780,324,30,4,2025-09-08 15:40:08.047,2025-09-08 15:40:08.047
4781,325,30,5,2025-09-08 15:40:08.053,2025-09-08 15:40:08.053
4782,326,30,4,2025-09-08 15:40:08.061,2025-09-08 15:40:08.061
4783,327,30,4,2025-09-08 15:40:08.067,2025-09-08 15:40:08.067
4784,328,30,4,2025-09-08 15:40:08.073,2025-09-08 15:40:08.073
4785,329,30,6,2025-09-08 15:40:08.08,2025-09-08 15:40:08.08
4786,330,30,4,2025-09-08 15:40:08.087,2025-09-08 15:40:08.087
4787,331,30,4,2025-09-08 15:40:08.094,2025-09-08 15:40:08.094
4788,332,30,5,2025-09-08 15:40:08.1,2025-09-08 15:40:08.1
4789,333,30,4,2025-09-08 15:40:08.106,2025-09-08 15:40:08.106
4790,334,30,5,2025-09-08 15:40:08.119,2025-09-08 15:40:08.119
4791,335,30,4,2025-09-08 15:40:08.125,2025-09-08 15:40:08.125
4792,336,30,5,2025-09-08 15:40:08.131,2025-09-08 15:40:08.131
4793,337,30,5,2025-09-08 15:40:08.137,2025-09-08 15:40:08.137
4794,338,30,6,2025-09-08 15:40:08.144,2025-09-08 15:40:08.144
4795,339,30,6,2025-09-08 15:40:08.15,2025-09-08 15:40:08.15
4796,340,30,6,2025-09-08 15:40:08.157,2025-09-08 15:40:08.157
4797,341,30,6,2025-09-08 15:40:08.164,2025-09-08 15:40:08.164
4798,342,30,7,2025-09-08 15:40:08.171,2025-09-08 15:40:08.171
4799,343,30,5,2025-09-08 15:40:08.178,2025-09-08 15:40:08.178
4800,344,30,4,2025-09-08 15:40:08.19,2025-09-08 15:40:08.19
4801,345,30,5,2025-09-08 15:40:08.197,2025-09-08 15:40:08.197
4802,346,30,6,2025-09-08 15:40:08.201,2025-09-08 15:40:08.201
4803,347,30,4,2025-09-08 15:40:08.207,2025-09-08 15:40:08.207
4804,348,30,4,2025-09-08 15:40:08.214,2025-09-08 15:40:08.214
4805,349,30,4,2025-09-08 15:40:08.22,2025-09-08 15:40:08.22
4806,350,30,5,2025-09-08 15:40:08.227,2025-09-08 15:40:08.227
4807,351,30,4,2025-09-08 15:40:08.232,2025-09-08 15:40:08.232
4808,352,30,4,2025-09-08 15:40:08.238,2025-09-08 15:40:08.238
4809,353,30,5,2025-09-08 15:40:08.253,2025-09-08 15:40:08.253
4810,354,30,6,2025-09-08 15:40:08.261,2025-09-08 15:40:08.261
4811,355,30,2,2025-09-08 15:40:08.268,2025-09-08 15:40:08.268
4812,356,30,3,2025-09-08 15:40:08.275,2025-09-08 15:40:08.275
4813,357,30,6,2025-09-08 15:40:08.282,2025-09-08 15:40:08.282
4814,358,30,4,2025-09-08 15:40:08.287,2025-09-08 15:40:08.287
4815,359,30,6,2025-09-08 15:40:08.294,2025-09-08 15:40:08.294
4816,360,30,5,2025-09-08 15:40:08.3,2025-09-08 15:40:08.3
4817,361,30,5,2025-09-08 15:40:08.308,2025-09-08 15:40:08.308
4818,362,30,4,2025-09-08 15:40:08.315,2025-09-08 15:40:08.315
4819,363,30,4,2025-09-08 15:40:08.324,2025-09-08 15:40:08.324
4820,364,30,5,2025-09-08 15:40:08.333,2025-09-08 15:40:08.333
4821,365,30,5,2025-09-08 15:40:08.34,2025-09-08 15:40:08.34
4822,366,30,6,2025-09-08 15:40:08.348,2025-09-08 15:40:08.348
4823,367,30,4,2025-09-08 15:40:08.355,2025-09-08 15:40:08.355
4824,368,30,4,2025-09-08 15:40:08.362,2025-09-08 15:40:08.362
4825,369,30,4,2025-09-08 15:40:08.369,2025-09-08 15:40:08.369
4826,9,29,6,2025-09-08 15:40:08.376,2025-09-08 15:40:08.376
4827,10,29,5,2025-09-08 15:40:08.383,2025-09-08 15:40:08.383
4828,11,29,5,2025-09-08 15:40:08.389,2025-09-08 15:40:08.389
4829,12,29,3,2025-09-08 15:40:08.395,2025-09-08 15:40:08.395
4830,13,29,6,2025-09-08 15:40:08.402,2025-09-08 15:40:08.402
4831,14,29,4,2025-09-08 15:40:08.407,2025-09-08 15:40:08.407
4832,15,29,5,2025-09-08 15:40:08.416,2025-09-08 15:40:08.416
4833,16,29,5,2025-09-08 15:40:08.422,2025-09-08 15:40:08.422
4834,17,29,4,2025-09-08 15:40:08.429,2025-09-08 15:40:08.429
4835,18,29,7,2025-09-08 15:40:08.435,2025-09-08 15:40:08.435
4836,19,29,4,2025-09-08 15:40:08.442,2025-09-08 15:40:08.442
4837,20,29,4,2025-09-08 15:40:08.449,2025-09-08 15:40:08.449
4838,21,29,5,2025-09-08 15:40:08.455,2025-09-08 15:40:08.455
4839,22,29,5,2025-09-08 15:40:08.462,2025-09-08 15:40:08.462
4840,23,29,5,2025-09-08 15:40:08.468,2025-09-08 15:40:08.468
4841,24,29,7,2025-09-08 15:40:08.475,2025-09-08 15:40:08.475
4842,25,29,4,2025-09-08 15:40:08.481,2025-09-08 15:40:08.481
4843,26,29,5,2025-09-08 15:40:08.488,2025-09-08 15:40:08.488
4844,27,29,3,2025-09-08 15:40:08.495,2025-09-08 15:40:08.495
4845,28,29,5,2025-09-08 15:40:08.501,2025-09-08 15:40:08.501
4846,29,29,4,2025-09-08 15:40:08.512,2025-09-08 15:40:08.512
4847,30,29,6,2025-09-08 15:40:08.518,2025-09-08 15:40:08.518
4848,31,29,4,2025-09-08 15:40:08.525,2025-09-08 15:40:08.525
4849,32,29,5,2025-09-08 15:40:08.536,2025-09-08 15:40:08.536
4850,33,29,4,2025-09-08 15:40:08.545,2025-09-08 15:40:08.545
4851,34,29,4,2025-09-08 15:40:08.551,2025-09-08 15:40:08.551
4852,35,29,6,2025-09-08 15:40:08.558,2025-09-08 15:40:08.558
4853,36,29,4,2025-09-08 15:40:08.565,2025-09-08 15:40:08.565
4854,37,29,6,2025-09-08 15:40:08.571,2025-09-08 15:40:08.571
4855,38,29,5,2025-09-08 15:40:08.583,2025-09-08 15:40:08.583
4856,39,29,4,2025-09-08 15:40:08.59,2025-09-08 15:40:08.59
4857,40,29,6,2025-09-08 15:40:08.597,2025-09-08 15:40:08.597
4858,41,29,6,2025-09-08 15:40:08.603,2025-09-08 15:40:08.603
4859,42,29,6,2025-09-08 15:40:08.609,2025-09-08 15:40:08.609
4860,43,29,5,2025-09-08 15:40:08.617,2025-09-08 15:40:08.617
4861,44,29,6,2025-09-08 15:40:08.622,2025-09-08 15:40:08.622
4862,45,29,5,2025-09-08 15:40:08.629,2025-09-08 15:40:08.629
4863,46,29,5,2025-09-08 15:40:08.635,2025-09-08 15:40:08.635
4864,47,29,6,2025-09-08 15:40:08.641,2025-09-08 15:40:08.641
4865,48,29,4,2025-09-08 15:40:08.648,2025-09-08 15:40:08.648
4866,49,29,6,2025-09-08 15:40:08.654,2025-09-08 15:40:08.654
4867,50,29,6,2025-09-08 15:40:08.659,2025-09-08 15:40:08.659
4868,51,29,4,2025-09-08 15:40:08.666,2025-09-08 15:40:08.666
4869,52,29,6,2025-09-08 15:40:08.671,2025-09-08 15:40:08.671
4870,53,29,5,2025-09-08 15:40:08.679,2025-09-08 15:40:08.679
4871,54,29,6,2025-09-08 15:40:08.685,2025-09-08 15:40:08.685
4872,55,29,5,2025-09-08 15:40:08.692,2025-09-08 15:40:08.692
4873,56,29,4,2025-09-08 15:40:08.699,2025-09-08 15:40:08.699
4874,57,29,6,2025-09-08 15:40:08.704,2025-09-08 15:40:08.704
4875,58,29,2,2025-09-08 15:40:08.711,2025-09-08 15:40:08.711
4876,59,29,1,2025-09-08 15:40:08.717,2025-09-08 15:40:08.717
4877,60,29,5,2025-09-08 15:40:08.724,2025-09-08 15:40:08.724
4878,61,29,6,2025-09-08 15:40:08.731,2025-09-08 15:40:08.731
4879,62,29,7,2025-09-08 15:40:08.737,2025-09-08 15:40:08.737
4880,63,29,5,2025-09-08 15:40:08.743,2025-09-08 15:40:08.743
4881,64,29,4,2025-09-08 15:40:08.75,2025-09-08 15:40:08.75
4882,65,29,5,2025-09-08 15:40:08.756,2025-09-08 15:40:08.756
4883,66,29,6,2025-09-08 15:40:08.763,2025-09-08 15:40:08.763
4884,67,29,6,2025-09-08 15:40:08.769,2025-09-08 15:40:08.769
4885,68,29,4,2025-09-08 15:40:08.775,2025-09-08 15:40:08.775
4886,69,29,5,2025-09-08 15:40:08.783,2025-09-08 15:40:08.783
4887,70,29,1,2025-09-08 15:40:08.79,2025-09-08 15:40:08.79
4888,71,29,6,2025-09-08 15:40:08.797,2025-09-08 15:40:08.797
4889,72,29,6,2025-09-08 15:40:08.805,2025-09-08 15:40:08.805
4890,73,29,7,2025-09-08 15:40:08.813,2025-09-08 15:40:08.813
4891,74,29,1,2025-09-08 15:40:08.82,2025-09-08 15:40:08.82
4892,75,29,4,2025-09-08 15:40:08.826,2025-09-08 15:40:08.826
4893,76,29,6,2025-09-08 15:40:08.833,2025-09-08 15:40:08.833
4894,77,29,6,2025-09-08 15:40:08.838,2025-09-08 15:40:08.838
4895,78,29,6,2025-09-08 15:40:08.844,2025-09-08 15:40:08.844
4896,79,29,4,2025-09-08 15:40:08.85,2025-09-08 15:40:08.85
4897,80,29,6,2025-09-08 15:40:08.856,2025-09-08 15:40:08.856
4898,81,29,5,2025-09-08 15:40:08.862,2025-09-08 15:40:08.862
4899,82,29,6,2025-09-08 15:40:08.867,2025-09-08 15:40:08.867
4900,83,29,4,2025-09-08 15:40:08.873,2025-09-08 15:40:08.873
4901,84,29,5,2025-09-08 15:40:08.88,2025-09-08 15:40:08.88
4902,85,29,6,2025-09-08 15:40:08.886,2025-09-08 15:40:08.886
4903,86,29,7,2025-09-08 15:40:08.893,2025-09-08 15:40:08.893
4904,87,29,4,2025-09-08 15:40:08.9,2025-09-08 15:40:08.9
4905,88,29,5,2025-09-08 15:40:08.906,2025-09-08 15:40:08.906
4906,89,29,5,2025-09-08 15:40:08.914,2025-09-08 15:40:08.914
4907,90,29,4,2025-09-08 15:40:08.92,2025-09-08 15:40:08.92
4908,91,29,5,2025-09-08 15:40:08.928,2025-09-08 15:40:08.928
4909,92,29,5,2025-09-08 15:40:08.936,2025-09-08 15:40:08.936
4910,93,29,4,2025-09-08 15:40:08.943,2025-09-08 15:40:08.943
4911,94,29,6,2025-09-08 15:40:08.951,2025-09-08 15:40:08.951
4912,95,29,5,2025-09-08 15:40:08.959,2025-09-08 15:40:08.959
4913,96,29,7,2025-09-08 15:40:08.967,2025-09-08 15:40:08.967
4914,97,29,4,2025-09-08 15:40:08.974,2025-09-08 15:40:08.974
4915,98,29,5,2025-09-08 15:40:08.983,2025-09-08 15:40:08.983
4916,99,29,4,2025-09-08 15:40:08.991,2025-09-08 15:40:08.991
4917,100,29,4,2025-09-08 15:40:08.999,2025-09-08 15:40:08.999
4918,101,29,6,2025-09-08 15:40:09.006,2025-09-08 15:40:09.006
4919,102,29,4,2025-09-08 15:40:09.018,2025-09-08 15:40:09.018
4920,103,29,5,2025-09-08 15:40:09.025,2025-09-08 15:40:09.025
4921,104,29,7,2025-09-08 15:40:09.032,2025-09-08 15:40:09.032
4922,105,29,5,2025-09-08 15:40:09.037,2025-09-08 15:40:09.037
4923,106,29,7,2025-09-08 15:40:09.043,2025-09-08 15:40:09.043
4924,107,29,4,2025-09-08 15:40:09.049,2025-09-08 15:40:09.049
4925,108,29,5,2025-09-08 15:40:09.054,2025-09-08 15:40:09.054
4926,109,29,5,2025-09-08 15:40:09.059,2025-09-08 15:40:09.059
4927,110,29,5,2025-09-08 15:40:09.066,2025-09-08 15:40:09.066
4928,111,29,5,2025-09-08 15:40:09.072,2025-09-08 15:40:09.072
4929,112,29,5,2025-09-08 15:40:09.08,2025-09-08 15:40:09.08
4930,113,29,4,2025-09-08 15:40:09.087,2025-09-08 15:40:09.087
4931,114,29,6,2025-09-08 15:40:09.092,2025-09-08 15:40:09.092
4932,115,29,1,2025-09-08 15:40:09.099,2025-09-08 15:40:09.099
4933,116,29,6,2025-09-08 15:40:09.105,2025-09-08 15:40:09.105
4934,117,29,5,2025-09-08 15:40:09.114,2025-09-08 15:40:09.114
4935,118,29,6,2025-09-08 15:40:09.122,2025-09-08 15:40:09.122
4936,119,29,5,2025-09-08 15:40:09.129,2025-09-08 15:40:09.129
4937,120,29,5,2025-09-08 15:40:09.136,2025-09-08 15:40:09.136
4938,121,29,4,2025-09-08 15:40:09.142,2025-09-08 15:40:09.142
4939,122,29,5,2025-09-08 15:40:09.149,2025-09-08 15:40:09.149
4940,123,29,6,2025-09-08 15:40:09.155,2025-09-08 15:40:09.155
4941,124,29,6,2025-09-08 15:40:09.163,2025-09-08 15:40:09.163
4942,125,29,3,2025-09-08 15:40:09.168,2025-09-08 15:40:09.168
4943,126,29,4,2025-09-08 15:40:09.174,2025-09-08 15:40:09.174
4944,127,29,5,2025-09-08 15:40:09.181,2025-09-08 15:40:09.181
4945,128,29,5,2025-09-08 15:40:09.188,2025-09-08 15:40:09.188
4946,129,29,4,2025-09-08 15:40:09.194,2025-09-08 15:40:09.194
4947,130,29,6,2025-09-08 15:40:09.201,2025-09-08 15:40:09.201
4948,131,29,6,2025-09-08 15:40:09.206,2025-09-08 15:40:09.206
4949,132,29,4,2025-09-08 15:40:09.213,2025-09-08 15:40:09.213
4950,133,29,4,2025-09-08 15:40:09.219,2025-09-08 15:40:09.219
4951,134,29,7,2025-09-08 15:40:09.225,2025-09-08 15:40:09.225
4952,135,29,5,2025-09-08 15:40:09.232,2025-09-08 15:40:09.232
4953,136,29,5,2025-09-08 15:40:09.238,2025-09-08 15:40:09.238
4954,137,29,6,2025-09-08 15:40:09.246,2025-09-08 15:40:09.246
4955,138,29,4,2025-09-08 15:40:09.253,2025-09-08 15:40:09.253
4956,139,29,4,2025-09-08 15:40:09.258,2025-09-08 15:40:09.258
4957,140,29,5,2025-09-08 15:40:09.267,2025-09-08 15:40:09.267
4958,141,29,6,2025-09-08 15:40:09.274,2025-09-08 15:40:09.274
4959,142,29,6,2025-09-08 15:40:09.279,2025-09-08 15:40:09.279
4960,143,29,4,2025-09-08 15:40:09.285,2025-09-08 15:40:09.285
4961,144,29,4,2025-09-08 15:40:09.291,2025-09-08 15:40:09.291
4962,145,29,5,2025-09-08 15:40:09.296,2025-09-08 15:40:09.296
4963,146,29,4,2025-09-08 15:40:09.304,2025-09-08 15:40:09.304
4964,147,29,6,2025-09-08 15:40:09.314,2025-09-08 15:40:09.314
4965,148,29,6,2025-09-08 15:40:09.322,2025-09-08 15:40:09.322
4966,149,29,4,2025-09-08 15:40:09.33,2025-09-08 15:40:09.33
4967,150,29,7,2025-09-08 15:40:09.337,2025-09-08 15:40:09.337
4968,151,29,6,2025-09-08 15:40:09.344,2025-09-08 15:40:09.344
4969,152,29,4,2025-09-08 15:40:09.352,2025-09-08 15:40:09.352
4970,153,29,4,2025-09-08 15:40:09.36,2025-09-08 15:40:09.36
4971,154,29,5,2025-09-08 15:40:09.368,2025-09-08 15:40:09.368
4972,155,29,6,2025-09-08 15:40:09.376,2025-09-08 15:40:09.376
4973,156,29,4,2025-09-08 15:40:09.384,2025-09-08 15:40:09.384
4974,157,29,6,2025-09-08 15:40:09.392,2025-09-08 15:40:09.392
4975,158,29,2,2025-09-08 15:40:09.399,2025-09-08 15:40:09.399
4976,159,29,7,2025-09-08 15:40:09.408,2025-09-08 15:40:09.408
4977,160,29,6,2025-09-08 15:40:09.416,2025-09-08 15:40:09.416
4978,161,29,4,2025-09-08 15:40:09.424,2025-09-08 15:40:09.424
4979,162,29,6,2025-09-08 15:40:09.434,2025-09-08 15:40:09.434
4980,163,29,4,2025-09-08 15:40:09.441,2025-09-08 15:40:09.441
4981,164,29,6,2025-09-08 15:40:09.448,2025-09-08 15:40:09.448
4982,165,29,6,2025-09-08 15:40:09.455,2025-09-08 15:40:09.455
4983,166,29,4,2025-09-08 15:40:09.462,2025-09-08 15:40:09.462
4984,167,29,5,2025-09-08 15:40:09.469,2025-09-08 15:40:09.469
4985,168,29,7,2025-09-08 15:40:09.474,2025-09-08 15:40:09.474
4986,169,29,5,2025-09-08 15:40:09.482,2025-09-08 15:40:09.482
4987,170,29,6,2025-09-08 15:40:09.489,2025-09-08 15:40:09.489
4988,171,29,4,2025-09-08 15:40:09.495,2025-09-08 15:40:09.495
4989,172,29,3,2025-09-08 15:40:09.501,2025-09-08 15:40:09.501
4990,173,29,4,2025-09-08 15:40:09.508,2025-09-08 15:40:09.508
4991,174,29,4,2025-09-08 15:40:09.517,2025-09-08 15:40:09.517
4992,175,29,5,2025-09-08 15:40:09.524,2025-09-08 15:40:09.524
4993,176,29,6,2025-09-08 15:40:09.531,2025-09-08 15:40:09.531
4994,177,29,6,2025-09-08 15:40:09.538,2025-09-08 15:40:09.538
4995,178,29,5,2025-09-08 15:40:09.544,2025-09-08 15:40:09.544
4996,179,29,5,2025-09-08 15:40:09.553,2025-09-08 15:40:09.553
4997,180,29,6,2025-09-08 15:40:09.558,2025-09-08 15:40:09.558
4998,181,29,7,2025-09-08 15:40:09.565,2025-09-08 15:40:09.565
4999,182,29,4,2025-09-08 15:40:09.573,2025-09-08 15:40:09.573
5000,183,29,6,2025-09-08 15:40:09.58,2025-09-08 15:40:09.58
5001,184,29,6,2025-09-08 15:40:09.586,2025-09-08 15:40:09.586
5002,185,29,6,2025-09-08 15:40:09.594,2025-09-08 15:40:09.594
5003,186,29,6,2025-09-08 15:40:09.602,2025-09-08 15:40:09.602
5004,187,29,6,2025-09-08 15:40:09.61,2025-09-08 15:40:09.61
5005,188,29,5,2025-09-08 15:40:09.617,2025-09-08 15:40:09.617
5006,189,29,4,2025-09-08 15:40:09.623,2025-09-08 15:40:09.623
5007,190,29,3,2025-09-08 15:40:09.632,2025-09-08 15:40:09.632
5008,191,29,7,2025-09-08 15:40:09.64,2025-09-08 15:40:09.64
5009,192,29,5,2025-09-08 15:40:09.648,2025-09-08 15:40:09.648
5010,193,29,4,2025-09-08 15:40:09.662,2025-09-08 15:40:09.662
5011,194,29,4,2025-09-08 15:40:09.67,2025-09-08 15:40:09.67
5012,195,29,6,2025-09-08 15:40:09.677,2025-09-08 15:40:09.677
5013,196,29,5,2025-09-08 15:40:09.685,2025-09-08 15:40:09.685
5014,197,29,6,2025-09-08 15:40:09.693,2025-09-08 15:40:09.693
5015,198,29,5,2025-09-08 15:40:09.7,2025-09-08 15:40:09.7
5016,199,29,4,2025-09-08 15:40:09.708,2025-09-08 15:40:09.708
5017,200,29,5,2025-09-08 15:40:09.715,2025-09-08 15:40:09.715
5018,201,29,4,2025-09-08 15:40:09.723,2025-09-08 15:40:09.723
5019,202,29,7,2025-09-08 15:40:09.731,2025-09-08 15:40:09.731
5020,203,29,5,2025-09-08 15:40:09.74,2025-09-08 15:40:09.74
5021,204,29,7,2025-09-08 15:40:09.749,2025-09-08 15:40:09.749
5022,205,29,2,2025-09-08 15:40:09.758,2025-09-08 15:40:09.758
5023,206,29,6,2025-09-08 15:40:09.767,2025-09-08 15:40:09.767
5024,207,29,6,2025-09-08 15:40:09.776,2025-09-08 15:40:09.776
5025,208,29,6,2025-09-08 15:40:09.785,2025-09-08 15:40:09.785
5026,209,29,5,2025-09-08 15:40:09.792,2025-09-08 15:40:09.792
5027,210,29,5,2025-09-08 15:40:09.8,2025-09-08 15:40:09.8
5028,211,29,7,2025-09-08 15:40:09.807,2025-09-08 15:40:09.807
5029,212,29,5,2025-09-08 15:40:09.814,2025-09-08 15:40:09.814
5030,213,29,1,2025-09-08 15:40:09.823,2025-09-08 15:40:09.823
5031,214,29,5,2025-09-08 15:40:09.831,2025-09-08 15:40:09.831
5032,215,29,4,2025-09-08 15:40:09.841,2025-09-08 15:40:09.841
5033,216,29,6,2025-09-08 15:40:09.855,2025-09-08 15:40:09.855
5034,217,29,5,2025-09-08 15:40:09.864,2025-09-08 15:40:09.864
5035,218,29,5,2025-09-08 15:40:09.871,2025-09-08 15:40:09.871
5036,219,29,6,2025-09-08 15:40:09.877,2025-09-08 15:40:09.877
5037,220,29,4,2025-09-08 15:40:09.883,2025-09-08 15:40:09.883
5038,221,29,4,2025-09-08 15:40:09.89,2025-09-08 15:40:09.89
5039,222,29,4,2025-09-08 15:40:09.898,2025-09-08 15:40:09.898
5040,223,29,5,2025-09-08 15:40:09.907,2025-09-08 15:40:09.907
5041,224,29,4,2025-09-08 15:40:09.916,2025-09-08 15:40:09.916
5042,225,29,5,2025-09-08 15:40:09.923,2025-09-08 15:40:09.923
5043,226,29,5,2025-09-08 15:40:09.93,2025-09-08 15:40:09.93
5044,227,29,5,2025-09-08 15:40:09.938,2025-09-08 15:40:09.938
5045,228,29,5,2025-09-08 15:40:09.945,2025-09-08 15:40:09.945
5046,229,29,6,2025-09-08 15:40:09.954,2025-09-08 15:40:09.954
5047,230,29,5,2025-09-08 15:40:09.961,2025-09-08 15:40:09.961
5048,231,29,5,2025-09-08 15:40:09.968,2025-09-08 15:40:09.968
5049,232,29,6,2025-09-08 15:40:09.975,2025-09-08 15:40:09.975
5050,233,29,6,2025-09-08 15:40:09.982,2025-09-08 15:40:09.982
5051,234,29,4,2025-09-08 15:40:09.99,2025-09-08 15:40:09.99
5052,235,29,6,2025-09-08 15:40:10.002,2025-09-08 15:40:10.002
5053,236,29,7,2025-09-08 15:40:10.009,2025-09-08 15:40:10.009
5054,237,29,6,2025-09-08 15:40:10.015,2025-09-08 15:40:10.015
5055,238,29,5,2025-09-08 15:40:10.025,2025-09-08 15:40:10.025
5056,239,29,5,2025-09-08 15:40:10.031,2025-09-08 15:40:10.031
5057,240,29,6,2025-09-08 15:40:10.038,2025-09-08 15:40:10.038
5058,241,29,5,2025-09-08 15:40:10.043,2025-09-08 15:40:10.043
5059,242,29,5,2025-09-08 15:40:10.05,2025-09-08 15:40:10.05
5060,243,29,5,2025-09-08 15:40:10.055,2025-09-08 15:40:10.055
5061,244,29,7,2025-09-08 15:40:10.061,2025-09-08 15:40:10.061
5062,245,29,5,2025-09-08 15:40:10.069,2025-09-08 15:40:10.069
5063,246,29,5,2025-09-08 15:40:10.075,2025-09-08 15:40:10.075
5064,247,29,7,2025-09-08 15:40:10.083,2025-09-08 15:40:10.083
5065,248,29,4,2025-09-08 15:40:10.091,2025-09-08 15:40:10.091
5066,249,29,6,2025-09-08 15:40:10.097,2025-09-08 15:40:10.097
5067,250,29,7,2025-09-08 15:40:10.106,2025-09-08 15:40:10.106
5068,251,29,6,2025-09-08 15:40:10.116,2025-09-08 15:40:10.116
5069,252,29,4,2025-09-08 15:40:10.125,2025-09-08 15:40:10.125
5070,253,29,5,2025-09-08 15:40:10.134,2025-09-08 15:40:10.134
5071,254,29,7,2025-09-08 15:40:10.141,2025-09-08 15:40:10.141
5072,255,29,5,2025-09-08 15:40:10.149,2025-09-08 15:40:10.149
5073,256,29,5,2025-09-08 15:40:10.157,2025-09-08 15:40:10.157
5074,257,29,7,2025-09-08 15:40:10.166,2025-09-08 15:40:10.166
5075,258,29,4,2025-09-08 15:40:10.174,2025-09-08 15:40:10.174
5076,259,29,4,2025-09-08 15:40:10.182,2025-09-08 15:40:10.182
5077,260,29,5,2025-09-08 15:40:10.191,2025-09-08 15:40:10.191
5078,261,29,4,2025-09-08 15:40:10.198,2025-09-08 15:40:10.198
5079,262,29,6,2025-09-08 15:40:10.207,2025-09-08 15:40:10.207
5080,263,29,6,2025-09-08 15:40:10.213,2025-09-08 15:40:10.213
5081,264,29,4,2025-09-08 15:40:10.222,2025-09-08 15:40:10.222
5082,265,29,4,2025-09-08 15:40:10.228,2025-09-08 15:40:10.228
5083,266,29,4,2025-09-08 15:40:10.236,2025-09-08 15:40:10.236
5084,267,29,4,2025-09-08 15:40:10.243,2025-09-08 15:40:10.243
5085,268,29,5,2025-09-08 15:40:10.251,2025-09-08 15:40:10.251
5086,269,29,4,2025-09-08 15:40:10.259,2025-09-08 15:40:10.259
5087,270,29,4,2025-09-08 15:40:10.266,2025-09-08 15:40:10.266
5088,271,29,3,2025-09-08 15:40:10.272,2025-09-08 15:40:10.272
5089,272,29,6,2025-09-08 15:40:10.278,2025-09-08 15:40:10.278
5090,273,29,4,2025-09-08 15:40:10.286,2025-09-08 15:40:10.286
5091,274,29,4,2025-09-08 15:40:10.295,2025-09-08 15:40:10.295
5092,275,29,4,2025-09-08 15:40:10.302,2025-09-08 15:40:10.302
5093,276,29,6,2025-09-08 15:40:10.309,2025-09-08 15:40:10.309
5094,277,29,4,2025-09-08 15:40:10.316,2025-09-08 15:40:10.316
5095,278,29,4,2025-09-08 15:40:10.325,2025-09-08 15:40:10.325
5096,279,29,2,2025-09-08 15:40:10.335,2025-09-08 15:40:10.335
5097,280,29,5,2025-09-08 15:40:10.343,2025-09-08 15:40:10.343
5098,281,29,6,2025-09-08 15:40:10.35,2025-09-08 15:40:10.35
5099,282,29,5,2025-09-08 15:40:10.358,2025-09-08 15:40:10.358
5100,283,29,7,2025-09-08 15:40:10.366,2025-09-08 15:40:10.366
5101,284,29,5,2025-09-08 15:40:10.375,2025-09-08 15:40:10.375
5102,285,29,4,2025-09-08 15:40:10.383,2025-09-08 15:40:10.383
5103,286,29,7,2025-09-08 15:40:10.391,2025-09-08 15:40:10.391
5104,287,29,5,2025-09-08 15:40:10.398,2025-09-08 15:40:10.398
5105,288,29,6,2025-09-08 15:40:10.405,2025-09-08 15:40:10.405
5106,289,29,6,2025-09-08 15:40:10.412,2025-09-08 15:40:10.412
5107,290,29,4,2025-09-08 15:40:10.42,2025-09-08 15:40:10.42
5108,291,29,5,2025-09-08 15:40:10.429,2025-09-08 15:40:10.429
5109,292,29,4,2025-09-08 15:40:10.437,2025-09-08 15:40:10.437
5110,293,29,6,2025-09-08 15:40:10.445,2025-09-08 15:40:10.445
5111,294,29,5,2025-09-08 15:40:10.453,2025-09-08 15:40:10.453
5112,295,29,4,2025-09-08 15:40:10.46,2025-09-08 15:40:10.46
5113,296,29,5,2025-09-08 15:40:10.468,2025-09-08 15:40:10.468
5114,297,29,6,2025-09-08 15:40:10.475,2025-09-08 15:40:10.475
5115,298,29,5,2025-09-08 15:40:10.481,2025-09-08 15:40:10.481
5116,299,29,7,2025-09-08 15:40:10.488,2025-09-08 15:40:10.488
5117,300,29,4,2025-09-08 15:40:10.495,2025-09-08 15:40:10.495
5118,301,29,6,2025-09-08 15:40:10.502,2025-09-08 15:40:10.502
5119,302,29,7,2025-09-08 15:40:10.508,2025-09-08 15:40:10.508
5120,303,29,5,2025-09-08 15:40:10.514,2025-09-08 15:40:10.514
5121,304,29,7,2025-09-08 15:40:10.522,2025-09-08 15:40:10.522
5122,305,29,5,2025-09-08 15:40:10.531,2025-09-08 15:40:10.531
5123,306,29,4,2025-09-08 15:40:10.54,2025-09-08 15:40:10.54
5124,307,29,4,2025-09-08 15:40:10.548,2025-09-08 15:40:10.548
5125,308,29,6,2025-09-08 15:40:10.557,2025-09-08 15:40:10.557
5126,309,29,6,2025-09-08 15:40:10.565,2025-09-08 15:40:10.565
5127,310,29,5,2025-09-08 15:40:10.577,2025-09-08 15:40:10.577
5128,311,29,5,2025-09-08 15:40:10.585,2025-09-08 15:40:10.585
5129,312,29,5,2025-09-08 15:40:10.594,2025-09-08 15:40:10.594
5130,313,29,5,2025-09-08 15:40:10.601,2025-09-08 15:40:10.601
5131,314,29,4,2025-09-08 15:40:10.609,2025-09-08 15:40:10.609
5132,315,29,6,2025-09-08 15:40:10.616,2025-09-08 15:40:10.616
5133,316,29,7,2025-09-08 15:40:10.623,2025-09-08 15:40:10.623
5134,317,29,5,2025-09-08 15:40:10.629,2025-09-08 15:40:10.629
5135,318,29,6,2025-09-08 15:40:10.636,2025-09-08 15:40:10.636
5136,319,29,4,2025-09-08 15:40:10.642,2025-09-08 15:40:10.642
5137,320,29,6,2025-09-08 15:40:10.648,2025-09-08 15:40:10.648
5138,321,29,6,2025-09-08 15:40:10.657,2025-09-08 15:40:10.657
5139,322,29,6,2025-09-08 15:40:10.663,2025-09-08 15:40:10.663
5140,323,29,5,2025-09-08 15:40:10.67,2025-09-08 15:40:10.67
5141,324,29,4,2025-09-08 15:40:10.677,2025-09-08 15:40:10.677
5142,325,29,5,2025-09-08 15:40:10.683,2025-09-08 15:40:10.683
5143,326,29,4,2025-09-08 15:40:10.69,2025-09-08 15:40:10.69
5144,327,29,4,2025-09-08 15:40:10.696,2025-09-08 15:40:10.696
5145,328,29,4,2025-09-08 15:40:10.706,2025-09-08 15:40:10.706
5146,329,29,6,2025-09-08 15:40:10.712,2025-09-08 15:40:10.712
5147,330,29,4,2025-09-08 15:40:10.719,2025-09-08 15:40:10.719
5148,331,29,3,2025-09-08 15:40:10.726,2025-09-08 15:40:10.726
5149,332,29,5,2025-09-08 15:40:10.734,2025-09-08 15:40:10.734
5150,333,29,4,2025-09-08 15:40:10.741,2025-09-08 15:40:10.741
5151,334,29,6,2025-09-08 15:40:10.748,2025-09-08 15:40:10.748
5152,335,29,4,2025-09-08 15:40:10.757,2025-09-08 15:40:10.757
5153,336,29,5,2025-09-08 15:40:10.764,2025-09-08 15:40:10.764
5154,337,29,5,2025-09-08 15:40:10.77,2025-09-08 15:40:10.77
5155,338,29,6,2025-09-08 15:40:10.778,2025-09-08 15:40:10.778
5156,339,29,6,2025-09-08 15:40:10.784,2025-09-08 15:40:10.784
5157,340,29,6,2025-09-08 15:40:10.79,2025-09-08 15:40:10.79
5158,341,29,6,2025-09-08 15:40:10.796,2025-09-08 15:40:10.796
5159,342,29,7,2025-09-08 15:40:10.803,2025-09-08 15:40:10.803
5160,343,29,5,2025-09-08 15:40:10.809,2025-09-08 15:40:10.809
5161,344,29,4,2025-09-08 15:40:10.815,2025-09-08 15:40:10.815
5162,345,29,6,2025-09-08 15:40:10.821,2025-09-08 15:40:10.821
5163,346,29,6,2025-09-08 15:40:10.827,2025-09-08 15:40:10.827
5164,347,29,4,2025-09-08 15:40:10.834,2025-09-08 15:40:10.834
5165,348,29,5,2025-09-08 15:40:10.842,2025-09-08 15:40:10.842
5166,349,29,4,2025-09-08 15:40:10.848,2025-09-08 15:40:10.848
5167,350,29,5,2025-09-08 15:40:10.853,2025-09-08 15:40:10.853
5168,351,29,4,2025-09-08 15:40:10.859,2025-09-08 15:40:10.859
5169,352,29,4,2025-09-08 15:40:10.865,2025-09-08 15:40:10.865
5170,353,29,5,2025-09-08 15:40:10.871,2025-09-08 15:40:10.871
5171,354,29,6,2025-09-08 15:40:10.876,2025-09-08 15:40:10.876
5172,355,29,2,2025-09-08 15:40:10.881,2025-09-08 15:40:10.881
5173,356,29,4,2025-09-08 15:40:10.886,2025-09-08 15:40:10.886
5174,357,29,6,2025-09-08 15:40:10.892,2025-09-08 15:40:10.892
5175,358,29,4,2025-09-08 15:40:10.897,2025-09-08 15:40:10.897
5176,359,29,6,2025-09-08 15:40:10.902,2025-09-08 15:40:10.902
5177,360,29,5,2025-09-08 15:40:10.908,2025-09-08 15:40:10.908
5178,361,29,5,2025-09-08 15:40:10.913,2025-09-08 15:40:10.913
5179,362,29,4,2025-09-08 15:40:10.919,2025-09-08 15:40:10.919
5180,363,29,4,2025-09-08 15:40:10.926,2025-09-08 15:40:10.926
5181,364,29,5,2025-09-08 15:40:10.933,2025-09-08 15:40:10.933
5182,365,29,5,2025-09-08 15:40:10.94,2025-09-08 15:40:10.94
5183,366,29,6,2025-09-08 15:40:10.947,2025-09-08 15:40:10.947
5184,367,29,3,2025-09-08 15:40:10.952,2025-09-08 15:40:10.952
5185,368,29,4,2025-09-08 15:40:10.96,2025-09-08 15:40:10.96
5186,369,29,4,2025-09-08 15:40:10.966,2025-09-08 15:40:10.966
5187,9,28,6,2025-09-08 15:40:10.972,2025-09-08 15:40:10.972
5188,10,28,3,2025-09-08 15:40:10.979,2025-09-08 15:40:10.979
5189,11,28,5,2025-09-08 15:40:10.984,2025-09-08 15:40:10.984
5190,12,28,3,2025-09-08 15:40:10.992,2025-09-08 15:40:10.992
5191,13,28,5,2025-09-08 15:40:10.999,2025-09-08 15:40:10.999
5192,14,28,4,2025-09-08 15:40:11.005,2025-09-08 15:40:11.005
5193,15,28,5,2025-09-08 15:40:11.011,2025-09-08 15:40:11.011
5194,16,28,5,2025-09-08 15:40:11.018,2025-09-08 15:40:11.018
5195,17,28,4,2025-09-08 15:40:11.039,2025-09-08 15:40:11.039
5196,18,28,4,2025-09-08 15:40:11.055,2025-09-08 15:40:11.055
5197,19,28,5,2025-09-08 15:40:11.062,2025-09-08 15:40:11.062
5198,20,28,4,2025-09-08 15:40:11.067,2025-09-08 15:40:11.067
5199,21,28,5,2025-09-08 15:40:11.082,2025-09-08 15:40:11.082
5200,22,28,5,2025-09-08 15:40:11.09,2025-09-08 15:40:11.09
5201,23,28,5,2025-09-08 15:40:11.097,2025-09-08 15:40:11.097
5202,24,28,4,2025-09-08 15:40:11.104,2025-09-08 15:40:11.104
5203,25,28,4,2025-09-08 15:40:11.111,2025-09-08 15:40:11.111
5204,26,28,6,2025-09-08 15:40:11.117,2025-09-08 15:40:11.117
5205,27,28,4,2025-09-08 15:40:11.125,2025-09-08 15:40:11.125
5206,28,28,4,2025-09-08 15:40:11.132,2025-09-08 15:40:11.132
5207,29,28,4,2025-09-08 15:40:11.139,2025-09-08 15:40:11.139
5208,30,28,6,2025-09-08 15:40:11.145,2025-09-08 15:40:11.145
5209,31,28,4,2025-09-08 15:40:11.15,2025-09-08 15:40:11.15
5210,32,28,5,2025-09-08 15:40:11.156,2025-09-08 15:40:11.156
5211,33,28,5,2025-09-08 15:40:11.163,2025-09-08 15:40:11.163
5212,34,28,4,2025-09-08 15:40:11.168,2025-09-08 15:40:11.168
5213,35,28,5,2025-09-08 15:40:11.174,2025-09-08 15:40:11.174
5214,36,28,4,2025-09-08 15:40:11.181,2025-09-08 15:40:11.181
5215,37,28,6,2025-09-08 15:40:11.187,2025-09-08 15:40:11.187
5216,38,28,5,2025-09-08 15:40:11.194,2025-09-08 15:40:11.194
5217,39,28,4,2025-09-08 15:40:11.199,2025-09-08 15:40:11.199
5218,40,28,6,2025-09-08 15:40:11.205,2025-09-08 15:40:11.205
5219,41,28,4,2025-09-08 15:40:11.212,2025-09-08 15:40:11.212
5220,42,28,6,2025-09-08 15:40:11.217,2025-09-08 15:40:11.217
5221,43,28,4,2025-09-08 15:40:11.222,2025-09-08 15:40:11.222
5222,44,28,6,2025-09-08 15:40:11.227,2025-09-08 15:40:11.227
5223,45,28,7,2025-09-08 15:40:11.232,2025-09-08 15:40:11.232
5224,46,28,5,2025-09-08 15:40:11.241,2025-09-08 15:40:11.241
5225,47,28,6,2025-09-08 15:40:11.248,2025-09-08 15:40:11.248
5226,48,28,4,2025-09-08 15:40:11.256,2025-09-08 15:40:11.256
5227,49,28,7,2025-09-08 15:40:11.262,2025-09-08 15:40:11.262
5228,50,28,6,2025-09-08 15:40:11.269,2025-09-08 15:40:11.269
5229,51,28,3,2025-09-08 15:40:11.277,2025-09-08 15:40:11.277
5230,52,28,6,2025-09-08 15:40:11.284,2025-09-08 15:40:11.284
5231,53,28,7,2025-09-08 15:40:11.294,2025-09-08 15:40:11.294
5232,54,28,6,2025-09-08 15:40:11.3,2025-09-08 15:40:11.3
5233,55,28,4,2025-09-08 15:40:11.307,2025-09-08 15:40:11.307
5234,56,28,4,2025-09-08 15:40:11.314,2025-09-08 15:40:11.314
5235,57,28,6,2025-09-08 15:40:11.322,2025-09-08 15:40:11.322
5236,58,28,5,2025-09-08 15:40:11.329,2025-09-08 15:40:11.329
5237,59,28,4,2025-09-08 15:40:11.336,2025-09-08 15:40:11.336
5238,60,28,5,2025-09-08 15:40:11.342,2025-09-08 15:40:11.342
5239,61,28,5,2025-09-08 15:40:11.347,2025-09-08 15:40:11.347
5240,62,28,7,2025-09-08 15:40:11.352,2025-09-08 15:40:11.352
5241,63,28,5,2025-09-08 15:40:11.36,2025-09-08 15:40:11.36
5242,64,28,4,2025-09-08 15:40:11.367,2025-09-08 15:40:11.367
5243,65,28,4,2025-09-08 15:40:11.374,2025-09-08 15:40:11.374
5244,66,28,6,2025-09-08 15:40:11.381,2025-09-08 15:40:11.381
5245,67,28,6,2025-09-08 15:40:11.387,2025-09-08 15:40:11.387
5246,68,28,6,2025-09-08 15:40:11.396,2025-09-08 15:40:11.396
5247,69,28,5,2025-09-08 15:40:11.401,2025-09-08 15:40:11.401
5248,70,28,4,2025-09-08 15:40:11.407,2025-09-08 15:40:11.407
5249,71,28,5,2025-09-08 15:40:11.414,2025-09-08 15:40:11.414
5250,72,28,6,2025-09-08 15:40:11.422,2025-09-08 15:40:11.422
5251,73,28,7,2025-09-08 15:40:11.429,2025-09-08 15:40:11.429
5252,74,28,2,2025-09-08 15:40:11.435,2025-09-08 15:40:11.435
5253,75,28,3,2025-09-08 15:40:11.454,2025-09-08 15:40:11.454
5254,76,28,5,2025-09-08 15:40:11.46,2025-09-08 15:40:11.46
5255,77,28,6,2025-09-08 15:40:11.466,2025-09-08 15:40:11.466
5256,78,28,6,2025-09-08 15:40:11.472,2025-09-08 15:40:11.472
5257,79,28,4,2025-09-08 15:40:11.479,2025-09-08 15:40:11.479
5258,80,28,6,2025-09-08 15:40:11.485,2025-09-08 15:40:11.485
5259,81,28,5,2025-09-08 15:40:11.492,2025-09-08 15:40:11.492
5260,82,28,6,2025-09-08 15:40:11.499,2025-09-08 15:40:11.499
5261,83,28,4,2025-09-08 15:40:11.506,2025-09-08 15:40:11.506
5262,84,28,5,2025-09-08 15:40:11.524,2025-09-08 15:40:11.524
5263,85,28,6,2025-09-08 15:40:11.531,2025-09-08 15:40:11.531
5264,86,28,7,2025-09-08 15:40:11.539,2025-09-08 15:40:11.539
5265,87,28,4,2025-09-08 15:40:11.547,2025-09-08 15:40:11.547
5266,88,28,6,2025-09-08 15:40:11.555,2025-09-08 15:40:11.555
5267,89,28,5,2025-09-08 15:40:11.563,2025-09-08 15:40:11.563
5268,90,28,4,2025-09-08 15:40:11.571,2025-09-08 15:40:11.571
5269,91,28,5,2025-09-08 15:40:11.579,2025-09-08 15:40:11.579
5270,92,28,5,2025-09-08 15:40:11.587,2025-09-08 15:40:11.587
5271,93,28,6,2025-09-08 15:40:11.594,2025-09-08 15:40:11.594
5272,94,28,6,2025-09-08 15:40:11.601,2025-09-08 15:40:11.601
5273,95,28,4,2025-09-08 15:40:11.608,2025-09-08 15:40:11.608
5274,96,28,6,2025-09-08 15:40:11.616,2025-09-08 15:40:11.616
5275,97,28,4,2025-09-08 15:40:11.622,2025-09-08 15:40:11.622
5276,98,28,5,2025-09-08 15:40:11.629,2025-09-08 15:40:11.629
5277,99,28,4,2025-09-08 15:40:11.635,2025-09-08 15:40:11.635
5278,100,28,5,2025-09-08 15:40:11.64,2025-09-08 15:40:11.64
5279,101,28,6,2025-09-08 15:40:11.646,2025-09-08 15:40:11.646
5280,102,28,4,2025-09-08 15:40:11.651,2025-09-08 15:40:11.651
5281,103,28,5,2025-09-08 15:40:11.657,2025-09-08 15:40:11.657
5282,104,28,7,2025-09-08 15:40:11.664,2025-09-08 15:40:11.664
5283,105,28,4,2025-09-08 15:40:11.671,2025-09-08 15:40:11.671
5284,106,28,7,2025-09-08 15:40:11.679,2025-09-08 15:40:11.679
5285,107,28,5,2025-09-08 15:40:11.684,2025-09-08 15:40:11.684
5286,108,28,5,2025-09-08 15:40:11.69,2025-09-08 15:40:11.69
5287,109,28,5,2025-09-08 15:40:11.696,2025-09-08 15:40:11.696
5288,110,28,5,2025-09-08 15:40:11.702,2025-09-08 15:40:11.702
5289,111,28,6,2025-09-08 15:40:11.708,2025-09-08 15:40:11.708
5290,112,28,5,2025-09-08 15:40:11.715,2025-09-08 15:40:11.715
5291,113,28,3,2025-09-08 15:40:11.721,2025-09-08 15:40:11.721
5292,114,28,4,2025-09-08 15:40:11.727,2025-09-08 15:40:11.727
5293,115,28,1,2025-09-08 15:40:11.734,2025-09-08 15:40:11.734
5294,116,28,6,2025-09-08 15:40:11.739,2025-09-08 15:40:11.739
5295,117,28,5,2025-09-08 15:40:11.746,2025-09-08 15:40:11.746
5296,118,28,6,2025-09-08 15:40:11.753,2025-09-08 15:40:11.753
5297,119,28,5,2025-09-08 15:40:11.761,2025-09-08 15:40:11.761
5298,120,28,4,2025-09-08 15:40:11.769,2025-09-08 15:40:11.769
5299,121,28,4,2025-09-08 15:40:11.777,2025-09-08 15:40:11.777
5300,122,28,5,2025-09-08 15:40:11.786,2025-09-08 15:40:11.786
5301,123,28,6,2025-09-08 15:40:11.795,2025-09-08 15:40:11.795
5302,124,28,6,2025-09-08 15:40:11.803,2025-09-08 15:40:11.803
5303,125,28,7,2025-09-08 15:40:11.812,2025-09-08 15:40:11.812
5304,126,28,4,2025-09-08 15:40:11.821,2025-09-08 15:40:11.821
5305,127,28,4,2025-09-08 15:40:11.829,2025-09-08 15:40:11.829
5306,128,28,5,2025-09-08 15:40:11.838,2025-09-08 15:40:11.838
5307,129,28,5,2025-09-08 15:40:11.845,2025-09-08 15:40:11.845
5308,130,28,6,2025-09-08 15:40:11.851,2025-09-08 15:40:11.851
5309,131,28,4,2025-09-08 15:40:11.858,2025-09-08 15:40:11.858
5310,132,28,4,2025-09-08 15:40:11.866,2025-09-08 15:40:11.866
5311,133,28,4,2025-09-08 15:40:11.874,2025-09-08 15:40:11.874
5312,134,28,7,2025-09-08 15:40:11.882,2025-09-08 15:40:11.882
5313,135,28,5,2025-09-08 15:40:11.89,2025-09-08 15:40:11.89
5314,136,28,5,2025-09-08 15:40:11.898,2025-09-08 15:40:11.898
5315,137,28,6,2025-09-08 15:40:11.906,2025-09-08 15:40:11.906
5316,138,28,3,2025-09-08 15:40:11.915,2025-09-08 15:40:11.915
5317,139,28,4,2025-09-08 15:40:11.923,2025-09-08 15:40:11.923
5318,140,28,5,2025-09-08 15:40:11.931,2025-09-08 15:40:11.931
5319,141,28,5,2025-09-08 15:40:11.938,2025-09-08 15:40:11.938
5320,142,28,5,2025-09-08 15:40:11.946,2025-09-08 15:40:11.946
5321,143,28,4,2025-09-08 15:40:11.953,2025-09-08 15:40:11.953
5322,144,28,4,2025-09-08 15:40:11.96,2025-09-08 15:40:11.96
5323,145,28,6,2025-09-08 15:40:11.968,2025-09-08 15:40:11.968
5324,146,28,4,2025-09-08 15:40:11.975,2025-09-08 15:40:11.975
5325,147,28,5,2025-09-08 15:40:11.983,2025-09-08 15:40:11.983
5326,148,28,6,2025-09-08 15:40:11.989,2025-09-08 15:40:11.989
5327,149,28,4,2025-09-08 15:40:11.996,2025-09-08 15:40:11.996
5328,150,28,7,2025-09-08 15:40:12.003,2025-09-08 15:40:12.003
5329,151,28,6,2025-09-08 15:40:12.009,2025-09-08 15:40:12.009
5330,152,28,3,2025-09-08 15:40:12.017,2025-09-08 15:40:12.017
5331,153,28,4,2025-09-08 15:40:12.023,2025-09-08 15:40:12.023
5332,154,28,4,2025-09-08 15:40:12.032,2025-09-08 15:40:12.032
5333,155,28,6,2025-09-08 15:40:12.039,2025-09-08 15:40:12.039
5334,156,28,4,2025-09-08 15:40:12.047,2025-09-08 15:40:12.047
5335,157,28,6,2025-09-08 15:40:12.053,2025-09-08 15:40:12.053
5336,158,28,4,2025-09-08 15:40:12.059,2025-09-08 15:40:12.059
5337,159,28,7,2025-09-08 15:40:12.067,2025-09-08 15:40:12.067
5338,160,28,6,2025-09-08 15:40:12.074,2025-09-08 15:40:12.074
5339,161,28,6,2025-09-08 15:40:12.082,2025-09-08 15:40:12.082
5340,162,28,6,2025-09-08 15:40:12.089,2025-09-08 15:40:12.089
5341,163,28,2,2025-09-08 15:40:12.096,2025-09-08 15:40:12.096
5342,164,28,5,2025-09-08 15:40:12.105,2025-09-08 15:40:12.105
5343,165,28,6,2025-09-08 15:40:12.112,2025-09-08 15:40:12.112
5344,166,28,4,2025-09-08 15:40:12.118,2025-09-08 15:40:12.118
5345,167,28,4,2025-09-08 15:40:12.125,2025-09-08 15:40:12.125
5346,168,28,7,2025-09-08 15:40:12.132,2025-09-08 15:40:12.132
5347,169,28,3,2025-09-08 15:40:12.14,2025-09-08 15:40:12.14
5348,170,28,7,2025-09-08 15:40:12.148,2025-09-08 15:40:12.148
5349,171,28,4,2025-09-08 15:40:12.154,2025-09-08 15:40:12.154
5350,172,28,2,2025-09-08 15:40:12.161,2025-09-08 15:40:12.161
5351,173,28,4,2025-09-08 15:40:12.169,2025-09-08 15:40:12.169
5352,174,28,4,2025-09-08 15:40:12.175,2025-09-08 15:40:12.175
5353,175,28,4,2025-09-08 15:40:12.182,2025-09-08 15:40:12.182
5354,176,28,6,2025-09-08 15:40:12.189,2025-09-08 15:40:12.189
5355,177,28,5,2025-09-08 15:40:12.197,2025-09-08 15:40:12.197
5356,178,28,5,2025-09-08 15:40:12.205,2025-09-08 15:40:12.205
5357,179,28,4,2025-09-08 15:40:12.212,2025-09-08 15:40:12.212
5358,180,28,6,2025-09-08 15:40:12.22,2025-09-08 15:40:12.22
5359,181,28,7,2025-09-08 15:40:12.227,2025-09-08 15:40:12.227
5360,182,28,4,2025-09-08 15:40:12.235,2025-09-08 15:40:12.235
5361,183,28,6,2025-09-08 15:40:12.24,2025-09-08 15:40:12.24
5362,184,28,6,2025-09-08 15:40:12.247,2025-09-08 15:40:12.247
5363,185,28,5,2025-09-08 15:40:12.254,2025-09-08 15:40:12.254
5364,186,28,6,2025-09-08 15:40:12.262,2025-09-08 15:40:12.262
5365,187,28,6,2025-09-08 15:40:12.27,2025-09-08 15:40:12.27
5366,188,28,5,2025-09-08 15:40:12.277,2025-09-08 15:40:12.277
5367,189,28,5,2025-09-08 15:40:12.283,2025-09-08 15:40:12.283
5368,190,28,3,2025-09-08 15:40:12.289,2025-09-08 15:40:12.289
5369,191,28,7,2025-09-08 15:40:12.296,2025-09-08 15:40:12.296
5370,192,28,5,2025-09-08 15:40:12.303,2025-09-08 15:40:12.303
5371,193,28,4,2025-09-08 15:40:12.309,2025-09-08 15:40:12.309
5372,194,28,4,2025-09-08 15:40:12.317,2025-09-08 15:40:12.317
5373,195,28,5,2025-09-08 15:40:12.323,2025-09-08 15:40:12.323
5374,196,28,4,2025-09-08 15:40:12.329,2025-09-08 15:40:12.329
5375,197,28,5,2025-09-08 15:40:12.337,2025-09-08 15:40:12.337
5376,198,28,5,2025-09-08 15:40:12.345,2025-09-08 15:40:12.345
5377,199,28,4,2025-09-08 15:40:12.353,2025-09-08 15:40:12.353
5378,200,28,5,2025-09-08 15:40:12.361,2025-09-08 15:40:12.361
5379,201,28,5,2025-09-08 15:40:12.368,2025-09-08 15:40:12.368
5380,202,28,5,2025-09-08 15:40:12.375,2025-09-08 15:40:12.375
5381,203,28,5,2025-09-08 15:40:12.383,2025-09-08 15:40:12.383
5382,204,28,7,2025-09-08 15:40:12.393,2025-09-08 15:40:12.393
5383,205,28,2,2025-09-08 15:40:12.405,2025-09-08 15:40:12.405
5384,206,28,6,2025-09-08 15:40:12.413,2025-09-08 15:40:12.413
5385,207,28,4,2025-09-08 15:40:12.421,2025-09-08 15:40:12.421
5386,208,28,6,2025-09-08 15:40:12.429,2025-09-08 15:40:12.429
5387,209,28,6,2025-09-08 15:40:12.436,2025-09-08 15:40:12.436
5388,210,28,4,2025-09-08 15:40:12.442,2025-09-08 15:40:12.442
5389,211,28,7,2025-09-08 15:40:12.449,2025-09-08 15:40:12.449
5390,212,28,5,2025-09-08 15:40:12.455,2025-09-08 15:40:12.455
5391,213,28,2,2025-09-08 15:40:12.462,2025-09-08 15:40:12.462
5392,214,28,5,2025-09-08 15:40:12.468,2025-09-08 15:40:12.468
5393,215,28,4,2025-09-08 15:40:12.474,2025-09-08 15:40:12.474
5394,216,28,6,2025-09-08 15:40:12.481,2025-09-08 15:40:12.481
5395,217,28,5,2025-09-08 15:40:12.487,2025-09-08 15:40:12.487
5396,218,28,4,2025-09-08 15:40:12.493,2025-09-08 15:40:12.493
5397,219,28,6,2025-09-08 15:40:12.501,2025-09-08 15:40:12.501
5398,220,28,4,2025-09-08 15:40:12.512,2025-09-08 15:40:12.512
5399,221,28,4,2025-09-08 15:40:12.52,2025-09-08 15:40:12.52
5400,222,28,5,2025-09-08 15:40:12.528,2025-09-08 15:40:12.528
5401,223,28,5,2025-09-08 15:40:12.536,2025-09-08 15:40:12.536
5402,224,28,4,2025-09-08 15:40:12.544,2025-09-08 15:40:12.544
5403,225,28,6,2025-09-08 15:40:12.552,2025-09-08 15:40:12.552
5404,226,28,4,2025-09-08 15:40:12.56,2025-09-08 15:40:12.56
5405,227,28,5,2025-09-08 15:40:12.567,2025-09-08 15:40:12.567
5406,228,28,4,2025-09-08 15:40:12.575,2025-09-08 15:40:12.575
5407,229,28,6,2025-09-08 15:40:12.584,2025-09-08 15:40:12.584
5408,230,28,6,2025-09-08 15:40:12.592,2025-09-08 15:40:12.592
5409,231,28,5,2025-09-08 15:40:12.6,2025-09-08 15:40:12.6
5410,232,28,6,2025-09-08 15:40:12.609,2025-09-08 15:40:12.609
5411,233,28,5,2025-09-08 15:40:12.618,2025-09-08 15:40:12.618
5412,234,28,5,2025-09-08 15:40:12.626,2025-09-08 15:40:12.626
5413,235,28,6,2025-09-08 15:40:12.635,2025-09-08 15:40:12.635
5414,236,28,7,2025-09-08 15:40:12.643,2025-09-08 15:40:12.643
5415,237,28,6,2025-09-08 15:40:12.65,2025-09-08 15:40:12.65
5416,238,28,5,2025-09-08 15:40:12.658,2025-09-08 15:40:12.658
5417,239,28,5,2025-09-08 15:40:12.665,2025-09-08 15:40:12.665
5418,240,28,6,2025-09-08 15:40:12.674,2025-09-08 15:40:12.674
5419,241,28,6,2025-09-08 15:40:12.681,2025-09-08 15:40:12.681
5420,242,28,5,2025-09-08 15:40:12.689,2025-09-08 15:40:12.689
5421,243,28,5,2025-09-08 15:40:12.695,2025-09-08 15:40:12.695
5422,244,28,6,2025-09-08 15:40:12.703,2025-09-08 15:40:12.703
5423,245,28,5,2025-09-08 15:40:12.71,2025-09-08 15:40:12.71
5424,246,28,4,2025-09-08 15:40:12.718,2025-09-08 15:40:12.718
5425,247,28,7,2025-09-08 15:40:12.725,2025-09-08 15:40:12.725
5426,248,28,4,2025-09-08 15:40:12.734,2025-09-08 15:40:12.734
5427,249,28,6,2025-09-08 15:40:12.74,2025-09-08 15:40:12.74
5428,250,28,6,2025-09-08 15:40:12.746,2025-09-08 15:40:12.746
5429,251,28,5,2025-09-08 15:40:12.753,2025-09-08 15:40:12.753
5430,252,28,3,2025-09-08 15:40:12.759,2025-09-08 15:40:12.759
5431,253,28,5,2025-09-08 15:40:12.765,2025-09-08 15:40:12.765
5432,254,28,7,2025-09-08 15:40:12.771,2025-09-08 15:40:12.771
5433,255,28,4,2025-09-08 15:40:12.777,2025-09-08 15:40:12.777
5434,256,28,5,2025-09-08 15:40:12.784,2025-09-08 15:40:12.784
5435,257,28,7,2025-09-08 15:40:12.79,2025-09-08 15:40:12.79
5436,258,28,4,2025-09-08 15:40:12.797,2025-09-08 15:40:12.797
5437,259,28,4,2025-09-08 15:40:12.808,2025-09-08 15:40:12.808
5438,260,28,5,2025-09-08 15:40:12.814,2025-09-08 15:40:12.814
5439,261,28,4,2025-09-08 15:40:12.822,2025-09-08 15:40:12.822
5440,262,28,5,2025-09-08 15:40:12.827,2025-09-08 15:40:12.827
5441,263,28,6,2025-09-08 15:40:12.832,2025-09-08 15:40:12.832
5442,264,28,4,2025-09-08 15:40:12.84,2025-09-08 15:40:12.84
5443,265,28,4,2025-09-08 15:40:12.845,2025-09-08 15:40:12.845
5444,266,28,5,2025-09-08 15:40:12.851,2025-09-08 15:40:12.851
5445,267,28,4,2025-09-08 15:40:12.858,2025-09-08 15:40:12.858
5446,268,28,5,2025-09-08 15:40:12.863,2025-09-08 15:40:12.863
5447,269,28,4,2025-09-08 15:40:12.871,2025-09-08 15:40:12.871
5448,270,28,4,2025-09-08 15:40:12.88,2025-09-08 15:40:12.88
5449,271,28,2,2025-09-08 15:40:12.888,2025-09-08 15:40:12.888
5450,272,28,4,2025-09-08 15:40:12.901,2025-09-08 15:40:12.901
5451,273,28,3,2025-09-08 15:40:12.909,2025-09-08 15:40:12.909
5452,274,28,2,2025-09-08 15:40:12.917,2025-09-08 15:40:12.917
5453,275,28,4,2025-09-08 15:40:12.925,2025-09-08 15:40:12.925
5454,276,28,6,2025-09-08 15:40:12.932,2025-09-08 15:40:12.932
5455,277,28,4,2025-09-08 15:40:12.94,2025-09-08 15:40:12.94
5456,278,28,4,2025-09-08 15:40:12.947,2025-09-08 15:40:12.947
5457,279,28,4,2025-09-08 15:40:12.955,2025-09-08 15:40:12.955
5458,280,28,5,2025-09-08 15:40:12.962,2025-09-08 15:40:12.962
5459,281,28,5,2025-09-08 15:40:12.97,2025-09-08 15:40:12.97
5460,282,28,5,2025-09-08 15:40:12.978,2025-09-08 15:40:12.978
5461,283,28,6,2025-09-08 15:40:12.986,2025-09-08 15:40:12.986
5462,284,28,6,2025-09-08 15:40:12.998,2025-09-08 15:40:12.998
5463,285,28,4,2025-09-08 15:40:13.009,2025-09-08 15:40:13.009
5464,286,28,7,2025-09-08 15:40:13.031,2025-09-08 15:40:13.031
5465,287,28,5,2025-09-08 15:40:13.049,2025-09-08 15:40:13.049
5466,288,28,6,2025-09-08 15:40:13.058,2025-09-08 15:40:13.058
5467,289,28,5,2025-09-08 15:40:13.067,2025-09-08 15:40:13.067
5468,290,28,4,2025-09-08 15:40:13.075,2025-09-08 15:40:13.075
5469,291,28,4,2025-09-08 15:40:13.083,2025-09-08 15:40:13.083
5470,292,28,4,2025-09-08 15:40:13.092,2025-09-08 15:40:13.092
5471,293,28,5,2025-09-08 15:40:13.1,2025-09-08 15:40:13.1
5472,294,28,3,2025-09-08 15:40:13.107,2025-09-08 15:40:13.107
5473,295,28,6,2025-09-08 15:40:13.115,2025-09-08 15:40:13.115
5474,296,28,5,2025-09-08 15:40:13.123,2025-09-08 15:40:13.123
5475,297,28,6,2025-09-08 15:40:13.13,2025-09-08 15:40:13.13
5476,298,28,5,2025-09-08 15:40:13.138,2025-09-08 15:40:13.138
5477,299,28,4,2025-09-08 15:40:13.145,2025-09-08 15:40:13.145
5478,300,28,5,2025-09-08 15:40:13.153,2025-09-08 15:40:13.153
5479,301,28,4,2025-09-08 15:40:13.162,2025-09-08 15:40:13.162
5480,302,28,7,2025-09-08 15:40:13.172,2025-09-08 15:40:13.172
5481,303,28,6,2025-09-08 15:40:13.186,2025-09-08 15:40:13.186
5482,304,28,7,2025-09-08 15:40:13.194,2025-09-08 15:40:13.194
5483,305,28,5,2025-09-08 15:40:13.202,2025-09-08 15:40:13.202
5484,306,28,5,2025-09-08 15:40:13.21,2025-09-08 15:40:13.21
5485,307,28,4,2025-09-08 15:40:13.217,2025-09-08 15:40:13.217
5486,308,28,4,2025-09-08 15:40:13.225,2025-09-08 15:40:13.225
5487,309,28,6,2025-09-08 15:40:13.232,2025-09-08 15:40:13.232
5488,310,28,6,2025-09-08 15:40:13.239,2025-09-08 15:40:13.239
5489,311,28,5,2025-09-08 15:40:13.248,2025-09-08 15:40:13.248
5490,312,28,3,2025-09-08 15:40:13.256,2025-09-08 15:40:13.256
5491,313,28,5,2025-09-08 15:40:13.265,2025-09-08 15:40:13.265
5492,314,28,4,2025-09-08 15:40:13.273,2025-09-08 15:40:13.273
5493,315,28,7,2025-09-08 15:40:13.279,2025-09-08 15:40:13.279
5494,316,28,7,2025-09-08 15:40:13.284,2025-09-08 15:40:13.284
5495,317,28,5,2025-09-08 15:40:13.29,2025-09-08 15:40:13.29
5496,318,28,6,2025-09-08 15:40:13.295,2025-09-08 15:40:13.295
5497,319,28,3,2025-09-08 15:40:13.301,2025-09-08 15:40:13.301
5498,320,28,5,2025-09-08 15:40:13.311,2025-09-08 15:40:13.311
5499,321,28,6,2025-09-08 15:40:13.318,2025-09-08 15:40:13.318
5500,322,28,6,2025-09-08 15:40:13.327,2025-09-08 15:40:13.327
5501,323,28,5,2025-09-08 15:40:13.335,2025-09-08 15:40:13.335
5502,324,28,4,2025-09-08 15:40:13.342,2025-09-08 15:40:13.342
5503,325,28,5,2025-09-08 15:40:13.35,2025-09-08 15:40:13.35
5504,326,28,4,2025-09-08 15:40:13.36,2025-09-08 15:40:13.36
5505,327,28,5,2025-09-08 15:40:13.367,2025-09-08 15:40:13.367
5506,328,28,4,2025-09-08 15:40:13.375,2025-09-08 15:40:13.375
5507,329,28,6,2025-09-08 15:40:13.384,2025-09-08 15:40:13.384
5508,330,28,4,2025-09-08 15:40:13.393,2025-09-08 15:40:13.393
5509,331,28,3,2025-09-08 15:40:13.4,2025-09-08 15:40:13.4
5510,332,28,6,2025-09-08 15:40:13.409,2025-09-08 15:40:13.409
5511,333,28,4,2025-09-08 15:40:13.417,2025-09-08 15:40:13.417
5512,334,28,6,2025-09-08 15:40:13.425,2025-09-08 15:40:13.425
5513,335,28,4,2025-09-08 15:40:13.434,2025-09-08 15:40:13.434
5514,336,28,5,2025-09-08 15:40:13.443,2025-09-08 15:40:13.443
5515,337,28,4,2025-09-08 15:40:13.45,2025-09-08 15:40:13.45
5516,338,28,5,2025-09-08 15:40:13.457,2025-09-08 15:40:13.457
5517,339,28,6,2025-09-08 15:40:13.465,2025-09-08 15:40:13.465
5518,340,28,6,2025-09-08 15:40:13.472,2025-09-08 15:40:13.472
5519,341,28,6,2025-09-08 15:40:13.478,2025-09-08 15:40:13.478
5520,342,28,7,2025-09-08 15:40:13.484,2025-09-08 15:40:13.484
5521,343,28,5,2025-09-08 15:40:13.491,2025-09-08 15:40:13.491
5522,344,28,4,2025-09-08 15:40:13.497,2025-09-08 15:40:13.497
5523,345,28,5,2025-09-08 15:40:13.505,2025-09-08 15:40:13.505
5524,346,28,6,2025-09-08 15:40:13.512,2025-09-08 15:40:13.512
5525,347,28,4,2025-09-08 15:40:13.52,2025-09-08 15:40:13.52
5526,348,28,4,2025-09-08 15:40:13.527,2025-09-08 15:40:13.527
5527,349,28,4,2025-09-08 15:40:13.534,2025-09-08 15:40:13.534
5528,350,28,5,2025-09-08 15:40:13.542,2025-09-08 15:40:13.542
5529,351,28,4,2025-09-08 15:40:13.547,2025-09-08 15:40:13.547
5530,352,28,4,2025-09-08 15:40:13.561,2025-09-08 15:40:13.561
5531,353,28,5,2025-09-08 15:40:13.567,2025-09-08 15:40:13.567
5532,354,28,6,2025-09-08 15:40:13.575,2025-09-08 15:40:13.575
5533,355,28,1,2025-09-08 15:40:13.581,2025-09-08 15:40:13.581
5534,356,28,2,2025-09-08 15:40:13.588,2025-09-08 15:40:13.588
5535,357,28,5,2025-09-08 15:40:13.594,2025-09-08 15:40:13.594
5536,358,28,4,2025-09-08 15:40:13.6,2025-09-08 15:40:13.6
5537,359,28,6,2025-09-08 15:40:13.607,2025-09-08 15:40:13.607
5538,360,28,5,2025-09-08 15:40:13.614,2025-09-08 15:40:13.614
5539,361,28,5,2025-09-08 15:40:13.62,2025-09-08 15:40:13.62
5540,362,28,4,2025-09-08 15:40:13.626,2025-09-08 15:40:13.626
5541,363,28,3,2025-09-08 15:40:13.632,2025-09-08 15:40:13.632
5542,364,28,5,2025-09-08 15:40:13.639,2025-09-08 15:40:13.639
5543,365,28,6,2025-09-08 15:40:13.645,2025-09-08 15:40:13.645
5544,366,28,6,2025-09-08 15:40:13.65,2025-09-08 15:40:13.65
5545,367,28,4,2025-09-08 15:40:13.659,2025-09-08 15:40:13.659
5546,368,28,4,2025-09-08 15:40:13.665,2025-09-08 15:40:13.665
5547,369,28,4,2025-09-08 15:40:13.672,2025-09-08 15:40:13.672
5548,9,27,4,2025-09-08 15:40:13.678,2025-09-08 15:40:13.678
5549,10,27,3,2025-09-08 15:40:13.683,2025-09-08 15:40:13.683
5550,11,27,5,2025-09-08 15:40:13.689,2025-09-08 15:40:13.689
5551,12,27,3,2025-09-08 15:40:13.696,2025-09-08 15:40:13.696
5552,13,27,5,2025-09-08 15:40:13.702,2025-09-08 15:40:13.702
5553,14,27,4,2025-09-08 15:40:13.709,2025-09-08 15:40:13.709
5554,15,27,5,2025-09-08 15:40:13.714,2025-09-08 15:40:13.714
5555,16,27,5,2025-09-08 15:40:13.721,2025-09-08 15:40:13.721
5556,17,27,4,2025-09-08 15:40:13.727,2025-09-08 15:40:13.727
5557,18,27,4,2025-09-08 15:40:13.733,2025-09-08 15:40:13.733
5558,19,27,4,2025-09-08 15:40:13.74,2025-09-08 15:40:13.74
5559,20,27,4,2025-09-08 15:40:13.745,2025-09-08 15:40:13.745
5560,21,27,5,2025-09-08 15:40:13.75,2025-09-08 15:40:13.75
5561,22,27,5,2025-09-08 15:40:13.757,2025-09-08 15:40:13.757
5562,23,27,5,2025-09-08 15:40:13.763,2025-09-08 15:40:13.763
5563,24,27,7,2025-09-08 15:40:13.768,2025-09-08 15:40:13.768
5564,25,27,4,2025-09-08 15:40:13.775,2025-09-08 15:40:13.775
5565,26,27,6,2025-09-08 15:40:13.781,2025-09-08 15:40:13.781
5566,27,27,4,2025-09-08 15:40:13.787,2025-09-08 15:40:13.787
5567,28,27,4,2025-09-08 15:40:13.794,2025-09-08 15:40:13.794
5568,29,27,4,2025-09-08 15:40:13.8,2025-09-08 15:40:13.8
5569,30,27,6,2025-09-08 15:40:13.806,2025-09-08 15:40:13.806
5570,31,27,4,2025-09-08 15:40:13.812,2025-09-08 15:40:13.812
5571,32,27,4,2025-09-08 15:40:13.818,2025-09-08 15:40:13.818
5572,33,27,5,2025-09-08 15:40:13.826,2025-09-08 15:40:13.826
5573,34,27,4,2025-09-08 15:40:13.833,2025-09-08 15:40:13.833
5574,35,27,7,2025-09-08 15:40:13.84,2025-09-08 15:40:13.84
5575,36,27,4,2025-09-08 15:40:13.845,2025-09-08 15:40:13.845
5576,37,27,6,2025-09-08 15:40:13.851,2025-09-08 15:40:13.851
5577,38,27,5,2025-09-08 15:40:13.857,2025-09-08 15:40:13.857
5578,39,27,4,2025-09-08 15:40:13.863,2025-09-08 15:40:13.863
5579,40,27,5,2025-09-08 15:40:13.868,2025-09-08 15:40:13.868
5580,41,27,7,2025-09-08 15:40:13.876,2025-09-08 15:40:13.876
5581,42,27,6,2025-09-08 15:40:13.883,2025-09-08 15:40:13.883
5582,43,27,4,2025-09-08 15:40:13.891,2025-09-08 15:40:13.891
5583,44,27,6,2025-09-08 15:40:13.898,2025-09-08 15:40:13.898
5584,45,27,6,2025-09-08 15:40:13.905,2025-09-08 15:40:13.905
5585,46,27,5,2025-09-08 15:40:13.911,2025-09-08 15:40:13.911
5586,47,27,6,2025-09-08 15:40:13.916,2025-09-08 15:40:13.916
5587,48,27,4,2025-09-08 15:40:13.923,2025-09-08 15:40:13.923
5588,49,27,7,2025-09-08 15:40:13.929,2025-09-08 15:40:13.929
5589,50,27,7,2025-09-08 15:40:13.936,2025-09-08 15:40:13.936
5590,51,27,3,2025-09-08 15:40:13.945,2025-09-08 15:40:13.945
5591,52,27,6,2025-09-08 15:40:13.951,2025-09-08 15:40:13.951
5592,53,27,7,2025-09-08 15:40:13.959,2025-09-08 15:40:13.959
5593,54,27,7,2025-09-08 15:40:13.967,2025-09-08 15:40:13.967
5594,55,27,7,2025-09-08 15:40:13.974,2025-09-08 15:40:13.974
5595,56,27,4,2025-09-08 15:40:13.982,2025-09-08 15:40:13.982
5596,57,27,6,2025-09-08 15:40:13.988,2025-09-08 15:40:13.988
5597,58,27,5,2025-09-08 15:40:13.997,2025-09-08 15:40:13.997
5598,59,27,7,2025-09-08 15:40:14.005,2025-09-08 15:40:14.005
5599,60,27,5,2025-09-08 15:40:14.016,2025-09-08 15:40:14.016
5600,61,27,6,2025-09-08 15:40:14.024,2025-09-08 15:40:14.024
5601,62,27,7,2025-09-08 15:40:14.031,2025-09-08 15:40:14.031
5602,63,27,5,2025-09-08 15:40:14.037,2025-09-08 15:40:14.037
5603,64,27,4,2025-09-08 15:40:14.046,2025-09-08 15:40:14.046
5604,65,27,5,2025-09-08 15:40:14.053,2025-09-08 15:40:14.053
5605,66,27,6,2025-09-08 15:40:14.06,2025-09-08 15:40:14.06
5606,67,27,6,2025-09-08 15:40:14.066,2025-09-08 15:40:14.066
5607,68,27,6,2025-09-08 15:40:14.072,2025-09-08 15:40:14.072
5608,69,27,5,2025-09-08 15:40:14.078,2025-09-08 15:40:14.078
5609,70,27,4,2025-09-08 15:40:14.083,2025-09-08 15:40:14.083
5610,71,27,5,2025-09-08 15:40:14.088,2025-09-08 15:40:14.088
5611,72,27,6,2025-09-08 15:40:14.096,2025-09-08 15:40:14.096
5612,73,27,7,2025-09-08 15:40:14.101,2025-09-08 15:40:14.101
5613,74,27,2,2025-09-08 15:40:14.107,2025-09-08 15:40:14.107
5614,75,27,2,2025-09-08 15:40:14.114,2025-09-08 15:40:14.114
5615,76,27,6,2025-09-08 15:40:14.122,2025-09-08 15:40:14.122
5616,77,27,6,2025-09-08 15:40:14.13,2025-09-08 15:40:14.13
5617,78,27,6,2025-09-08 15:40:14.138,2025-09-08 15:40:14.138
5618,79,27,4,2025-09-08 15:40:14.147,2025-09-08 15:40:14.147
5619,80,27,5,2025-09-08 15:40:14.155,2025-09-08 15:40:14.155
5620,81,27,4,2025-09-08 15:40:14.164,2025-09-08 15:40:14.164
5621,82,27,6,2025-09-08 15:40:14.172,2025-09-08 15:40:14.172
5622,83,27,4,2025-09-08 15:40:14.181,2025-09-08 15:40:14.181
5623,84,27,5,2025-09-08 15:40:14.187,2025-09-08 15:40:14.187
5624,85,27,6,2025-09-08 15:40:14.195,2025-09-08 15:40:14.195
5625,86,27,7,2025-09-08 15:40:14.202,2025-09-08 15:40:14.202
5626,87,27,5,2025-09-08 15:40:14.209,2025-09-08 15:40:14.209
5627,88,27,6,2025-09-08 15:40:14.214,2025-09-08 15:40:14.214
5628,89,27,5,2025-09-08 15:40:14.22,2025-09-08 15:40:14.22
5629,90,27,4,2025-09-08 15:40:14.227,2025-09-08 15:40:14.227
5630,91,27,5,2025-09-08 15:40:14.233,2025-09-08 15:40:14.233
5631,92,27,5,2025-09-08 15:40:14.24,2025-09-08 15:40:14.24
5632,93,27,6,2025-09-08 15:40:14.247,2025-09-08 15:40:14.247
5633,94,27,6,2025-09-08 15:40:14.254,2025-09-08 15:40:14.254
5634,95,27,5,2025-09-08 15:40:14.261,2025-09-08 15:40:14.261
5635,96,27,6,2025-09-08 15:40:14.267,2025-09-08 15:40:14.267
5636,97,27,4,2025-09-08 15:40:14.272,2025-09-08 15:40:14.272
5637,98,27,5,2025-09-08 15:40:14.279,2025-09-08 15:40:14.279
5638,99,27,4,2025-09-08 15:40:14.285,2025-09-08 15:40:14.285
5639,100,27,5,2025-09-08 15:40:14.292,2025-09-08 15:40:14.292
5640,101,27,7,2025-09-08 15:40:14.298,2025-09-08 15:40:14.298
5641,102,27,6,2025-09-08 15:40:14.304,2025-09-08 15:40:14.304
5642,103,27,5,2025-09-08 15:40:14.311,2025-09-08 15:40:14.311
5643,104,27,7,2025-09-08 15:40:14.316,2025-09-08 15:40:14.316
5644,105,27,4,2025-09-08 15:40:14.322,2025-09-08 15:40:14.322
5645,106,27,7,2025-09-08 15:40:14.33,2025-09-08 15:40:14.33
5646,107,27,5,2025-09-08 15:40:14.336,2025-09-08 15:40:14.336
5647,108,27,6,2025-09-08 15:40:14.343,2025-09-08 15:40:14.343
5648,109,27,5,2025-09-08 15:40:14.35,2025-09-08 15:40:14.35
5649,110,27,5,2025-09-08 15:40:14.356,2025-09-08 15:40:14.356
5650,111,27,6,2025-09-08 15:40:14.363,2025-09-08 15:40:14.363
5651,112,27,4,2025-09-08 15:40:14.37,2025-09-08 15:40:14.37
5652,113,27,5,2025-09-08 15:40:14.378,2025-09-08 15:40:14.378
5653,114,27,6,2025-09-08 15:40:14.385,2025-09-08 15:40:14.385
5654,115,27,1,2025-09-08 15:40:14.393,2025-09-08 15:40:14.393
5655,116,27,6,2025-09-08 15:40:14.401,2025-09-08 15:40:14.401
5656,117,27,7,2025-09-08 15:40:14.408,2025-09-08 15:40:14.408
5657,118,27,6,2025-09-08 15:40:14.416,2025-09-08 15:40:14.416
5658,119,27,5,2025-09-08 15:40:14.424,2025-09-08 15:40:14.424
5659,120,27,5,2025-09-08 15:40:14.431,2025-09-08 15:40:14.431
5660,121,27,5,2025-09-08 15:40:14.438,2025-09-08 15:40:14.438
5661,122,27,5,2025-09-08 15:40:14.445,2025-09-08 15:40:14.445
5662,123,27,6,2025-09-08 15:40:14.451,2025-09-08 15:40:14.451
5663,124,27,6,2025-09-08 15:40:14.457,2025-09-08 15:40:14.457
5664,125,27,7,2025-09-08 15:40:14.467,2025-09-08 15:40:14.467
5665,126,27,4,2025-09-08 15:40:14.475,2025-09-08 15:40:14.475
5666,127,27,5,2025-09-08 15:40:14.483,2025-09-08 15:40:14.483
5667,128,27,5,2025-09-08 15:40:14.49,2025-09-08 15:40:14.49
5668,129,27,6,2025-09-08 15:40:14.498,2025-09-08 15:40:14.498
5669,130,27,6,2025-09-08 15:40:14.505,2025-09-08 15:40:14.505
5670,131,27,4,2025-09-08 15:40:14.513,2025-09-08 15:40:14.513
5671,132,27,4,2025-09-08 15:40:14.52,2025-09-08 15:40:14.52
5672,133,27,4,2025-09-08 15:40:14.528,2025-09-08 15:40:14.528
5673,134,27,7,2025-09-08 15:40:14.536,2025-09-08 15:40:14.536
5674,135,27,5,2025-09-08 15:40:14.542,2025-09-08 15:40:14.542
5675,136,27,5,2025-09-08 15:40:14.548,2025-09-08 15:40:14.548
5676,137,27,7,2025-09-08 15:40:14.557,2025-09-08 15:40:14.557
5677,138,27,6,2025-09-08 15:40:14.569,2025-09-08 15:40:14.569
5678,139,27,4,2025-09-08 15:40:14.576,2025-09-08 15:40:14.576
5679,140,27,5,2025-09-08 15:40:14.584,2025-09-08 15:40:14.584
5680,141,27,5,2025-09-08 15:40:14.59,2025-09-08 15:40:14.59
5681,142,27,6,2025-09-08 15:40:14.597,2025-09-08 15:40:14.597
5682,143,27,4,2025-09-08 15:40:14.603,2025-09-08 15:40:14.603
5683,144,27,4,2025-09-08 15:40:14.609,2025-09-08 15:40:14.609
5684,145,27,6,2025-09-08 15:40:14.615,2025-09-08 15:40:14.615
5685,146,27,4,2025-09-08 15:40:14.621,2025-09-08 15:40:14.621
5686,147,27,5,2025-09-08 15:40:14.628,2025-09-08 15:40:14.628
5687,148,27,6,2025-09-08 15:40:14.634,2025-09-08 15:40:14.634
5688,149,27,4,2025-09-08 15:40:14.639,2025-09-08 15:40:14.639
5689,150,27,7,2025-09-08 15:40:14.646,2025-09-08 15:40:14.646
5690,151,27,6,2025-09-08 15:40:14.652,2025-09-08 15:40:14.652
5691,152,27,4,2025-09-08 15:40:14.657,2025-09-08 15:40:14.657
5692,153,27,4,2025-09-08 15:40:14.665,2025-09-08 15:40:14.665
5693,154,27,4,2025-09-08 15:40:14.672,2025-09-08 15:40:14.672
5694,155,27,6,2025-09-08 15:40:14.68,2025-09-08 15:40:14.68
5695,156,27,4,2025-09-08 15:40:14.685,2025-09-08 15:40:14.685
5696,157,27,6,2025-09-08 15:40:14.691,2025-09-08 15:40:14.691
5697,158,27,4,2025-09-08 15:40:14.703,2025-09-08 15:40:14.703
5698,159,27,7,2025-09-08 15:40:14.71,2025-09-08 15:40:14.71
5699,160,27,6,2025-09-08 15:40:14.716,2025-09-08 15:40:14.716
5700,161,27,6,2025-09-08 15:40:14.722,2025-09-08 15:40:14.722
5701,162,27,6,2025-09-08 15:40:14.727,2025-09-08 15:40:14.727
5702,163,27,3,2025-09-08 15:40:14.733,2025-09-08 15:40:14.733
5703,164,27,5,2025-09-08 15:40:14.737,2025-09-08 15:40:14.737
5704,165,27,6,2025-09-08 15:40:14.744,2025-09-08 15:40:14.744
5705,166,27,4,2025-09-08 15:40:14.75,2025-09-08 15:40:14.75
5706,167,27,5,2025-09-08 15:40:14.756,2025-09-08 15:40:14.756
5707,168,27,7,2025-09-08 15:40:14.763,2025-09-08 15:40:14.763
5708,169,27,4,2025-09-08 15:40:14.768,2025-09-08 15:40:14.768
5709,170,27,7,2025-09-08 15:40:14.773,2025-09-08 15:40:14.773
5710,171,27,4,2025-09-08 15:40:14.782,2025-09-08 15:40:14.782
5711,172,27,2,2025-09-08 15:40:14.787,2025-09-08 15:40:14.787
5712,173,27,3,2025-09-08 15:40:14.792,2025-09-08 15:40:14.792
5713,174,27,4,2025-09-08 15:40:14.798,2025-09-08 15:40:14.798
5714,175,27,4,2025-09-08 15:40:14.804,2025-09-08 15:40:14.804
5715,176,27,6,2025-09-08 15:40:14.808,2025-09-08 15:40:14.808
5716,177,27,6,2025-09-08 15:40:14.816,2025-09-08 15:40:14.816
5717,178,27,5,2025-09-08 15:40:14.824,2025-09-08 15:40:14.824
5718,179,27,6,2025-09-08 15:40:14.847,2025-09-08 15:40:14.847
5719,180,27,7,2025-09-08 15:40:14.855,2025-09-08 15:40:14.855
5720,181,27,7,2025-09-08 15:40:14.864,2025-09-08 15:40:14.864
5721,182,27,5,2025-09-08 15:40:14.872,2025-09-08 15:40:14.872
5722,183,27,7,2025-09-08 15:40:14.88,2025-09-08 15:40:14.88
5723,184,27,6,2025-09-08 15:40:14.887,2025-09-08 15:40:14.887
5724,185,27,5,2025-09-08 15:40:14.894,2025-09-08 15:40:14.894
5725,186,27,6,2025-09-08 15:40:14.902,2025-09-08 15:40:14.902
5726,187,27,6,2025-09-08 15:40:14.909,2025-09-08 15:40:14.909
5727,188,27,5,2025-09-08 15:40:14.917,2025-09-08 15:40:14.917
5728,189,27,5,2025-09-08 15:40:14.925,2025-09-08 15:40:14.925
5729,190,27,3,2025-09-08 15:40:14.932,2025-09-08 15:40:14.932
5730,191,27,7,2025-09-08 15:40:14.939,2025-09-08 15:40:14.939
5731,192,27,5,2025-09-08 15:40:14.953,2025-09-08 15:40:14.953
5732,193,27,4,2025-09-08 15:40:14.966,2025-09-08 15:40:14.966
5733,194,27,4,2025-09-08 15:40:14.973,2025-09-08 15:40:14.973
5734,195,27,5,2025-09-08 15:40:14.98,2025-09-08 15:40:14.98
5735,196,27,4,2025-09-08 15:40:14.988,2025-09-08 15:40:14.988
5736,197,27,6,2025-09-08 15:40:14.995,2025-09-08 15:40:14.995
5737,198,27,5,2025-09-08 15:40:15.002,2025-09-08 15:40:15.002
5738,199,27,4,2025-09-08 15:40:15.006,2025-09-08 15:40:15.006
5739,200,27,4,2025-09-08 15:40:15.013,2025-09-08 15:40:15.013
5740,201,27,5,2025-09-08 15:40:15.022,2025-09-08 15:40:15.022
5741,202,27,7,2025-09-08 15:40:15.03,2025-09-08 15:40:15.03
5742,203,27,5,2025-09-08 15:40:15.038,2025-09-08 15:40:15.038
5743,204,27,7,2025-09-08 15:40:15.045,2025-09-08 15:40:15.045
5744,205,27,4,2025-09-08 15:40:15.052,2025-09-08 15:40:15.052
5745,206,27,6,2025-09-08 15:40:15.059,2025-09-08 15:40:15.059
5746,207,27,6,2025-09-08 15:40:15.066,2025-09-08 15:40:15.066
5747,208,27,6,2025-09-08 15:40:15.073,2025-09-08 15:40:15.073
5748,209,27,6,2025-09-08 15:40:15.081,2025-09-08 15:40:15.081
5749,210,27,4,2025-09-08 15:40:15.092,2025-09-08 15:40:15.092
5750,211,27,6,2025-09-08 15:40:15.1,2025-09-08 15:40:15.1
5751,212,27,5,2025-09-08 15:40:15.108,2025-09-08 15:40:15.108
5752,213,27,2,2025-09-08 15:40:15.115,2025-09-08 15:40:15.115
5753,214,27,5,2025-09-08 15:40:15.122,2025-09-08 15:40:15.122
5754,215,27,4,2025-09-08 15:40:15.13,2025-09-08 15:40:15.13
5755,216,27,6,2025-09-08 15:40:15.137,2025-09-08 15:40:15.137
5756,217,27,5,2025-09-08 15:40:15.145,2025-09-08 15:40:15.145
5757,218,27,4,2025-09-08 15:40:15.152,2025-09-08 15:40:15.152
5758,219,27,6,2025-09-08 15:40:15.16,2025-09-08 15:40:15.16
5759,220,27,4,2025-09-08 15:40:15.17,2025-09-08 15:40:15.17
5760,221,27,4,2025-09-08 15:40:15.181,2025-09-08 15:40:15.181
5761,222,27,6,2025-09-08 15:40:15.197,2025-09-08 15:40:15.197
5762,223,27,5,2025-09-08 15:40:15.204,2025-09-08 15:40:15.204
5763,224,27,4,2025-09-08 15:40:15.21,2025-09-08 15:40:15.21
5764,225,27,6,2025-09-08 15:40:15.219,2025-09-08 15:40:15.219
5765,226,27,7,2025-09-08 15:40:15.227,2025-09-08 15:40:15.227
5766,227,27,5,2025-09-08 15:40:15.237,2025-09-08 15:40:15.237
5767,228,27,5,2025-09-08 15:40:15.246,2025-09-08 15:40:15.246
5768,229,27,6,2025-09-08 15:40:15.253,2025-09-08 15:40:15.253
5769,230,27,6,2025-09-08 15:40:15.26,2025-09-08 15:40:15.26
5770,231,27,5,2025-09-08 15:40:15.267,2025-09-08 15:40:15.267
5771,232,27,6,2025-09-08 15:40:15.275,2025-09-08 15:40:15.275
5772,233,27,5,2025-09-08 15:40:15.282,2025-09-08 15:40:15.282
5773,234,27,5,2025-09-08 15:40:15.29,2025-09-08 15:40:15.29
5774,235,27,6,2025-09-08 15:40:15.299,2025-09-08 15:40:15.299
5775,236,27,7,2025-09-08 15:40:15.309,2025-09-08 15:40:15.309
5776,237,27,6,2025-09-08 15:40:15.319,2025-09-08 15:40:15.319
5777,238,27,6,2025-09-08 15:40:15.327,2025-09-08 15:40:15.327
5778,239,27,5,2025-09-08 15:40:15.335,2025-09-08 15:40:15.335
5779,240,27,7,2025-09-08 15:40:15.344,2025-09-08 15:40:15.344
5780,241,27,6,2025-09-08 15:40:15.351,2025-09-08 15:40:15.351
5781,242,27,5,2025-09-08 15:40:15.359,2025-09-08 15:40:15.359
5782,243,27,5,2025-09-08 15:40:15.367,2025-09-08 15:40:15.367
5783,244,27,6,2025-09-08 15:40:15.374,2025-09-08 15:40:15.374
5784,245,27,5,2025-09-08 15:40:15.382,2025-09-08 15:40:15.382
5785,246,27,5,2025-09-08 15:40:15.39,2025-09-08 15:40:15.39
5786,247,27,7,2025-09-08 15:40:15.399,2025-09-08 15:40:15.399
5787,248,27,4,2025-09-08 15:40:15.406,2025-09-08 15:40:15.406
5788,249,27,6,2025-09-08 15:40:15.413,2025-09-08 15:40:15.413
5789,250,27,6,2025-09-08 15:40:15.422,2025-09-08 15:40:15.422
5790,251,27,6,2025-09-08 15:40:15.429,2025-09-08 15:40:15.429
5791,252,27,6,2025-09-08 15:40:15.437,2025-09-08 15:40:15.437
5792,253,27,6,2025-09-08 15:40:15.445,2025-09-08 15:40:15.445
5793,254,27,7,2025-09-08 15:40:15.453,2025-09-08 15:40:15.453
5794,255,27,4,2025-09-08 15:40:15.459,2025-09-08 15:40:15.459
5795,256,27,5,2025-09-08 15:40:15.466,2025-09-08 15:40:15.466
5796,257,27,7,2025-09-08 15:40:15.473,2025-09-08 15:40:15.473
5797,258,27,4,2025-09-08 15:40:15.481,2025-09-08 15:40:15.481
5798,259,27,4,2025-09-08 15:40:15.489,2025-09-08 15:40:15.489
5799,260,27,6,2025-09-08 15:40:15.496,2025-09-08 15:40:15.496
5800,261,27,4,2025-09-08 15:40:15.504,2025-09-08 15:40:15.504
5801,262,27,6,2025-09-08 15:40:15.511,2025-09-08 15:40:15.511
5802,263,27,6,2025-09-08 15:40:15.519,2025-09-08 15:40:15.519
5803,264,27,4,2025-09-08 15:40:15.528,2025-09-08 15:40:15.528
5804,265,27,4,2025-09-08 15:40:15.536,2025-09-08 15:40:15.536
5805,266,27,5,2025-09-08 15:40:15.544,2025-09-08 15:40:15.544
5806,267,27,5,2025-09-08 15:40:15.552,2025-09-08 15:40:15.552
5807,268,27,5,2025-09-08 15:40:15.56,2025-09-08 15:40:15.56
5808,269,27,4,2025-09-08 15:40:15.568,2025-09-08 15:40:15.568
5809,270,27,4,2025-09-08 15:40:15.579,2025-09-08 15:40:15.579
5810,271,27,2,2025-09-08 15:40:15.59,2025-09-08 15:40:15.59
5811,272,27,5,2025-09-08 15:40:15.617,2025-09-08 15:40:15.617
5812,273,27,5,2025-09-08 15:40:15.633,2025-09-08 15:40:15.633
5813,274,27,3,2025-09-08 15:40:15.64,2025-09-08 15:40:15.64
5814,275,27,4,2025-09-08 15:40:15.646,2025-09-08 15:40:15.646
5815,276,27,6,2025-09-08 15:40:15.652,2025-09-08 15:40:15.652
5816,277,27,4,2025-09-08 15:40:15.659,2025-09-08 15:40:15.659
5817,278,27,5,2025-09-08 15:40:15.666,2025-09-08 15:40:15.666
5818,279,27,4,2025-09-08 15:40:15.673,2025-09-08 15:40:15.673
5819,280,27,5,2025-09-08 15:40:15.685,2025-09-08 15:40:15.685
5820,281,27,6,2025-09-08 15:40:15.694,2025-09-08 15:40:15.694
5821,282,27,6,2025-09-08 15:40:15.702,2025-09-08 15:40:15.702
5822,283,27,6,2025-09-08 15:40:15.709,2025-09-08 15:40:15.709
5823,284,27,6,2025-09-08 15:40:15.718,2025-09-08 15:40:15.718
5824,285,27,4,2025-09-08 15:40:15.726,2025-09-08 15:40:15.726
5825,286,27,7,2025-09-08 15:40:15.733,2025-09-08 15:40:15.733
5826,287,27,5,2025-09-08 15:40:15.74,2025-09-08 15:40:15.74
5827,288,27,6,2025-09-08 15:40:15.748,2025-09-08 15:40:15.748
5828,289,27,6,2025-09-08 15:40:15.755,2025-09-08 15:40:15.755
5829,290,27,4,2025-09-08 15:40:15.76,2025-09-08 15:40:15.76
5830,291,27,4,2025-09-08 15:40:15.767,2025-09-08 15:40:15.767
5831,292,27,4,2025-09-08 15:40:15.774,2025-09-08 15:40:15.774
5832,293,27,6,2025-09-08 15:40:15.78,2025-09-08 15:40:15.78
5833,294,27,6,2025-09-08 15:40:15.786,2025-09-08 15:40:15.786
5834,295,27,6,2025-09-08 15:40:15.791,2025-09-08 15:40:15.791
5835,296,27,5,2025-09-08 15:40:15.797,2025-09-08 15:40:15.797
5836,297,27,6,2025-09-08 15:40:15.803,2025-09-08 15:40:15.803
5837,298,27,5,2025-09-08 15:40:15.809,2025-09-08 15:40:15.809
5838,299,27,7,2025-09-08 15:40:15.814,2025-09-08 15:40:15.814
5839,300,27,4,2025-09-08 15:40:15.822,2025-09-08 15:40:15.822
5840,301,27,7,2025-09-08 15:40:15.828,2025-09-08 15:40:15.828
5841,302,27,7,2025-09-08 15:40:15.833,2025-09-08 15:40:15.833
5842,303,27,6,2025-09-08 15:40:15.84,2025-09-08 15:40:15.84
5843,304,27,7,2025-09-08 15:40:15.846,2025-09-08 15:40:15.846
5844,305,27,5,2025-09-08 15:40:15.852,2025-09-08 15:40:15.852
5845,306,27,6,2025-09-08 15:40:15.857,2025-09-08 15:40:15.857
5846,307,27,5,2025-09-08 15:40:15.863,2025-09-08 15:40:15.863
5847,308,27,6,2025-09-08 15:40:15.868,2025-09-08 15:40:15.868
5848,309,27,6,2025-09-08 15:40:15.876,2025-09-08 15:40:15.876
5849,310,27,6,2025-09-08 15:40:15.882,2025-09-08 15:40:15.882
5850,311,27,5,2025-09-08 15:40:15.888,2025-09-08 15:40:15.888
5851,312,27,4,2025-09-08 15:40:15.893,2025-09-08 15:40:15.893
5852,313,27,6,2025-09-08 15:40:15.9,2025-09-08 15:40:15.9
5853,314,27,4,2025-09-08 15:40:15.907,2025-09-08 15:40:15.907
5854,315,27,7,2025-09-08 15:40:15.913,2025-09-08 15:40:15.913
5855,316,27,7,2025-09-08 15:40:15.92,2025-09-08 15:40:15.92
5856,317,27,5,2025-09-08 15:40:15.928,2025-09-08 15:40:15.928
5857,318,27,7,2025-09-08 15:40:15.935,2025-09-08 15:40:15.935
5858,319,27,3,2025-09-08 15:40:15.947,2025-09-08 15:40:15.947
5859,320,27,6,2025-09-08 15:40:15.953,2025-09-08 15:40:15.953
5860,321,27,6,2025-09-08 15:40:15.959,2025-09-08 15:40:15.959
5861,322,27,6,2025-09-08 15:40:15.965,2025-09-08 15:40:15.965
5862,323,27,5,2025-09-08 15:40:15.973,2025-09-08 15:40:15.973
5863,324,27,4,2025-09-08 15:40:15.98,2025-09-08 15:40:15.98
5864,325,27,5,2025-09-08 15:40:15.987,2025-09-08 15:40:15.987
5865,326,27,4,2025-09-08 15:40:15.995,2025-09-08 15:40:15.995
5866,327,27,4,2025-09-08 15:40:16,2025-09-08 15:40:16
5867,328,27,4,2025-09-08 15:40:16.008,2025-09-08 15:40:16.008
5868,329,27,6,2025-09-08 15:40:16.014,2025-09-08 15:40:16.014
5869,330,27,4,2025-09-08 15:40:16.02,2025-09-08 15:40:16.02
5870,331,27,3,2025-09-08 15:40:16.026,2025-09-08 15:40:16.026
5871,332,27,6,2025-09-08 15:40:16.033,2025-09-08 15:40:16.033
5872,333,27,4,2025-09-08 15:40:16.04,2025-09-08 15:40:16.04
5873,334,27,5,2025-09-08 15:40:16.046,2025-09-08 15:40:16.046
5874,335,27,4,2025-09-08 15:40:16.053,2025-09-08 15:40:16.053
5875,336,27,5,2025-09-08 15:40:16.059,2025-09-08 15:40:16.059
5876,337,27,4,2025-09-08 15:40:16.064,2025-09-08 15:40:16.064
5877,338,27,6,2025-09-08 15:40:16.07,2025-09-08 15:40:16.07
5878,339,27,6,2025-09-08 15:40:16.077,2025-09-08 15:40:16.077
5879,340,27,6,2025-09-08 15:40:16.082,2025-09-08 15:40:16.082
5880,341,27,6,2025-09-08 15:40:16.088,2025-09-08 15:40:16.088
5881,342,27,7,2025-09-08 15:40:16.094,2025-09-08 15:40:16.094
5882,343,27,5,2025-09-08 15:40:16.099,2025-09-08 15:40:16.099
5883,344,27,4,2025-09-08 15:40:16.108,2025-09-08 15:40:16.108
5884,345,27,5,2025-09-08 15:40:16.113,2025-09-08 15:40:16.113
5885,346,27,6,2025-09-08 15:40:16.122,2025-09-08 15:40:16.122
5886,347,27,4,2025-09-08 15:40:16.129,2025-09-08 15:40:16.129
5887,348,27,4,2025-09-08 15:40:16.135,2025-09-08 15:40:16.135
5888,349,27,4,2025-09-08 15:40:16.145,2025-09-08 15:40:16.145
5889,350,27,5,2025-09-08 15:40:16.151,2025-09-08 15:40:16.151
5890,351,27,5,2025-09-08 15:40:16.157,2025-09-08 15:40:16.157
5891,352,27,4,2025-09-08 15:40:16.165,2025-09-08 15:40:16.165
5892,353,27,5,2025-09-08 15:40:16.173,2025-09-08 15:40:16.173
5893,354,27,5,2025-09-08 15:40:16.18,2025-09-08 15:40:16.18
5894,355,27,4,2025-09-08 15:40:16.187,2025-09-08 15:40:16.187
5895,356,27,2,2025-09-08 15:40:16.195,2025-09-08 15:40:16.195
5896,357,27,6,2025-09-08 15:40:16.205,2025-09-08 15:40:16.205
5897,358,27,4,2025-09-08 15:40:16.213,2025-09-08 15:40:16.213
5898,359,27,7,2025-09-08 15:40:16.22,2025-09-08 15:40:16.22
5899,360,27,4,2025-09-08 15:40:16.227,2025-09-08 15:40:16.227
5900,361,27,5,2025-09-08 15:40:16.235,2025-09-08 15:40:16.235
5901,362,27,4,2025-09-08 15:40:16.244,2025-09-08 15:40:16.244
5902,363,27,4,2025-09-08 15:40:16.252,2025-09-08 15:40:16.252
5903,364,27,6,2025-09-08 15:40:16.261,2025-09-08 15:40:16.261
5904,365,27,7,2025-09-08 15:40:16.267,2025-09-08 15:40:16.267
5905,366,27,6,2025-09-08 15:40:16.275,2025-09-08 15:40:16.275
5906,367,27,4,2025-09-08 15:40:16.282,2025-09-08 15:40:16.282
5907,368,27,4,2025-09-08 15:40:16.291,2025-09-08 15:40:16.291
5908,369,27,4,2025-09-08 15:40:16.296,2025-09-08 15:40:16.296
