id,user_id,questions_id,answers,comments,created_time,modified_time
1,1,1,4,,2025-08-31 22:03:39.39,2025-08-31 22:03:39.39
2,1,2,2,,2025-08-31 22:03:39.39,2025-08-31 22:03:39.39
3,1,3,4,,2025-08-31 22:03:40.4,2025-08-31 22:03:40.4
4,1,1,4,,2025-08-31 22:17:56.56,2025-08-31 22:17:56.56
5,1,2,2,,2025-08-31 22:17:56.56,2025-08-31 22:17:56.56
6,1,3,4,,2025-08-31 22:17:56.56,2025-08-31 22:17:56.56
7,1,1,1,,2025-09-01 11:24:23.23,2025-09-01 11:24:23.23
8,1,2,3,,2025-09-01 11:24:23.23,2025-09-01 11:24:23.23
9,1,3,4,,2025-09-01 11:24:23.23,2025-09-01 11:24:23.23
10,1,4,3,,2025-09-01 11:24:23.23,2025-09-01 11:24:23.23
11,1,5,2,,2025-09-01 11:24:23.23,2025-09-01 11:24:23.23
12,1,6,1,,2025-09-01 11:24:23.23,2025-09-01 11:24:23.23
13,1,7,3,,2025-09-01 11:24:23.23,2025-09-01 11:24:23.23
14,1,8,3,,2025-09-01 11:24:23.23,2025-09-01 11:24:23.23
15,1,9,3,,2025-09-01 11:24:23.23,2025-09-01 11:24:23.23
16,1,10,1,,2025-09-01 11:24:23.23,2025-09-01 11:24:23.23
17,1,1,3,,2025-09-01 19:44:00,2025-09-01 19:44:00
18,1,2,2,,2025-09-01 19:44:00,2025-09-01 19:44:00
19,1,3,4,,2025-09-01 19:44:00,2025-09-01 19:44:00
20,1,4,5,,2025-09-01 19:44:00,2025-09-01 19:44:00
21,1,5,4,,2025-09-01 19:44:00,2025-09-01 19:44:00
22,1,6,3,,2025-09-01 19:44:00,2025-09-01 19:44:00
23,1,7,1,,2025-09-01 19:44:00,2025-09-01 19:44:00
24,1,8,1,,2025-09-01 19:44:00,2025-09-01 19:44:00
25,1,9,4,,2025-09-01 19:44:00,2025-09-01 19:44:00
26,1,10,3,,2025-09-01 19:44:00,2025-09-01 19:44:00
27,1,1,5,,2025-09-01 19:48:21.21,2025-09-01 19:48:21.21
28,1,2,5,,2025-09-01 19:48:21.21,2025-09-01 19:48:21.21
29,1,3,5,,2025-09-01 19:48:21.21,2025-09-01 19:48:21.21
30,1,4,1,,2025-09-01 19:48:21.21,2025-09-01 19:48:21.21
31,1,5,1,,2025-09-01 19:48:21.21,2025-09-01 19:48:21.21
32,1,6,1,,2025-09-01 19:48:21.21,2025-09-01 19:48:21.21
33,1,7,1,,2025-09-01 19:48:21.21,2025-09-01 19:48:21.21
34,1,8,1,,2025-09-01 19:48:21.21,2025-09-01 19:48:21.21
35,1,9,1,,2025-09-01 19:48:21.21,2025-09-01 19:48:21.21
36,1,10,1,,2025-09-01 19:48:21.21,2025-09-01 19:48:21.21
37,1,1,3,,2025-09-02 09:32:20.2,2025-09-02 09:32:20.2
38,1,2,2,,2025-09-02 09:32:20.2,2025-09-02 09:32:20.2
39,1,3,4,,2025-09-02 09:32:20.2,2025-09-02 09:32:20.2
40,1,4,3,,2025-09-02 09:32:21.21,2025-09-02 09:32:21.21
41,1,5,3,,2025-09-02 09:32:21.21,2025-09-02 09:32:21.21
42,1,6,4,,2025-09-02 09:32:21.21,2025-09-02 09:32:21.21
43,1,7,3,,2025-09-02 09:32:21.21,2025-09-02 09:32:21.21
44,1,8,3,,2025-09-02 09:32:21.21,2025-09-02 09:32:21.21
45,1,9,4,,2025-09-02 09:32:21.21,2025-09-02 09:32:21.21
46,1,10,2,,2025-09-02 09:32:21.21,2025-09-02 09:32:21.21
47,1,1,3,,2025-09-02 09:34:36.36,2025-09-02 09:34:36.36
48,1,2,1,,2025-09-02 09:34:36.36,2025-09-02 09:34:36.36
49,1,3,4,,2025-09-02 09:34:36.36,2025-09-02 09:34:36.36
50,1,4,3,,2025-09-02 09:34:36.36,2025-09-02 09:34:36.36
51,1,5,4,,2025-09-02 09:34:36.36,2025-09-02 09:34:36.36
52,1,6,3,,2025-09-02 09:34:36.36,2025-09-02 09:34:36.36
53,1,7,4,,2025-09-02 09:34:36.36,2025-09-02 09:34:36.36
54,1,8,4,,2025-09-02 09:34:37.37,2025-09-02 09:34:37.37
55,1,9,4,,2025-09-02 09:34:37.37,2025-09-02 09:34:37.37
56,1,10,3,,2025-09-02 09:34:37.37,2025-09-02 09:34:37.37
57,1,1,2,,2025-09-02 09:39:00,2025-09-02 09:39:00
58,1,2,3,,2025-09-02 09:39:00,2025-09-02 09:39:00
59,1,3,4,,2025-09-02 09:39:00,2025-09-02 09:39:00
60,1,4,3,,2025-09-02 09:39:00,2025-09-02 09:39:00
61,1,5,3,,2025-09-02 09:39:00,2025-09-02 09:39:00
62,1,6,2,,2025-09-02 09:39:00,2025-09-02 09:39:00
63,1,7,4,,2025-09-02 09:39:00,2025-09-02 09:39:00
64,1,8,4,,2025-09-02 09:39:00,2025-09-02 09:39:00
65,1,9,3,,2025-09-02 09:39:00,2025-09-02 09:39:00
66,1,10,4,,2025-09-02 09:39:00,2025-09-02 09:39:00
67,1,1,2,,2025-09-02 11:32:40.4,2025-09-02 11:32:40.4
68,1,2,3,,2025-09-02 11:32:40.4,2025-09-02 11:32:40.4
69,1,3,3,,2025-09-02 11:32:40.4,2025-09-02 11:32:40.4
70,1,4,4,,2025-09-02 11:32:40.4,2025-09-02 11:32:40.4
71,1,5,3,,2025-09-02 11:32:40.4,2025-09-02 11:32:40.4
72,1,6,1,,2025-09-02 11:32:40.4,2025-09-02 11:32:40.4
73,1,7,4,,2025-09-02 11:32:40.4,2025-09-02 11:32:40.4
74,1,8,4,,2025-09-02 11:32:40.4,2025-09-02 11:32:40.4
75,1,9,4,,2025-09-02 11:32:40.4,2025-09-02 11:32:40.4
76,1,10,3,,2025-09-02 11:32:40.4,2025-09-02 11:32:40.4
77,8,11,6,,2025-09-04 10:56:26.26,2025-09-04 10:56:26.26
78,8,12,6,,2025-09-04 10:56:26.26,2025-09-04 10:56:26.26
79,8,13,6,,2025-09-04 10:56:26.26,2025-09-04 10:56:26.26
80,8,14,3,,2025-09-04 10:56:26.26,2025-09-04 10:56:26.26
81,8,15,3,,2025-09-04 10:56:26.26,2025-09-04 10:56:26.26
82,8,16,4,,2025-09-04 10:56:26.26,2025-09-04 10:56:26.26
83,8,17,2,,2025-09-04 10:56:26.26,2025-09-04 10:56:26.26
84,8,18,2,,2025-09-04 10:56:26.26,2025-09-04 10:56:26.26
85,8,11,4,,2025-09-04 11:05:26.26,2025-09-04 11:05:26.26
86,8,12,2,,2025-09-04 11:05:26.26,2025-09-04 11:05:26.26
87,8,13,4,,2025-09-04 11:05:26.26,2025-09-04 11:05:26.26
88,8,14,3,,2025-09-04 11:05:26.26,2025-09-04 11:05:26.26
89,8,15,1,,2025-09-04 11:05:26.26,2025-09-04 11:05:26.26
90,8,16,5,,2025-09-04 11:05:26.26,2025-09-04 11:05:26.26
91,8,17,4,,2025-09-04 11:05:26.26,2025-09-04 11:05:26.26
92,8,18,4,,2025-09-04 11:05:26.26,2025-09-04 11:05:26.26
93,8,11,2,,2025-09-04 11:14:54.54,2025-09-04 11:14:54.54
94,8,12,1,,2025-09-04 11:14:54.54,2025-09-04 11:14:54.54
95,8,13,5,,2025-09-04 11:14:54.54,2025-09-04 11:14:54.54
96,8,14,6,,2025-09-04 11:14:54.54,2025-09-04 11:14:54.54
97,8,15,2,,2025-09-04 11:14:54.54,2025-09-04 11:14:54.54
98,8,16,6,,2025-09-04 11:14:54.54,2025-09-04 11:14:54.54
99,8,17,5,,2025-09-04 11:14:54.54,2025-09-04 11:14:54.54
100,8,18,5,,2025-09-04 11:14:54.54,2025-09-04 11:14:54.54
101,8,11,2,,2025-09-08 09:28:04.04,2025-09-08 09:28:04.04
102,8,12,1,,2025-09-08 09:28:04.04,2025-09-08 09:28:04.04
103,8,13,4,,2025-09-08 09:28:04.04,2025-09-08 09:28:04.04
104,8,14,4,,2025-09-08 09:28:04.04,2025-09-08 09:28:04.04
105,8,15,3,,2025-09-08 09:28:04.04,2025-09-08 09:28:04.04
106,8,16,1,,2025-09-08 09:28:04.04,2025-09-08 09:28:04.04
107,8,17,6,,2025-09-08 09:28:04.04,2025-09-08 09:28:04.04
108,8,18,6,,2025-09-08 09:28:04.04,2025-09-08 09:28:04.04
109,8,11,1,,2025-09-08 09:38:33.33,2025-09-08 09:38:33.33
110,8,12,4,,2025-09-08 09:38:33.33,2025-09-08 09:38:33.33
111,8,13,5,,2025-09-08 09:38:33.33,2025-09-08 09:38:33.33
112,8,14,3,,2025-09-08 09:38:33.33,2025-09-08 09:38:33.33
113,8,15,5,,2025-09-08 09:38:33.33,2025-09-08 09:38:33.33
114,8,16,1,,2025-09-08 09:38:33.33,2025-09-08 09:38:33.33
115,8,17,3,,2025-09-08 09:38:33.33,2025-09-08 09:38:33.33
116,8,18,3,,2025-09-08 09:38:33.33,2025-09-08 09:38:33.33
117,8,19,2,,2025-09-08 11:48:02.02,2025-09-08 11:48:02.02
118,8,20,5,,2025-09-08 11:48:02.02,2025-09-08 11:48:02.02
119,8,21,3,,2025-09-08 11:48:02.02,2025-09-08 11:48:02.02
120,8,22,7,,2025-09-08 11:48:02.02,2025-09-08 11:48:02.02
121,8,23,3,,2025-09-08 11:48:02.02,2025-09-08 11:48:02.02
122,8,24,6,,2025-09-08 11:48:02.02,2025-09-08 11:48:02.02
123,8,25,3,,2025-09-08 11:48:02.02,2025-09-08 11:48:02.02
124,8,26,6,,2025-09-08 11:48:02.02,2025-09-08 11:48:02.02
125,8,27,2,,2025-09-08 11:48:02.02,2025-09-08 11:48:02.02
126,8,28,7,,2025-09-08 11:48:02.02,2025-09-08 11:48:02.02
127,8,29,2,,2025-09-08 11:48:02.02,2025-09-08 11:48:02.02
128,8,20,7,,2025-09-08 11:48:02.02,2025-09-08 11:48:02.02
129,8,31,2,,2025-09-08 11:48:02.02,2025-09-08 11:48:02.02
130,8,32,2,,2025-09-08 11:48:02.02,2025-09-08 11:48:02.02
131,8,33,6,,2025-09-08 11:48:02.02,2025-09-08 11:48:02.02
132,8,34,3,,2025-09-08 11:48:02.02,2025-09-08 11:48:02.02
133,9,34,2,,2025-09-08 15:39:33.33,2025-09-08 15:39:33.33
134,10,34,2,,2025-09-08 15:39:33.33,2025-09-08 15:39:33.33
135,11,34,2,,2025-09-08 15:39:33.33,2025-09-08 15:39:33.33
136,12,34,3,,2025-09-08 15:39:33.33,2025-09-08 15:39:33.33
137,13,34,5,,2025-09-08 15:39:33.33,2025-09-08 15:39:33.33
138,14,34,5,,2025-09-08 15:39:33.33,2025-09-08 15:39:33.33
139,15,34,3,,2025-09-08 15:39:33.33,2025-09-08 15:39:33.33
140,16,34,2,,2025-09-08 15:39:33.33,2025-09-08 15:39:33.33
141,17,34,1,,2025-09-08 15:39:33.33,2025-09-08 15:39:33.33
142,18,34,1,,2025-09-08 15:39:33.33,2025-09-08 15:39:33.33
143,19,34,3,,2025-09-08 15:39:33.33,2025-09-08 15:39:33.33
144,20,34,4,,2025-09-08 15:39:33.33,2025-09-08 15:39:33.33
145,21,34,4,,2025-09-08 15:39:33.33,2025-09-08 15:39:33.33
146,22,34,1,,2025-09-08 15:39:33.33,2025-09-08 15:39:33.33
147,23,34,1,,2025-09-08 15:39:33.33,2025-09-08 15:39:33.33
148,24,34,4,,2025-09-08 15:39:33.33,2025-09-08 15:39:33.33
149,25,34,4,,2025-09-08 15:39:33.33,2025-09-08 15:39:33.33
150,26,34,3,,2025-09-08 15:39:33.33,2025-09-08 15:39:33.33
151,27,34,1,,2025-09-08 15:39:33.33,2025-09-08 15:39:33.33
152,28,34,3,,2025-09-08 15:39:33.33,2025-09-08 15:39:33.33
153,29,34,5,,2025-09-08 15:39:33.33,2025-09-08 15:39:33.33
154,30,34,1,,2025-09-08 15:39:33.33,2025-09-08 15:39:33.33
155,31,34,4,,2025-09-08 15:39:33.33,2025-09-08 15:39:33.33
156,32,34,2,,2025-09-08 15:39:33.33,2025-09-08 15:39:33.33
157,33,34,4,,2025-09-08 15:39:33.33,2025-09-08 15:39:33.33
158,34,34,3,,2025-09-08 15:39:33.33,2025-09-08 15:39:33.33
159,35,34,1,,2025-09-08 15:39:33.33,2025-09-08 15:39:33.33
160,36,34,4,,2025-09-08 15:39:33.33,2025-09-08 15:39:33.33
161,37,34,2,,2025-09-08 15:39:33.33,2025-09-08 15:39:33.33
162,38,34,2,,2025-09-08 15:39:33.33,2025-09-08 15:39:33.33
163,39,34,4,,2025-09-08 15:39:34.34,2025-09-08 15:39:34.34
164,40,34,4,,2025-09-08 15:39:34.34,2025-09-08 15:39:34.34
165,41,34,3,,2025-09-08 15:39:34.34,2025-09-08 15:39:34.34
166,42,34,2,,2025-09-08 15:39:34.34,2025-09-08 15:39:34.34
167,43,34,6,,2025-09-08 15:39:34.34,2025-09-08 15:39:34.34
168,44,34,3,,2025-09-08 15:39:34.34,2025-09-08 15:39:34.34
169,45,34,4,,2025-09-08 15:39:34.34,2025-09-08 15:39:34.34
170,46,34,4,,2025-09-08 15:39:34.34,2025-09-08 15:39:34.34
171,47,34,1,,2025-09-08 15:39:34.34,2025-09-08 15:39:34.34
172,48,34,7,,2025-09-08 15:39:34.34,2025-09-08 15:39:34.34
173,49,34,1,,2025-09-08 15:39:34.34,2025-09-08 15:39:34.34
174,50,34,4,,2025-09-08 15:39:34.34,2025-09-08 15:39:34.34
175,51,34,3,,2025-09-08 15:39:34.34,2025-09-08 15:39:34.34
176,52,34,4,,2025-09-08 15:39:34.34,2025-09-08 15:39:34.34
177,53,34,2,,2025-09-08 15:39:34.34,2025-09-08 15:39:34.34
178,54,34,4,,2025-09-08 15:39:34.34,2025-09-08 15:39:34.34
179,55,34,2,,2025-09-08 15:39:34.34,2025-09-08 15:39:34.34
180,56,34,4,,2025-09-08 15:39:34.34,2025-09-08 15:39:34.34
181,57,34,1,,2025-09-08 15:39:34.34,2025-09-08 15:39:34.34
182,58,34,4,,2025-09-08 15:39:34.34,2025-09-08 15:39:34.34
183,59,34,4,,2025-09-08 15:39:34.34,2025-09-08 15:39:34.34
184,60,34,5,,2025-09-08 15:39:34.34,2025-09-08 15:39:34.34
185,61,34,4,,2025-09-08 15:39:34.34,2025-09-08 15:39:34.34
186,62,34,4,,2025-09-08 15:39:34.34,2025-09-08 15:39:34.34
187,63,34,6,,2025-09-08 15:39:34.34,2025-09-08 15:39:34.34
188,64,34,3,,2025-09-08 15:39:34.34,2025-09-08 15:39:34.34
189,65,34,3,,2025-09-08 15:39:34.34,2025-09-08 15:39:34.34
190,66,34,3,,2025-09-08 15:39:34.34,2025-09-08 15:39:34.34
191,67,34,1,,2025-09-08 15:39:34.34,2025-09-08 15:39:34.34
192,68,34,5,,2025-09-08 15:39:34.34,2025-09-08 15:39:34.34
193,69,34,4,,2025-09-08 15:39:34.34,2025-09-08 15:39:34.34
194,70,34,6,,2025-09-08 15:39:34.34,2025-09-08 15:39:34.34
195,71,34,5,,2025-09-08 15:39:34.34,2025-09-08 15:39:34.34
196,72,34,3,,2025-09-08 15:39:34.34,2025-09-08 15:39:34.34
197,73,34,3,,2025-09-08 15:39:34.34,2025-09-08 15:39:34.34
198,74,34,4,,2025-09-08 15:39:34.34,2025-09-08 15:39:34.34
199,75,34,3,,2025-09-08 15:39:34.34,2025-09-08 15:39:34.34
200,76,34,4,,2025-09-08 15:39:34.34,2025-09-08 15:39:34.34
201,77,34,2,,2025-09-08 15:39:34.34,2025-09-08 15:39:34.34
202,78,34,1,,2025-09-08 15:39:34.34,2025-09-08 15:39:34.34
203,79,34,4,,2025-09-08 15:39:34.34,2025-09-08 15:39:34.34
204,80,34,4,,2025-09-08 15:39:34.34,2025-09-08 15:39:34.34
205,81,34,3,,2025-09-08 15:39:34.34,2025-09-08 15:39:34.34
206,82,34,2,,2025-09-08 15:39:34.34,2025-09-08 15:39:34.34
207,83,34,4,,2025-09-08 15:39:34.34,2025-09-08 15:39:34.34
208,84,34,1,,2025-09-08 15:39:34.34,2025-09-08 15:39:34.34
209,85,34,4,,2025-09-08 15:39:34.34,2025-09-08 15:39:34.34
210,86,34,2,,2025-09-08 15:39:34.34,2025-09-08 15:39:34.34
211,87,34,4,,2025-09-08 15:39:34.34,2025-09-08 15:39:34.34
212,88,34,2,,2025-09-08 15:39:34.34,2025-09-08 15:39:34.34
213,89,34,2,,2025-09-08 15:39:34.34,2025-09-08 15:39:34.34
214,90,34,4,,2025-09-08 15:39:34.34,2025-09-08 15:39:34.34
215,91,34,4,,2025-09-08 15:39:34.34,2025-09-08 15:39:34.34
216,92,34,4,,2025-09-08 15:39:34.34,2025-09-08 15:39:34.34
217,93,34,3,,2025-09-08 15:39:34.34,2025-09-08 15:39:34.34
218,94,34,2,,2025-09-08 15:39:34.34,2025-09-08 15:39:34.34
219,95,34,3,,2025-09-08 15:39:34.34,2025-09-08 15:39:34.34
220,96,34,3,,2025-09-08 15:39:34.34,2025-09-08 15:39:34.34
221,97,34,4,,2025-09-08 15:39:34.34,2025-09-08 15:39:34.34
222,98,34,5,,2025-09-08 15:39:34.34,2025-09-08 15:39:34.34
223,99,34,3,,2025-09-08 15:39:34.34,2025-09-08 15:39:34.34
224,100,34,5,,2025-09-08 15:39:34.34,2025-09-08 15:39:34.34
225,101,34,2,,2025-09-08 15:39:34.34,2025-09-08 15:39:34.34
226,102,34,6,,2025-09-08 15:39:34.34,2025-09-08 15:39:34.34
227,103,34,3,,2025-09-08 15:39:34.34,2025-09-08 15:39:34.34
228,104,34,1,,2025-09-08 15:39:34.34,2025-09-08 15:39:34.34
229,105,34,4,,2025-09-08 15:39:34.34,2025-09-08 15:39:34.34
230,106,34,2,,2025-09-08 15:39:34.34,2025-09-08 15:39:34.34
231,107,34,5,,2025-09-08 15:39:34.34,2025-09-08 15:39:34.34
232,108,34,2,,2025-09-08 15:39:34.34,2025-09-08 15:39:34.34
233,109,34,2,,2025-09-08 15:39:34.34,2025-09-08 15:39:34.34
234,110,34,3,,2025-09-08 15:39:34.34,2025-09-08 15:39:34.34
235,111,34,4,,2025-09-08 15:39:34.34,2025-09-08 15:39:34.34
236,112,34,4,,2025-09-08 15:39:34.34,2025-09-08 15:39:34.34
237,113,34,4,,2025-09-08 15:39:34.34,2025-09-08 15:39:34.34
238,114,34,4,,2025-09-08 15:39:34.34,2025-09-08 15:39:34.34
239,115,34,7,,2025-09-08 15:39:34.34,2025-09-08 15:39:34.34
240,116,34,3,,2025-09-08 15:39:34.34,2025-09-08 15:39:34.34
241,117,34,5,,2025-09-08 15:39:34.34,2025-09-08 15:39:34.34
242,118,34,2,,2025-09-08 15:39:34.34,2025-09-08 15:39:34.34
243,119,34,5,,2025-09-08 15:39:34.34,2025-09-08 15:39:34.34
244,120,34,4,,2025-09-08 15:39:34.34,2025-09-08 15:39:34.34
245,121,34,4,,2025-09-08 15:39:34.34,2025-09-08 15:39:34.34
246,122,34,3,,2025-09-08 15:39:34.34,2025-09-08 15:39:34.34
247,123,34,3,,2025-09-08 15:39:34.34,2025-09-08 15:39:34.34
248,124,34,3,,2025-09-08 15:39:34.34,2025-09-08 15:39:34.34
249,125,34,4,,2025-09-08 15:39:34.34,2025-09-08 15:39:34.34
250,126,34,4,,2025-09-08 15:39:34.34,2025-09-08 15:39:34.34
251,127,34,2,,2025-09-08 15:39:34.34,2025-09-08 15:39:34.34
252,128,34,4,,2025-09-08 15:39:34.34,2025-09-08 15:39:34.34
253,129,34,4,,2025-09-08 15:39:34.34,2025-09-08 15:39:34.34
254,130,34,4,,2025-09-08 15:39:34.34,2025-09-08 15:39:34.34
255,131,34,2,,2025-09-08 15:39:34.34,2025-09-08 15:39:34.34
256,132,34,3,,2025-09-08 15:39:34.34,2025-09-08 15:39:34.34
257,133,34,4,,2025-09-08 15:39:34.34,2025-09-08 15:39:34.34
258,134,34,4,,2025-09-08 15:39:34.34,2025-09-08 15:39:34.34
259,135,34,5,,2025-09-08 15:39:34.34,2025-09-08 15:39:34.34
260,136,34,3,,2025-09-08 15:39:34.34,2025-09-08 15:39:34.34
261,137,34,3,,2025-09-08 15:39:34.34,2025-09-08 15:39:34.34
262,138,34,5,,2025-09-08 15:39:34.34,2025-09-08 15:39:34.34
263,139,34,4,,2025-09-08 15:39:34.34,2025-09-08 15:39:34.34
264,140,34,5,,2025-09-08 15:39:34.34,2025-09-08 15:39:34.34
265,141,34,3,,2025-09-08 15:39:34.34,2025-09-08 15:39:34.34
266,142,34,5,,2025-09-08 15:39:34.34,2025-09-08 15:39:34.34
267,143,34,3,,2025-09-08 15:39:34.34,2025-09-08 15:39:34.34
268,144,34,4,,2025-09-08 15:39:34.34,2025-09-08 15:39:34.34
269,145,34,6,,2025-09-08 15:39:34.34,2025-09-08 15:39:34.34
270,146,34,1,,2025-09-08 15:39:34.34,2025-09-08 15:39:34.34
271,147,34,4,,2025-09-08 15:39:34.34,2025-09-08 15:39:34.34
272,148,34,5,,2025-09-08 15:39:34.34,2025-09-08 15:39:34.34
273,149,34,4,,2025-09-08 15:39:34.34,2025-09-08 15:39:34.34
274,150,34,1,,2025-09-08 15:39:34.34,2025-09-08 15:39:34.34
275,151,34,2,,2025-09-08 15:39:34.34,2025-09-08 15:39:34.34
276,152,34,4,,2025-09-08 15:39:34.34,2025-09-08 15:39:34.34
277,153,34,3,,2025-09-08 15:39:34.34,2025-09-08 15:39:34.34
278,154,34,4,,2025-09-08 15:39:34.34,2025-09-08 15:39:34.34
279,155,34,4,,2025-09-08 15:39:34.34,2025-09-08 15:39:34.34
280,156,34,4,,2025-09-08 15:39:34.34,2025-09-08 15:39:34.34
281,157,34,3,,2025-09-08 15:39:34.34,2025-09-08 15:39:34.34
282,158,34,6,,2025-09-08 15:39:34.34,2025-09-08 15:39:34.34
283,159,34,1,,2025-09-08 15:39:34.34,2025-09-08 15:39:34.34
284,160,34,6,,2025-09-08 15:39:34.34,2025-09-08 15:39:34.34
285,161,34,2,,2025-09-08 15:39:34.34,2025-09-08 15:39:34.34
286,162,34,2,,2025-09-08 15:39:34.34,2025-09-08 15:39:34.34
287,163,34,5,,2025-09-08 15:39:34.34,2025-09-08 15:39:34.34
288,164,34,5,,2025-09-08 15:39:34.34,2025-09-08 15:39:34.34
289,165,34,1,,2025-09-08 15:39:34.34,2025-09-08 15:39:34.34
290,166,34,2,,2025-09-08 15:39:34.34,2025-09-08 15:39:34.34
291,167,34,3,,2025-09-08 15:39:34.34,2025-09-08 15:39:34.34
292,168,34,1,,2025-09-08 15:39:34.34,2025-09-08 15:39:34.34
293,169,34,4,,2025-09-08 15:39:34.34,2025-09-08 15:39:34.34
294,170,34,1,,2025-09-08 15:39:34.34,2025-09-08 15:39:34.34
295,171,34,4,,2025-09-08 15:39:34.34,2025-09-08 15:39:34.34
296,172,34,5,,2025-09-08 15:39:35.35,2025-09-08 15:39:35.35
297,173,34,1,,2025-09-08 15:39:35.35,2025-09-08 15:39:35.35
298,174,34,4,,2025-09-08 15:39:35.35,2025-09-08 15:39:35.35
299,175,34,4,,2025-09-08 15:39:35.35,2025-09-08 15:39:35.35
300,176,34,2,,2025-09-08 15:39:35.35,2025-09-08 15:39:35.35
301,177,34,3,,2025-09-08 15:39:35.35,2025-09-08 15:39:35.35
302,178,34,5,,2025-09-08 15:39:35.35,2025-09-08 15:39:35.35
303,179,34,3,,2025-09-08 15:39:35.35,2025-09-08 15:39:35.35
304,180,34,4,,2025-09-08 15:39:35.35,2025-09-08 15:39:35.35
305,181,34,1,,2025-09-08 15:39:35.35,2025-09-08 15:39:35.35
306,182,34,4,,2025-09-08 15:39:35.35,2025-09-08 15:39:35.35
307,183,34,1,,2025-09-08 15:39:35.35,2025-09-08 15:39:35.35
308,184,34,3,,2025-09-08 15:39:35.35,2025-09-08 15:39:35.35
309,185,34,3,,2025-09-08 15:39:35.35,2025-09-08 15:39:35.35
310,186,34,2,,2025-09-08 15:39:35.35,2025-09-08 15:39:35.35
311,187,34,3,,2025-09-08 15:39:35.35,2025-09-08 15:39:35.35
312,188,34,3,,2025-09-08 15:39:35.35,2025-09-08 15:39:35.35
313,189,34,4,,2025-09-08 15:39:35.35,2025-09-08 15:39:35.35
314,190,34,4,,2025-09-08 15:39:35.35,2025-09-08 15:39:35.35
315,191,34,4,,2025-09-08 15:39:35.35,2025-09-08 15:39:35.35
316,192,34,2,,2025-09-08 15:39:35.35,2025-09-08 15:39:35.35
317,193,34,4,,2025-09-08 15:39:35.35,2025-09-08 15:39:35.35
318,194,34,4,,2025-09-08 15:39:35.35,2025-09-08 15:39:35.35
319,195,34,1,,2025-09-08 15:39:35.35,2025-09-08 15:39:35.35
320,196,34,3,,2025-09-08 15:39:35.35,2025-09-08 15:39:35.35
321,197,34,1,,2025-09-08 15:39:35.35,2025-09-08 15:39:35.35
322,198,34,4,,2025-09-08 15:39:35.35,2025-09-08 15:39:35.35
323,199,34,4,,2025-09-08 15:39:35.35,2025-09-08 15:39:35.35
324,200,34,1,,2025-09-08 15:39:35.35,2025-09-08 15:39:35.35
325,201,34,5,,2025-09-08 15:39:35.35,2025-09-08 15:39:35.35
326,202,34,3,,2025-09-08 15:39:35.35,2025-09-08 15:39:35.35
327,203,34,4,,2025-09-08 15:39:35.35,2025-09-08 15:39:35.35
328,204,34,4,,2025-09-08 15:39:35.35,2025-09-08 15:39:35.35
329,205,34,3,,2025-09-08 15:39:35.35,2025-09-08 15:39:35.35
330,206,34,2,,2025-09-08 15:39:35.35,2025-09-08 15:39:35.35
331,207,34,2,,2025-09-08 15:39:35.35,2025-09-08 15:39:35.35
332,208,34,4,,2025-09-08 15:39:35.35,2025-09-08 15:39:35.35
333,209,34,2,,2025-09-08 15:39:35.35,2025-09-08 15:39:35.35
334,210,34,6,,2025-09-08 15:39:35.35,2025-09-08 15:39:35.35
335,211,34,2,,2025-09-08 15:39:35.35,2025-09-08 15:39:35.35
336,212,34,2,,2025-09-08 15:39:35.35,2025-09-08 15:39:35.35
337,213,34,6,,2025-09-08 15:39:35.35,2025-09-08 15:39:35.35
338,214,34,2,,2025-09-08 15:39:35.35,2025-09-08 15:39:35.35
339,215,34,1,,2025-09-08 15:39:35.35,2025-09-08 15:39:35.35
340,216,34,1,,2025-09-08 15:39:35.35,2025-09-08 15:39:35.35
341,217,34,3,,2025-09-08 15:39:35.35,2025-09-08 15:39:35.35
342,218,34,3,,2025-09-08 15:39:35.35,2025-09-08 15:39:35.35
343,219,34,4,,2025-09-08 15:39:35.35,2025-09-08 15:39:35.35
344,220,34,5,,2025-09-08 15:39:35.35,2025-09-08 15:39:35.35
345,221,34,4,,2025-09-08 15:39:35.35,2025-09-08 15:39:35.35
346,222,34,2,,2025-09-08 15:39:35.35,2025-09-08 15:39:35.35
347,223,34,6,,2025-09-08 15:39:35.35,2025-09-08 15:39:35.35
348,224,34,6,,2025-09-08 15:39:35.35,2025-09-08 15:39:35.35
349,225,34,3,,2025-09-08 15:39:35.35,2025-09-08 15:39:35.35
350,226,34,4,,2025-09-08 15:39:35.35,2025-09-08 15:39:35.35
351,227,34,5,,2025-09-08 15:39:35.35,2025-09-08 15:39:35.35
352,228,34,4,,2025-09-08 15:39:35.35,2025-09-08 15:39:35.35
353,229,34,2,,2025-09-08 15:39:35.35,2025-09-08 15:39:35.35
354,230,34,1,,2025-09-08 15:39:35.35,2025-09-08 15:39:35.35
355,231,34,2,,2025-09-08 15:39:35.35,2025-09-08 15:39:35.35
356,232,34,4,,2025-09-08 15:39:35.35,2025-09-08 15:39:35.35
357,233,34,4,,2025-09-08 15:39:35.35,2025-09-08 15:39:35.35
358,234,34,3,,2025-09-08 15:39:35.35,2025-09-08 15:39:35.35
359,235,34,1,,2025-09-08 15:39:35.35,2025-09-08 15:39:35.35
360,236,34,6,,2025-09-08 15:39:35.35,2025-09-08 15:39:35.35
361,237,34,2,,2025-09-08 15:39:35.35,2025-09-08 15:39:35.35
362,238,34,2,,2025-09-08 15:39:35.35,2025-09-08 15:39:35.35
363,239,34,4,,2025-09-08 15:39:35.35,2025-09-08 15:39:35.35
364,240,34,6,,2025-09-08 15:39:35.35,2025-09-08 15:39:35.35
365,241,34,2,,2025-09-08 15:39:35.35,2025-09-08 15:39:35.35
366,242,34,3,,2025-09-08 15:39:35.35,2025-09-08 15:39:35.35
367,243,34,3,,2025-09-08 15:39:35.35,2025-09-08 15:39:35.35
368,244,34,2,,2025-09-08 15:39:35.35,2025-09-08 15:39:35.35
369,245,34,4,,2025-09-08 15:39:35.35,2025-09-08 15:39:35.35
370,246,34,3,,2025-09-08 15:39:35.35,2025-09-08 15:39:35.35
371,247,34,2,,2025-09-08 15:39:35.35,2025-09-08 15:39:35.35
372,248,34,4,,2025-09-08 15:39:35.35,2025-09-08 15:39:35.35
373,249,34,4,,2025-09-08 15:39:35.35,2025-09-08 15:39:35.35
374,250,34,4,,2025-09-08 15:39:35.35,2025-09-08 15:39:35.35
375,251,34,4,,2025-09-08 15:39:35.35,2025-09-08 15:39:35.35
376,252,34,4,,2025-09-08 15:39:35.35,2025-09-08 15:39:35.35
377,253,34,1,,2025-09-08 15:39:35.35,2025-09-08 15:39:35.35
378,254,34,2,,2025-09-08 15:39:35.35,2025-09-08 15:39:35.35
379,255,34,3,,2025-09-08 15:39:35.35,2025-09-08 15:39:35.35
380,256,34,5,,2025-09-08 15:39:35.35,2025-09-08 15:39:35.35
381,257,34,1,,2025-09-08 15:39:35.35,2025-09-08 15:39:35.35
382,258,34,4,,2025-09-08 15:39:35.35,2025-09-08 15:39:35.35
383,259,34,3,,2025-09-08 15:39:35.35,2025-09-08 15:39:35.35
384,260,34,2,,2025-09-08 15:39:35.35,2025-09-08 15:39:35.35
385,261,34,4,,2025-09-08 15:39:35.35,2025-09-08 15:39:35.35
386,262,34,3,,2025-09-08 15:39:35.35,2025-09-08 15:39:35.35
387,263,34,4,,2025-09-08 15:39:35.35,2025-09-08 15:39:35.35
388,264,34,4,,2025-09-08 15:39:35.35,2025-09-08 15:39:35.35
389,265,34,1,,2025-09-08 15:39:35.35,2025-09-08 15:39:35.35
390,266,34,4,,2025-09-08 15:39:35.35,2025-09-08 15:39:35.35
391,267,34,4,,2025-09-08 15:39:35.35,2025-09-08 15:39:35.35
392,268,34,2,,2025-09-08 15:39:35.35,2025-09-08 15:39:35.35
393,269,34,4,,2025-09-08 15:39:35.35,2025-09-08 15:39:35.35
394,270,34,1,,2025-09-08 15:39:35.35,2025-09-08 15:39:35.35
395,271,34,7,,2025-09-08 15:39:35.35,2025-09-08 15:39:35.35
396,272,34,3,,2025-09-08 15:39:35.35,2025-09-08 15:39:35.35
397,273,34,3,,2025-09-08 15:39:35.35,2025-09-08 15:39:35.35
398,274,34,5,,2025-09-08 15:39:35.35,2025-09-08 15:39:35.35
399,275,34,3,,2025-09-08 15:39:35.35,2025-09-08 15:39:35.35
400,276,34,4,,2025-09-08 15:39:35.35,2025-09-08 15:39:35.35
401,277,34,4,,2025-09-08 15:39:35.35,2025-09-08 15:39:35.35
402,278,34,4,,2025-09-08 15:39:35.35,2025-09-08 15:39:35.35
403,279,34,4,,2025-09-08 15:39:35.35,2025-09-08 15:39:35.35
404,280,34,3,,2025-09-08 15:39:35.35,2025-09-08 15:39:35.35
405,281,34,2,,2025-09-08 15:39:35.35,2025-09-08 15:39:35.35
406,282,34,2,,2025-09-08 15:39:35.35,2025-09-08 15:39:35.35
407,283,34,2,,2025-09-08 15:39:35.35,2025-09-08 15:39:35.35
408,284,34,4,,2025-09-08 15:39:35.35,2025-09-08 15:39:35.35
409,285,34,4,,2025-09-08 15:39:35.35,2025-09-08 15:39:35.35
410,286,34,3,,2025-09-08 15:39:35.35,2025-09-08 15:39:35.35
411,287,34,2,,2025-09-08 15:39:35.35,2025-09-08 15:39:35.35
412,288,34,2,,2025-09-08 15:39:35.35,2025-09-08 15:39:35.35
413,289,34,3,,2025-09-08 15:39:35.35,2025-09-08 15:39:35.35
414,290,34,4,,2025-09-08 15:39:35.35,2025-09-08 15:39:35.35
415,291,34,1,,2025-09-08 15:39:35.35,2025-09-08 15:39:35.35
416,292,34,3,,2025-09-08 15:39:35.35,2025-09-08 15:39:35.35
417,293,34,2,,2025-09-08 15:39:35.35,2025-09-08 15:39:35.35
418,294,34,1,,2025-09-08 15:39:35.35,2025-09-08 15:39:35.35
419,295,34,2,,2025-09-08 15:39:35.35,2025-09-08 15:39:35.35
420,296,34,2,,2025-09-08 15:39:35.35,2025-09-08 15:39:35.35
421,297,34,2,,2025-09-08 15:39:35.35,2025-09-08 15:39:35.35
422,298,34,2,,2025-09-08 15:39:35.35,2025-09-08 15:39:35.35
423,299,34,1,,2025-09-08 15:39:35.35,2025-09-08 15:39:35.35
424,300,34,6,,2025-09-08 15:39:35.35,2025-09-08 15:39:35.35
425,301,34,1,,2025-09-08 15:39:35.35,2025-09-08 15:39:35.35
426,302,34,2,,2025-09-08 15:39:35.35,2025-09-08 15:39:35.35
427,303,34,2,,2025-09-08 15:39:35.35,2025-09-08 15:39:35.35
428,304,34,2,,2025-09-08 15:39:35.35,2025-09-08 15:39:35.35
429,305,34,3,,2025-09-08 15:39:36.36,2025-09-08 15:39:36.36
430,306,34,4,,2025-09-08 15:39:36.36,2025-09-08 15:39:36.36
431,307,34,4,,2025-09-08 15:39:36.36,2025-09-08 15:39:36.36
432,308,34,6,,2025-09-08 15:39:36.36,2025-09-08 15:39:36.36
433,309,34,4,,2025-09-08 15:39:36.36,2025-09-08 15:39:36.36
434,310,34,2,,2025-09-08 15:39:36.36,2025-09-08 15:39:36.36
435,311,34,4,,2025-09-08 15:39:36.36,2025-09-08 15:39:36.36
436,312,34,4,,2025-09-08 15:39:36.36,2025-09-08 15:39:36.36
437,313,34,4,,2025-09-08 15:39:36.36,2025-09-08 15:39:36.36
438,314,34,4,,2025-09-08 15:39:36.36,2025-09-08 15:39:36.36
439,315,34,3,,2025-09-08 15:39:36.36,2025-09-08 15:39:36.36
440,316,34,1,,2025-09-08 15:39:36.36,2025-09-08 15:39:36.36
441,317,34,3,,2025-09-08 15:39:36.36,2025-09-08 15:39:36.36
442,318,34,4,,2025-09-08 15:39:36.36,2025-09-08 15:39:36.36
443,319,34,6,,2025-09-08 15:39:36.36,2025-09-08 15:39:36.36
444,320,34,1,,2025-09-08 15:39:36.36,2025-09-08 15:39:36.36
445,321,34,4,,2025-09-08 15:39:36.36,2025-09-08 15:39:36.36
446,322,34,2,,2025-09-08 15:39:36.36,2025-09-08 15:39:36.36
447,323,34,3,,2025-09-08 15:39:36.36,2025-09-08 15:39:36.36
448,324,34,4,,2025-09-08 15:39:36.36,2025-09-08 15:39:36.36
449,325,34,4,,2025-09-08 15:39:36.36,2025-09-08 15:39:36.36
450,326,34,4,,2025-09-08 15:39:36.36,2025-09-08 15:39:36.36
451,327,34,5,,2025-09-08 15:39:36.36,2025-09-08 15:39:36.36
452,328,34,2,,2025-09-08 15:39:36.36,2025-09-08 15:39:36.36
453,329,34,1,,2025-09-08 15:39:36.36,2025-09-08 15:39:36.36
454,330,34,1,,2025-09-08 15:39:36.36,2025-09-08 15:39:36.36
455,331,34,3,,2025-09-08 15:39:36.36,2025-09-08 15:39:36.36
456,332,34,4,,2025-09-08 15:39:36.36,2025-09-08 15:39:36.36
457,333,34,4,,2025-09-08 15:39:36.36,2025-09-08 15:39:36.36
458,334,34,1,,2025-09-08 15:39:36.36,2025-09-08 15:39:36.36
459,335,34,3,,2025-09-08 15:39:36.36,2025-09-08 15:39:36.36
460,336,34,1,,2025-09-08 15:39:36.36,2025-09-08 15:39:36.36
461,337,34,4,,2025-09-08 15:39:36.36,2025-09-08 15:39:36.36
462,338,34,1,,2025-09-08 15:39:36.36,2025-09-08 15:39:36.36
463,339,34,5,,2025-09-08 15:39:36.36,2025-09-08 15:39:36.36
464,340,34,2,,2025-09-08 15:39:36.36,2025-09-08 15:39:36.36
465,341,34,4,,2025-09-08 15:39:36.36,2025-09-08 15:39:36.36
466,342,34,1,,2025-09-08 15:39:36.36,2025-09-08 15:39:36.36
467,343,34,1,,2025-09-08 15:39:36.36,2025-09-08 15:39:36.36
468,344,34,3,,2025-09-08 15:39:36.36,2025-09-08 15:39:36.36
469,345,34,5,,2025-09-08 15:39:36.36,2025-09-08 15:39:36.36
470,346,34,4,,2025-09-08 15:39:36.36,2025-09-08 15:39:36.36
471,347,34,4,,2025-09-08 15:39:36.36,2025-09-08 15:39:36.36
472,348,34,3,,2025-09-08 15:39:36.36,2025-09-08 15:39:36.36
473,349,34,4,,2025-09-08 15:39:36.36,2025-09-08 15:39:36.36
474,350,34,2,,2025-09-08 15:39:36.36,2025-09-08 15:39:36.36
475,351,34,3,,2025-09-08 15:39:36.36,2025-09-08 15:39:36.36
476,352,34,4,,2025-09-08 15:39:36.36,2025-09-08 15:39:36.36
477,353,34,2,,2025-09-08 15:39:36.36,2025-09-08 15:39:36.36
478,354,34,2,,2025-09-08 15:39:36.36,2025-09-08 15:39:36.36
479,355,34,2,,2025-09-08 15:39:36.36,2025-09-08 15:39:36.36
480,356,34,4,,2025-09-08 15:39:36.36,2025-09-08 15:39:36.36
481,357,34,3,,2025-09-08 15:39:36.36,2025-09-08 15:39:36.36
482,358,34,2,,2025-09-08 15:39:36.36,2025-09-08 15:39:36.36
483,359,34,2,,2025-09-08 15:39:36.36,2025-09-08 15:39:36.36
484,360,34,4,,2025-09-08 15:39:36.36,2025-09-08 15:39:36.36
485,361,34,4,,2025-09-08 15:39:36.36,2025-09-08 15:39:36.36
486,362,34,5,,2025-09-08 15:39:36.36,2025-09-08 15:39:36.36
487,363,34,4,,2025-09-08 15:39:36.36,2025-09-08 15:39:36.36
488,364,34,2,,2025-09-08 15:39:36.36,2025-09-08 15:39:36.36
489,365,34,4,,2025-09-08 15:39:36.36,2025-09-08 15:39:36.36
490,366,34,4,,2025-09-08 15:39:36.36,2025-09-08 15:39:36.36
491,367,34,3,,2025-09-08 15:39:36.36,2025-09-08 15:39:36.36
492,368,34,4,,2025-09-08 15:39:36.36,2025-09-08 15:39:36.36
493,369,34,4,,2025-09-08 15:39:36.36,2025-09-08 15:39:36.36
494,9,33,2,,2025-09-08 15:39:36.36,2025-09-08 15:39:36.36
495,10,33,2,,2025-09-08 15:39:36.36,2025-09-08 15:39:36.36
496,11,33,1,,2025-09-08 15:39:36.36,2025-09-08 15:39:36.36
497,12,33,3,,2025-09-08 15:39:36.36,2025-09-08 15:39:36.36
498,13,33,5,,2025-09-08 15:39:36.36,2025-09-08 15:39:36.36
499,14,33,5,,2025-09-08 15:39:36.36,2025-09-08 15:39:36.36
500,15,33,3,,2025-09-08 15:39:36.36,2025-09-08 15:39:36.36
501,16,33,2,,2025-09-08 15:39:36.36,2025-09-08 15:39:36.36
502,17,33,1,,2025-09-08 15:39:36.36,2025-09-08 15:39:36.36
503,18,33,1,,2025-09-08 15:39:36.36,2025-09-08 15:39:36.36
504,19,33,2,,2025-09-08 15:39:36.36,2025-09-08 15:39:36.36
505,20,33,4,,2025-09-08 15:39:36.36,2025-09-08 15:39:36.36
506,21,33,4,,2025-09-08 15:39:36.36,2025-09-08 15:39:36.36
507,22,33,2,,2025-09-08 15:39:36.36,2025-09-08 15:39:36.36
508,23,33,1,,2025-09-08 15:39:36.36,2025-09-08 15:39:36.36
509,24,33,4,,2025-09-08 15:39:36.36,2025-09-08 15:39:36.36
510,25,33,4,,2025-09-08 15:39:36.36,2025-09-08 15:39:36.36
511,26,33,3,,2025-09-08 15:39:36.36,2025-09-08 15:39:36.36
512,27,33,1,,2025-09-08 15:39:36.36,2025-09-08 15:39:36.36
513,28,33,3,,2025-09-08 15:39:36.36,2025-09-08 15:39:36.36
514,29,33,5,,2025-09-08 15:39:36.36,2025-09-08 15:39:36.36
515,30,33,1,,2025-09-08 15:39:36.36,2025-09-08 15:39:36.36
516,31,33,4,,2025-09-08 15:39:36.36,2025-09-08 15:39:36.36
517,32,33,3,,2025-09-08 15:39:36.36,2025-09-08 15:39:36.36
518,33,33,5,,2025-09-08 15:39:36.36,2025-09-08 15:39:36.36
519,34,33,5,,2025-09-08 15:39:36.36,2025-09-08 15:39:36.36
520,35,33,2,,2025-09-08 15:39:36.36,2025-09-08 15:39:36.36
521,36,33,4,,2025-09-08 15:39:36.36,2025-09-08 15:39:36.36
522,37,33,3,,2025-09-08 15:39:36.36,2025-09-08 15:39:36.36
523,38,33,2,,2025-09-08 15:39:36.36,2025-09-08 15:39:36.36
524,39,33,4,,2025-09-08 15:39:36.36,2025-09-08 15:39:36.36
525,40,33,4,,2025-09-08 15:39:36.36,2025-09-08 15:39:36.36
526,41,33,4,,2025-09-08 15:39:36.36,2025-09-08 15:39:36.36
527,42,33,2,,2025-09-08 15:39:36.36,2025-09-08 15:39:36.36
528,43,33,6,,2025-09-08 15:39:36.36,2025-09-08 15:39:36.36
529,44,33,3,,2025-09-08 15:39:36.36,2025-09-08 15:39:36.36
530,45,33,4,,2025-09-08 15:39:36.36,2025-09-08 15:39:36.36
531,46,33,2,,2025-09-08 15:39:36.36,2025-09-08 15:39:36.36
532,47,33,1,,2025-09-08 15:39:36.36,2025-09-08 15:39:36.36
533,48,33,7,,2025-09-08 15:39:36.36,2025-09-08 15:39:36.36
534,49,33,1,,2025-09-08 15:39:36.36,2025-09-08 15:39:36.36
535,50,33,4,,2025-09-08 15:39:36.36,2025-09-08 15:39:36.36
536,51,33,4,,2025-09-08 15:39:36.36,2025-09-08 15:39:36.36
537,52,33,4,,2025-09-08 15:39:36.36,2025-09-08 15:39:36.36
538,53,33,3,,2025-09-08 15:39:36.36,2025-09-08 15:39:36.36
539,54,33,4,,2025-09-08 15:39:36.36,2025-09-08 15:39:36.36
540,55,33,2,,2025-09-08 15:39:36.36,2025-09-08 15:39:36.36
541,56,33,4,,2025-09-08 15:39:36.36,2025-09-08 15:39:36.36
542,57,33,2,,2025-09-08 15:39:36.36,2025-09-08 15:39:36.36
543,58,33,3,,2025-09-08 15:39:36.36,2025-09-08 15:39:36.36
544,59,33,4,,2025-09-08 15:39:36.36,2025-09-08 15:39:36.36
545,60,33,5,,2025-09-08 15:39:36.36,2025-09-08 15:39:36.36
546,61,33,4,,2025-09-08 15:39:36.36,2025-09-08 15:39:36.36
547,62,33,5,,2025-09-08 15:39:36.36,2025-09-08 15:39:36.36
548,63,33,5,,2025-09-08 15:39:36.36,2025-09-08 15:39:36.36
549,64,33,4,,2025-09-08 15:39:36.36,2025-09-08 15:39:36.36
550,65,33,2,,2025-09-08 15:39:36.36,2025-09-08 15:39:36.36
551,66,33,3,,2025-09-08 15:39:36.36,2025-09-08 15:39:36.36
552,67,33,1,,2025-09-08 15:39:36.36,2025-09-08 15:39:36.36
553,68,33,5,,2025-09-08 15:39:36.36,2025-09-08 15:39:36.36
554,69,33,4,,2025-09-08 15:39:37.37,2025-09-08 15:39:37.37
555,70,33,6,,2025-09-08 15:39:37.37,2025-09-08 15:39:37.37
556,71,33,4,,2025-09-08 15:39:37.37,2025-09-08 15:39:37.37
557,72,33,3,,2025-09-08 15:39:37.37,2025-09-08 15:39:37.37
558,73,33,2,,2025-09-08 15:39:37.37,2025-09-08 15:39:37.37
559,74,33,4,,2025-09-08 15:39:37.37,2025-09-08 15:39:37.37
560,75,33,3,,2025-09-08 15:39:37.37,2025-09-08 15:39:37.37
561,76,33,4,,2025-09-08 15:39:37.37,2025-09-08 15:39:37.37
562,77,33,2,,2025-09-08 15:39:37.37,2025-09-08 15:39:37.37
563,78,33,1,,2025-09-08 15:39:37.37,2025-09-08 15:39:37.37
564,79,33,4,,2025-09-08 15:39:37.37,2025-09-08 15:39:37.37
565,80,33,4,,2025-09-08 15:39:37.37,2025-09-08 15:39:37.37
566,81,33,3,,2025-09-08 15:39:37.37,2025-09-08 15:39:37.37
567,82,33,3,,2025-09-08 15:39:37.37,2025-09-08 15:39:37.37
568,83,33,4,,2025-09-08 15:39:37.37,2025-09-08 15:39:37.37
569,84,33,1,,2025-09-08 15:39:37.37,2025-09-08 15:39:37.37
570,85,33,4,,2025-09-08 15:39:37.37,2025-09-08 15:39:37.37
571,86,33,3,,2025-09-08 15:39:37.37,2025-09-08 15:39:37.37
572,87,33,4,,2025-09-08 15:39:37.37,2025-09-08 15:39:37.37
573,88,33,2,,2025-09-08 15:39:37.37,2025-09-08 15:39:37.37
574,89,33,1,,2025-09-08 15:39:37.37,2025-09-08 15:39:37.37
575,90,33,4,,2025-09-08 15:39:37.37,2025-09-08 15:39:37.37
576,91,33,4,,2025-09-08 15:39:37.37,2025-09-08 15:39:37.37
577,92,33,4,,2025-09-08 15:39:37.37,2025-09-08 15:39:37.37
578,93,33,2,,2025-09-08 15:39:37.37,2025-09-08 15:39:37.37
579,94,33,2,,2025-09-08 15:39:37.37,2025-09-08 15:39:37.37
580,95,33,4,,2025-09-08 15:39:37.37,2025-09-08 15:39:37.37
581,96,33,3,,2025-09-08 15:39:37.37,2025-09-08 15:39:37.37
582,97,33,4,,2025-09-08 15:39:37.37,2025-09-08 15:39:37.37
583,98,33,5,,2025-09-08 15:39:37.37,2025-09-08 15:39:37.37
584,99,33,4,,2025-09-08 15:39:37.37,2025-09-08 15:39:37.37
585,100,33,6,,2025-09-08 15:39:37.37,2025-09-08 15:39:37.37
586,101,33,3,,2025-09-08 15:39:37.37,2025-09-08 15:39:37.37
587,102,33,6,,2025-09-08 15:39:37.37,2025-09-08 15:39:37.37
588,103,33,3,,2025-09-08 15:39:37.37,2025-09-08 15:39:37.37
589,104,33,1,,2025-09-08 15:39:37.37,2025-09-08 15:39:37.37
590,105,33,4,,2025-09-08 15:39:37.37,2025-09-08 15:39:37.37
591,106,33,3,,2025-09-08 15:39:37.37,2025-09-08 15:39:37.37
592,107,33,5,,2025-09-08 15:39:37.37,2025-09-08 15:39:37.37
593,108,33,2,,2025-09-08 15:39:37.37,2025-09-08 15:39:37.37
594,109,33,2,,2025-09-08 15:39:37.37,2025-09-08 15:39:37.37
595,110,33,2,,2025-09-08 15:39:37.37,2025-09-08 15:39:37.37
596,111,33,2,,2025-09-08 15:39:37.37,2025-09-08 15:39:37.37
597,112,33,4,,2025-09-08 15:39:37.37,2025-09-08 15:39:37.37
598,113,33,4,,2025-09-08 15:39:37.37,2025-09-08 15:39:37.37
599,114,33,2,,2025-09-08 15:39:37.37,2025-09-08 15:39:37.37
600,115,33,7,,2025-09-08 15:39:37.37,2025-09-08 15:39:37.37
601,116,33,1,,2025-09-08 15:39:37.37,2025-09-08 15:39:37.37
602,117,33,4,,2025-09-08 15:39:37.37,2025-09-08 15:39:37.37
603,118,33,2,,2025-09-08 15:39:37.37,2025-09-08 15:39:37.37
604,119,33,5,,2025-09-08 15:39:37.37,2025-09-08 15:39:37.37
605,120,33,3,,2025-09-08 15:39:37.37,2025-09-08 15:39:37.37
606,121,33,6,,2025-09-08 15:39:37.37,2025-09-08 15:39:37.37
607,122,33,3,,2025-09-08 15:39:37.37,2025-09-08 15:39:37.37
608,123,33,2,,2025-09-08 15:39:37.37,2025-09-08 15:39:37.37
609,124,33,3,,2025-09-08 15:39:37.37,2025-09-08 15:39:37.37
610,125,33,4,,2025-09-08 15:39:37.37,2025-09-08 15:39:37.37
611,126,33,4,,2025-09-08 15:39:37.37,2025-09-08 15:39:37.37
612,127,33,3,,2025-09-08 15:39:37.37,2025-09-08 15:39:37.37
613,128,33,4,,2025-09-08 15:39:37.37,2025-09-08 15:39:37.37
614,129,33,5,,2025-09-08 15:39:37.37,2025-09-08 15:39:37.37
615,130,33,3,,2025-09-08 15:39:37.37,2025-09-08 15:39:37.37
616,131,33,2,,2025-09-08 15:39:37.37,2025-09-08 15:39:37.37
617,132,33,4,,2025-09-08 15:39:37.37,2025-09-08 15:39:37.37
618,133,33,4,,2025-09-08 15:39:37.37,2025-09-08 15:39:37.37
619,134,33,4,,2025-09-08 15:39:37.37,2025-09-08 15:39:37.37
620,135,33,5,,2025-09-08 15:39:37.37,2025-09-08 15:39:37.37
621,136,33,4,,2025-09-08 15:39:37.37,2025-09-08 15:39:37.37
622,137,33,2,,2025-09-08 15:39:37.37,2025-09-08 15:39:37.37
623,138,33,6,,2025-09-08 15:39:37.37,2025-09-08 15:39:37.37
624,139,33,4,,2025-09-08 15:39:37.37,2025-09-08 15:39:37.37
625,140,33,5,,2025-09-08 15:39:37.37,2025-09-08 15:39:37.37
626,141,33,4,,2025-09-08 15:39:37.37,2025-09-08 15:39:37.37
627,142,33,4,,2025-09-08 15:39:37.37,2025-09-08 15:39:37.37
628,143,33,5,,2025-09-08 15:39:37.37,2025-09-08 15:39:37.37
629,144,33,4,,2025-09-08 15:39:37.37,2025-09-08 15:39:37.37
630,145,33,6,,2025-09-08 15:39:37.37,2025-09-08 15:39:37.37
631,146,33,2,,2025-09-08 15:39:37.37,2025-09-08 15:39:37.37
632,147,33,4,,2025-09-08 15:39:37.37,2025-09-08 15:39:37.37
633,148,33,4,,2025-09-08 15:39:37.37,2025-09-08 15:39:37.37
634,149,33,4,,2025-09-08 15:39:37.37,2025-09-08 15:39:37.37
635,150,33,1,,2025-09-08 15:39:37.37,2025-09-08 15:39:37.37
636,151,33,2,,2025-09-08 15:39:37.37,2025-09-08 15:39:37.37
637,152,33,4,,2025-09-08 15:39:37.37,2025-09-08 15:39:37.37
638,153,33,5,,2025-09-08 15:39:37.37,2025-09-08 15:39:37.37
639,154,33,4,,2025-09-08 15:39:37.37,2025-09-08 15:39:37.37
640,155,33,4,,2025-09-08 15:39:37.37,2025-09-08 15:39:37.37
641,156,33,5,,2025-09-08 15:39:37.37,2025-09-08 15:39:37.37
642,157,33,2,,2025-09-08 15:39:37.37,2025-09-08 15:39:37.37
643,158,33,6,,2025-09-08 15:39:37.37,2025-09-08 15:39:37.37
644,159,33,1,,2025-09-08 15:39:37.37,2025-09-08 15:39:37.37
645,160,33,6,,2025-09-08 15:39:37.37,2025-09-08 15:39:37.37
646,161,33,3,,2025-09-08 15:39:37.37,2025-09-08 15:39:37.37
647,162,33,2,,2025-09-08 15:39:37.37,2025-09-08 15:39:37.37
648,163,33,5,,2025-09-08 15:39:37.37,2025-09-08 15:39:37.37
649,164,33,5,,2025-09-08 15:39:37.37,2025-09-08 15:39:37.37
650,165,33,1,,2025-09-08 15:39:37.37,2025-09-08 15:39:37.37
651,166,33,4,,2025-09-08 15:39:37.37,2025-09-08 15:39:37.37
652,167,33,4,,2025-09-08 15:39:37.37,2025-09-08 15:39:37.37
653,168,33,1,,2025-09-08 15:39:37.37,2025-09-08 15:39:37.37
654,169,33,4,,2025-09-08 15:39:37.37,2025-09-08 15:39:37.37
655,170,33,1,,2025-09-08 15:39:37.37,2025-09-08 15:39:37.37
656,171,33,4,,2025-09-08 15:39:37.37,2025-09-08 15:39:37.37
657,172,33,4,,2025-09-08 15:39:37.37,2025-09-08 15:39:37.37
658,173,33,1,,2025-09-08 15:39:37.37,2025-09-08 15:39:37.37
659,174,33,4,,2025-09-08 15:39:37.37,2025-09-08 15:39:37.37
660,175,33,4,,2025-09-08 15:39:37.37,2025-09-08 15:39:37.37
661,176,33,2,,2025-09-08 15:39:37.37,2025-09-08 15:39:37.37
662,177,33,3,,2025-09-08 15:39:37.37,2025-09-08 15:39:37.37
663,178,33,5,,2025-09-08 15:39:37.37,2025-09-08 15:39:37.37
664,179,33,3,,2025-09-08 15:39:37.37,2025-09-08 15:39:37.37
665,180,33,4,,2025-09-08 15:39:37.37,2025-09-08 15:39:37.37
666,181,33,1,,2025-09-08 15:39:37.37,2025-09-08 15:39:37.37
667,182,33,5,,2025-09-08 15:39:37.37,2025-09-08 15:39:37.37
668,183,33,1,,2025-09-08 15:39:37.37,2025-09-08 15:39:37.37
669,184,33,3,,2025-09-08 15:39:37.37,2025-09-08 15:39:37.37
670,185,33,3,,2025-09-08 15:39:37.37,2025-09-08 15:39:37.37
671,186,33,2,,2025-09-08 15:39:37.37,2025-09-08 15:39:37.37
672,187,33,3,,2025-09-08 15:39:37.37,2025-09-08 15:39:37.37
673,188,33,3,,2025-09-08 15:39:37.37,2025-09-08 15:39:37.37
674,189,33,2,,2025-09-08 15:39:37.37,2025-09-08 15:39:37.37
675,190,33,4,,2025-09-08 15:39:37.37,2025-09-08 15:39:37.37
676,191,33,4,,2025-09-08 15:39:37.37,2025-09-08 15:39:37.37
677,192,33,2,,2025-09-08 15:39:37.37,2025-09-08 15:39:37.37
678,193,33,4,,2025-09-08 15:39:37.37,2025-09-08 15:39:37.37
679,194,33,4,,2025-09-08 15:39:37.37,2025-09-08 15:39:37.37
680,195,33,2,,2025-09-08 15:39:37.37,2025-09-08 15:39:37.37
681,196,33,4,,2025-09-08 15:39:37.37,2025-09-08 15:39:37.37
682,197,33,1,,2025-09-08 15:39:38.38,2025-09-08 15:39:38.38
683,198,33,4,,2025-09-08 15:39:38.38,2025-09-08 15:39:38.38
684,199,33,4,,2025-09-08 15:39:38.38,2025-09-08 15:39:38.38
685,200,33,1,,2025-09-08 15:39:38.38,2025-09-08 15:39:38.38
686,201,33,5,,2025-09-08 15:39:38.38,2025-09-08 15:39:38.38
687,202,33,3,,2025-09-08 15:39:38.38,2025-09-08 15:39:38.38
688,203,33,4,,2025-09-08 15:39:38.38,2025-09-08 15:39:38.38
689,204,33,4,,2025-09-08 15:39:38.38,2025-09-08 15:39:38.38
690,205,33,3,,2025-09-08 15:39:38.38,2025-09-08 15:39:38.38
691,206,33,2,,2025-09-08 15:39:38.38,2025-09-08 15:39:38.38
692,207,33,2,,2025-09-08 15:39:38.38,2025-09-08 15:39:38.38
693,208,33,4,,2025-09-08 15:39:38.38,2025-09-08 15:39:38.38
694,209,33,2,,2025-09-08 15:39:38.38,2025-09-08 15:39:38.38
695,210,33,6,,2025-09-08 15:39:38.38,2025-09-08 15:39:38.38
696,211,33,3,,2025-09-08 15:39:38.38,2025-09-08 15:39:38.38
697,212,33,2,,2025-09-08 15:39:38.38,2025-09-08 15:39:38.38
698,213,33,6,,2025-09-08 15:39:38.38,2025-09-08 15:39:38.38
699,214,33,2,,2025-09-08 15:39:38.38,2025-09-08 15:39:38.38
700,215,33,1,,2025-09-08 15:39:38.38,2025-09-08 15:39:38.38
701,216,33,2,,2025-09-08 15:39:38.38,2025-09-08 15:39:38.38
702,217,33,3,,2025-09-08 15:39:38.38,2025-09-08 15:39:38.38
703,218,33,3,,2025-09-08 15:39:38.38,2025-09-08 15:39:38.38
704,219,33,4,,2025-09-08 15:39:38.38,2025-09-08 15:39:38.38
705,220,33,4,,2025-09-08 15:39:38.38,2025-09-08 15:39:38.38
706,221,33,4,,2025-09-08 15:39:38.38,2025-09-08 15:39:38.38
707,222,33,2,,2025-09-08 15:39:38.38,2025-09-08 15:39:38.38
708,223,33,6,,2025-09-08 15:39:38.38,2025-09-08 15:39:38.38
709,224,33,6,,2025-09-08 15:39:38.38,2025-09-08 15:39:38.38
710,225,33,3,,2025-09-08 15:39:38.38,2025-09-08 15:39:38.38
711,226,33,4,,2025-09-08 15:39:38.38,2025-09-08 15:39:38.38
712,227,33,5,,2025-09-08 15:39:38.38,2025-09-08 15:39:38.38
713,228,33,4,,2025-09-08 15:39:38.38,2025-09-08 15:39:38.38
714,229,33,2,,2025-09-08 15:39:38.38,2025-09-08 15:39:38.38
715,230,33,1,,2025-09-08 15:39:38.38,2025-09-08 15:39:38.38
716,231,33,3,,2025-09-08 15:39:38.38,2025-09-08 15:39:38.38
717,232,33,4,,2025-09-08 15:39:38.38,2025-09-08 15:39:38.38
718,233,33,4,,2025-09-08 15:39:38.38,2025-09-08 15:39:38.38
719,234,33,3,,2025-09-08 15:39:38.38,2025-09-08 15:39:38.38
720,235,33,1,,2025-09-08 15:39:38.38,2025-09-08 15:39:38.38
721,236,33,6,,2025-09-08 15:39:38.38,2025-09-08 15:39:38.38
722,237,33,2,,2025-09-08 15:39:38.38,2025-09-08 15:39:38.38
723,238,33,4,,2025-09-08 15:39:38.38,2025-09-08 15:39:38.38
724,239,33,4,,2025-09-08 15:39:38.38,2025-09-08 15:39:38.38
725,240,33,6,,2025-09-08 15:39:38.38,2025-09-08 15:39:38.38
726,241,33,3,,2025-09-08 15:39:38.38,2025-09-08 15:39:38.38
727,242,33,4,,2025-09-08 15:39:38.38,2025-09-08 15:39:38.38
728,243,33,3,,2025-09-08 15:39:38.38,2025-09-08 15:39:38.38
729,244,33,2,,2025-09-08 15:39:38.38,2025-09-08 15:39:38.38
730,245,33,5,,2025-09-08 15:39:38.38,2025-09-08 15:39:38.38
731,246,33,4,,2025-09-08 15:39:38.38,2025-09-08 15:39:38.38
732,247,33,2,,2025-09-08 15:39:38.38,2025-09-08 15:39:38.38
733,248,33,4,,2025-09-08 15:39:38.38,2025-09-08 15:39:38.38
734,249,33,4,,2025-09-08 15:39:38.38,2025-09-08 15:39:38.38
735,250,33,4,,2025-09-08 15:39:38.38,2025-09-08 15:39:38.38
736,251,33,4,,2025-09-08 15:39:38.38,2025-09-08 15:39:38.38
737,252,33,4,,2025-09-08 15:39:38.38,2025-09-08 15:39:38.38
738,253,33,1,,2025-09-08 15:39:38.38,2025-09-08 15:39:38.38
739,254,33,2,,2025-09-08 15:39:38.38,2025-09-08 15:39:38.38
740,255,33,3,,2025-09-08 15:39:38.38,2025-09-08 15:39:38.38
741,256,33,5,,2025-09-08 15:39:38.38,2025-09-08 15:39:38.38
742,257,33,2,,2025-09-08 15:39:38.38,2025-09-08 15:39:38.38
743,258,33,4,,2025-09-08 15:39:38.38,2025-09-08 15:39:38.38
744,259,33,3,,2025-09-08 15:39:38.38,2025-09-08 15:39:38.38
745,260,33,2,,2025-09-08 15:39:38.38,2025-09-08 15:39:38.38
746,261,33,5,,2025-09-08 15:39:38.38,2025-09-08 15:39:38.38
747,262,33,3,,2025-09-08 15:39:38.38,2025-09-08 15:39:38.38
748,263,33,4,,2025-09-08 15:39:38.38,2025-09-08 15:39:38.38
749,264,33,4,,2025-09-08 15:39:38.38,2025-09-08 15:39:38.38
750,265,33,7,,2025-09-08 15:39:38.38,2025-09-08 15:39:38.38
751,266,33,4,,2025-09-08 15:39:38.38,2025-09-08 15:39:38.38
752,267,33,4,,2025-09-08 15:39:38.38,2025-09-08 15:39:38.38
753,268,33,2,,2025-09-08 15:39:38.38,2025-09-08 15:39:38.38
754,269,33,4,,2025-09-08 15:39:38.38,2025-09-08 15:39:38.38
755,270,33,1,,2025-09-08 15:39:38.38,2025-09-08 15:39:38.38
756,271,33,4,,2025-09-08 15:39:38.38,2025-09-08 15:39:38.38
757,272,33,4,,2025-09-08 15:39:38.38,2025-09-08 15:39:38.38
758,273,33,3,,2025-09-08 15:39:38.38,2025-09-08 15:39:38.38
759,274,33,2,,2025-09-08 15:39:38.38,2025-09-08 15:39:38.38
760,275,33,3,,2025-09-08 15:39:38.38,2025-09-08 15:39:38.38
761,276,33,4,,2025-09-08 15:39:38.38,2025-09-08 15:39:38.38
762,277,33,4,,2025-09-08 15:39:38.38,2025-09-08 15:39:38.38
763,278,33,2,,2025-09-08 15:39:38.38,2025-09-08 15:39:38.38
764,279,33,4,,2025-09-08 15:39:38.38,2025-09-08 15:39:38.38
765,280,33,3,,2025-09-08 15:39:38.38,2025-09-08 15:39:38.38
766,281,33,2,,2025-09-08 15:39:38.38,2025-09-08 15:39:38.38
767,282,33,2,,2025-09-08 15:39:38.38,2025-09-08 15:39:38.38
768,283,33,2,,2025-09-08 15:39:38.38,2025-09-08 15:39:38.38
769,284,33,4,,2025-09-08 15:39:38.38,2025-09-08 15:39:38.38
770,285,33,4,,2025-09-08 15:39:38.38,2025-09-08 15:39:38.38
771,286,33,4,,2025-09-08 15:39:38.38,2025-09-08 15:39:38.38
772,287,33,2,,2025-09-08 15:39:38.38,2025-09-08 15:39:38.38
773,288,33,2,,2025-09-08 15:39:38.38,2025-09-08 15:39:38.38
774,289,33,3,,2025-09-08 15:39:38.38,2025-09-08 15:39:38.38
775,290,33,4,,2025-09-08 15:39:38.38,2025-09-08 15:39:38.38
776,291,33,2,,2025-09-08 15:39:38.38,2025-09-08 15:39:38.38
777,292,33,3,,2025-09-08 15:39:38.38,2025-09-08 15:39:38.38
778,293,33,1,,2025-09-08 15:39:38.38,2025-09-08 15:39:38.38
779,294,33,5,,2025-09-08 15:39:38.38,2025-09-08 15:39:38.38
780,295,33,2,,2025-09-08 15:39:38.38,2025-09-08 15:39:38.38
781,296,33,2,,2025-09-08 15:39:38.38,2025-09-08 15:39:38.38
782,297,33,1,,2025-09-08 15:39:38.38,2025-09-08 15:39:38.38
783,298,33,2,,2025-09-08 15:39:38.38,2025-09-08 15:39:38.38
784,299,33,2,,2025-09-08 15:39:38.38,2025-09-08 15:39:38.38
785,300,33,6,,2025-09-08 15:39:38.38,2025-09-08 15:39:38.38
786,301,33,4,,2025-09-08 15:39:38.38,2025-09-08 15:39:38.38
787,302,33,3,,2025-09-08 15:39:38.38,2025-09-08 15:39:38.38
788,303,33,1,,2025-09-08 15:39:38.38,2025-09-08 15:39:38.38
789,304,33,2,,2025-09-08 15:39:38.38,2025-09-08 15:39:38.38
790,305,33,3,,2025-09-08 15:39:38.38,2025-09-08 15:39:38.38
791,306,33,4,,2025-09-08 15:39:38.38,2025-09-08 15:39:38.38
792,307,33,4,,2025-09-08 15:39:38.38,2025-09-08 15:39:38.38
793,308,33,5,,2025-09-08 15:39:38.38,2025-09-08 15:39:38.38
794,309,33,4,,2025-09-08 15:39:38.38,2025-09-08 15:39:38.38
795,310,33,2,,2025-09-08 15:39:38.38,2025-09-08 15:39:38.38
796,311,33,4,,2025-09-08 15:39:38.38,2025-09-08 15:39:38.38
797,312,33,5,,2025-09-08 15:39:38.38,2025-09-08 15:39:38.38
798,313,33,4,,2025-09-08 15:39:38.38,2025-09-08 15:39:38.38
799,314,33,4,,2025-09-08 15:39:38.38,2025-09-08 15:39:38.38
800,315,33,6,,2025-09-08 15:39:38.38,2025-09-08 15:39:38.38
801,316,33,1,,2025-09-08 15:39:38.38,2025-09-08 15:39:38.38
802,317,33,4,,2025-09-08 15:39:38.38,2025-09-08 15:39:38.38
803,318,33,4,,2025-09-08 15:39:38.38,2025-09-08 15:39:38.38
804,319,33,6,,2025-09-08 15:39:38.38,2025-09-08 15:39:38.38
805,320,33,1,,2025-09-08 15:39:38.38,2025-09-08 15:39:38.38
806,321,33,4,,2025-09-08 15:39:38.38,2025-09-08 15:39:38.38
807,322,33,2,,2025-09-08 15:39:38.38,2025-09-08 15:39:38.38
808,323,33,3,,2025-09-08 15:39:38.38,2025-09-08 15:39:38.38
809,324,33,4,,2025-09-08 15:39:38.38,2025-09-08 15:39:38.38
810,325,33,4,,2025-09-08 15:39:38.38,2025-09-08 15:39:38.38
811,326,33,4,,2025-09-08 15:39:38.38,2025-09-08 15:39:38.38
812,327,33,6,,2025-09-08 15:39:38.38,2025-09-08 15:39:38.38
813,328,33,2,,2025-09-08 15:39:38.38,2025-09-08 15:39:38.38
814,329,33,1,,2025-09-08 15:39:38.38,2025-09-08 15:39:38.38
815,330,33,1,,2025-09-08 15:39:38.38,2025-09-08 15:39:38.38
816,331,33,3,,2025-09-08 15:39:38.38,2025-09-08 15:39:38.38
817,332,33,1,,2025-09-08 15:39:38.38,2025-09-08 15:39:38.38
818,333,33,4,,2025-09-08 15:39:38.38,2025-09-08 15:39:38.38
819,334,33,1,,2025-09-08 15:39:39.39,2025-09-08 15:39:39.39
820,335,33,3,,2025-09-08 15:39:39.39,2025-09-08 15:39:39.39
821,336,33,1,,2025-09-08 15:39:39.39,2025-09-08 15:39:39.39
822,337,33,4,,2025-09-08 15:39:39.39,2025-09-08 15:39:39.39
823,338,33,1,,2025-09-08 15:39:39.39,2025-09-08 15:39:39.39
824,339,33,5,,2025-09-08 15:39:39.39,2025-09-08 15:39:39.39
825,340,33,2,,2025-09-08 15:39:39.39,2025-09-08 15:39:39.39
826,341,33,4,,2025-09-08 15:39:39.39,2025-09-08 15:39:39.39
827,342,33,1,,2025-09-08 15:39:39.39,2025-09-08 15:39:39.39
828,343,33,1,,2025-09-08 15:39:39.39,2025-09-08 15:39:39.39
829,344,33,3,,2025-09-08 15:39:39.39,2025-09-08 15:39:39.39
830,345,33,4,,2025-09-08 15:39:39.39,2025-09-08 15:39:39.39
831,346,33,2,,2025-09-08 15:39:39.39,2025-09-08 15:39:39.39
832,347,33,4,,2025-09-08 15:39:39.39,2025-09-08 15:39:39.39
833,348,33,3,,2025-09-08 15:39:39.39,2025-09-08 15:39:39.39
834,349,33,4,,2025-09-08 15:39:39.39,2025-09-08 15:39:39.39
835,350,33,2,,2025-09-08 15:39:39.39,2025-09-08 15:39:39.39
836,351,33,3,,2025-09-08 15:39:39.39,2025-09-08 15:39:39.39
837,352,33,4,,2025-09-08 15:39:39.39,2025-09-08 15:39:39.39
838,353,33,2,,2025-09-08 15:39:39.39,2025-09-08 15:39:39.39
839,354,33,3,,2025-09-08 15:39:39.39,2025-09-08 15:39:39.39
840,355,33,2,,2025-09-08 15:39:39.39,2025-09-08 15:39:39.39
841,356,33,4,,2025-09-08 15:39:39.39,2025-09-08 15:39:39.39
842,357,33,3,,2025-09-08 15:39:39.39,2025-09-08 15:39:39.39
843,358,33,2,,2025-09-08 15:39:39.39,2025-09-08 15:39:39.39
844,359,33,1,,2025-09-08 15:39:39.39,2025-09-08 15:39:39.39
845,360,33,4,,2025-09-08 15:39:39.39,2025-09-08 15:39:39.39
846,361,33,4,,2025-09-08 15:39:39.39,2025-09-08 15:39:39.39
847,362,33,5,,2025-09-08 15:39:39.39,2025-09-08 15:39:39.39
848,363,33,4,,2025-09-08 15:39:39.39,2025-09-08 15:39:39.39
849,364,33,2,,2025-09-08 15:39:39.39,2025-09-08 15:39:39.39
850,365,33,4,,2025-09-08 15:39:39.39,2025-09-08 15:39:39.39
851,366,33,3,,2025-09-08 15:39:39.39,2025-09-08 15:39:39.39
852,367,33,4,,2025-09-08 15:39:39.39,2025-09-08 15:39:39.39
853,368,33,4,,2025-09-08 15:39:39.39,2025-09-08 15:39:39.39
854,369,33,4,,2025-09-08 15:39:39.39,2025-09-08 15:39:39.39
855,9,32,2,,2025-09-08 15:39:39.39,2025-09-08 15:39:39.39
856,10,32,2,,2025-09-08 15:39:39.39,2025-09-08 15:39:39.39
857,11,32,4,,2025-09-08 15:39:39.39,2025-09-08 15:39:39.39
858,12,32,3,,2025-09-08 15:39:39.39,2025-09-08 15:39:39.39
859,13,32,5,,2025-09-08 15:39:39.39,2025-09-08 15:39:39.39
860,14,32,5,,2025-09-08 15:39:39.39,2025-09-08 15:39:39.39
861,15,32,4,,2025-09-08 15:39:39.39,2025-09-08 15:39:39.39
862,16,32,2,,2025-09-08 15:39:39.39,2025-09-08 15:39:39.39
863,17,32,1,,2025-09-08 15:39:39.39,2025-09-08 15:39:39.39
864,18,32,1,,2025-09-08 15:39:39.39,2025-09-08 15:39:39.39
865,19,32,4,,2025-09-08 15:39:39.39,2025-09-08 15:39:39.39
866,20,32,4,,2025-09-08 15:39:39.39,2025-09-08 15:39:39.39
867,21,32,4,,2025-09-08 15:39:39.39,2025-09-08 15:39:39.39
868,22,32,1,,2025-09-08 15:39:39.39,2025-09-08 15:39:39.39
869,23,32,1,,2025-09-08 15:39:39.39,2025-09-08 15:39:39.39
870,24,32,4,,2025-09-08 15:39:39.39,2025-09-08 15:39:39.39
871,25,32,4,,2025-09-08 15:39:39.39,2025-09-08 15:39:39.39
872,26,32,3,,2025-09-08 15:39:39.39,2025-09-08 15:39:39.39
873,27,32,3,,2025-09-08 15:39:39.39,2025-09-08 15:39:39.39
874,28,32,3,,2025-09-08 15:39:39.39,2025-09-08 15:39:39.39
875,29,32,5,,2025-09-08 15:39:39.39,2025-09-08 15:39:39.39
876,30,32,1,,2025-09-08 15:39:39.39,2025-09-08 15:39:39.39
877,31,32,4,,2025-09-08 15:39:39.39,2025-09-08 15:39:39.39
878,32,32,3,,2025-09-08 15:39:39.39,2025-09-08 15:39:39.39
879,33,32,4,,2025-09-08 15:39:39.39,2025-09-08 15:39:39.39
880,34,32,5,,2025-09-08 15:39:39.39,2025-09-08 15:39:39.39
881,35,32,2,,2025-09-08 15:39:39.39,2025-09-08 15:39:39.39
882,36,32,4,,2025-09-08 15:39:39.39,2025-09-08 15:39:39.39
883,37,32,4,,2025-09-08 15:39:39.39,2025-09-08 15:39:39.39
884,38,32,2,,2025-09-08 15:39:39.39,2025-09-08 15:39:39.39
885,39,32,4,,2025-09-08 15:39:39.39,2025-09-08 15:39:39.39
886,40,32,4,,2025-09-08 15:39:39.39,2025-09-08 15:39:39.39
887,41,32,2,,2025-09-08 15:39:39.39,2025-09-08 15:39:39.39
888,42,32,2,,2025-09-08 15:39:39.39,2025-09-08 15:39:39.39
889,43,32,6,,2025-09-08 15:39:39.39,2025-09-08 15:39:39.39
890,44,32,3,,2025-09-08 15:39:39.39,2025-09-08 15:39:39.39
891,45,32,4,,2025-09-08 15:39:39.39,2025-09-08 15:39:39.39
892,46,32,2,,2025-09-08 15:39:39.39,2025-09-08 15:39:39.39
893,47,32,1,,2025-09-08 15:39:39.39,2025-09-08 15:39:39.39
894,48,32,7,,2025-09-08 15:39:39.39,2025-09-08 15:39:39.39
895,49,32,1,,2025-09-08 15:39:39.39,2025-09-08 15:39:39.39
896,50,32,4,,2025-09-08 15:39:39.39,2025-09-08 15:39:39.39
897,51,32,4,,2025-09-08 15:39:39.39,2025-09-08 15:39:39.39
898,52,32,4,,2025-09-08 15:39:39.39,2025-09-08 15:39:39.39
899,53,32,2,,2025-09-08 15:39:39.39,2025-09-08 15:39:39.39
900,54,32,4,,2025-09-08 15:39:39.39,2025-09-08 15:39:39.39
901,55,32,4,,2025-09-08 15:39:39.39,2025-09-08 15:39:39.39
902,56,32,4,,2025-09-08 15:39:39.39,2025-09-08 15:39:39.39
903,57,32,2,,2025-09-08 15:39:39.39,2025-09-08 15:39:39.39
904,58,32,2,,2025-09-08 15:39:39.39,2025-09-08 15:39:39.39
905,59,32,4,,2025-09-08 15:39:39.39,2025-09-08 15:39:39.39
906,60,32,5,,2025-09-08 15:39:39.39,2025-09-08 15:39:39.39
907,61,32,4,,2025-09-08 15:39:39.39,2025-09-08 15:39:39.39
908,62,32,5,,2025-09-08 15:39:39.39,2025-09-08 15:39:39.39
909,63,32,6,,2025-09-08 15:39:39.39,2025-09-08 15:39:39.39
910,64,32,4,,2025-09-08 15:39:39.39,2025-09-08 15:39:39.39
911,65,32,2,,2025-09-08 15:39:39.39,2025-09-08 15:39:39.39
912,66,32,3,,2025-09-08 15:39:39.39,2025-09-08 15:39:39.39
913,67,32,1,,2025-09-08 15:39:39.39,2025-09-08 15:39:39.39
914,68,32,5,,2025-09-08 15:39:39.39,2025-09-08 15:39:39.39
915,69,32,4,,2025-09-08 15:39:39.39,2025-09-08 15:39:39.39
916,70,32,2,,2025-09-08 15:39:39.39,2025-09-08 15:39:39.39
917,71,32,4,,2025-09-08 15:39:39.39,2025-09-08 15:39:39.39
918,72,32,3,,2025-09-08 15:39:39.39,2025-09-08 15:39:39.39
919,73,32,2,,2025-09-08 15:39:39.39,2025-09-08 15:39:39.39
920,74,32,4,,2025-09-08 15:39:39.39,2025-09-08 15:39:39.39
921,75,32,3,,2025-09-08 15:39:39.39,2025-09-08 15:39:39.39
922,76,32,4,,2025-09-08 15:39:39.39,2025-09-08 15:39:39.39
923,77,32,2,,2025-09-08 15:39:39.39,2025-09-08 15:39:39.39
924,78,32,1,,2025-09-08 15:39:39.39,2025-09-08 15:39:39.39
925,79,32,4,,2025-09-08 15:39:39.39,2025-09-08 15:39:39.39
926,80,32,4,,2025-09-08 15:39:39.39,2025-09-08 15:39:39.39
927,81,32,3,,2025-09-08 15:39:39.39,2025-09-08 15:39:39.39
928,82,32,3,,2025-09-08 15:39:39.39,2025-09-08 15:39:39.39
929,83,32,4,,2025-09-08 15:39:39.39,2025-09-08 15:39:39.39
930,84,32,2,,2025-09-08 15:39:39.39,2025-09-08 15:39:39.39
931,85,32,4,,2025-09-08 15:39:39.39,2025-09-08 15:39:39.39
932,86,32,2,,2025-09-08 15:39:39.39,2025-09-08 15:39:39.39
933,87,32,5,,2025-09-08 15:39:39.39,2025-09-08 15:39:39.39
934,88,32,3,,2025-09-08 15:39:39.39,2025-09-08 15:39:39.39
935,89,32,2,,2025-09-08 15:39:39.39,2025-09-08 15:39:39.39
936,90,32,4,,2025-09-08 15:39:39.39,2025-09-08 15:39:39.39
937,91,32,4,,2025-09-08 15:39:39.39,2025-09-08 15:39:39.39
938,92,32,4,,2025-09-08 15:39:39.39,2025-09-08 15:39:39.39
939,93,32,3,,2025-09-08 15:39:39.39,2025-09-08 15:39:39.39
940,94,32,3,,2025-09-08 15:39:39.39,2025-09-08 15:39:39.39
941,95,32,4,,2025-09-08 15:39:39.39,2025-09-08 15:39:39.39
942,96,32,2,,2025-09-08 15:39:39.39,2025-09-08 15:39:39.39
943,97,32,4,,2025-09-08 15:39:39.39,2025-09-08 15:39:39.39
944,98,32,5,,2025-09-08 15:39:39.39,2025-09-08 15:39:39.39
945,99,32,3,,2025-09-08 15:39:39.39,2025-09-08 15:39:39.39
946,100,32,2,,2025-09-08 15:39:39.39,2025-09-08 15:39:39.39
947,101,32,5,,2025-09-08 15:39:39.39,2025-09-08 15:39:39.39
948,102,32,6,,2025-09-08 15:39:39.39,2025-09-08 15:39:39.39
949,103,32,3,,2025-09-08 15:39:39.39,2025-09-08 15:39:39.39
950,104,32,1,,2025-09-08 15:39:39.39,2025-09-08 15:39:39.39
951,105,32,4,,2025-09-08 15:39:39.39,2025-09-08 15:39:39.39
952,106,32,4,,2025-09-08 15:39:39.39,2025-09-08 15:39:39.39
953,107,32,5,,2025-09-08 15:39:40.4,2025-09-08 15:39:40.4
954,108,32,2,,2025-09-08 15:39:40.4,2025-09-08 15:39:40.4
955,109,32,2,,2025-09-08 15:39:40.4,2025-09-08 15:39:40.4
956,110,32,4,,2025-09-08 15:39:40.4,2025-09-08 15:39:40.4
957,111,32,2,,2025-09-08 15:39:40.4,2025-09-08 15:39:40.4
958,112,32,4,,2025-09-08 15:39:40.4,2025-09-08 15:39:40.4
959,113,32,6,,2025-09-08 15:39:40.4,2025-09-08 15:39:40.4
960,114,32,3,,2025-09-08 15:39:40.4,2025-09-08 15:39:40.4
961,115,32,7,,2025-09-08 15:39:40.4,2025-09-08 15:39:40.4
962,116,32,2,,2025-09-08 15:39:40.4,2025-09-08 15:39:40.4
963,117,32,4,,2025-09-08 15:39:40.4,2025-09-08 15:39:40.4
964,118,32,2,,2025-09-08 15:39:40.4,2025-09-08 15:39:40.4
965,119,32,5,,2025-09-08 15:39:40.4,2025-09-08 15:39:40.4
966,120,32,4,,2025-09-08 15:39:40.4,2025-09-08 15:39:40.4
967,121,32,5,,2025-09-08 15:39:40.4,2025-09-08 15:39:40.4
968,122,32,4,,2025-09-08 15:39:40.4,2025-09-08 15:39:40.4
969,123,32,3,,2025-09-08 15:39:40.4,2025-09-08 15:39:40.4
970,124,32,4,,2025-09-08 15:39:40.4,2025-09-08 15:39:40.4
971,125,32,4,,2025-09-08 15:39:40.4,2025-09-08 15:39:40.4
972,126,32,4,,2025-09-08 15:39:40.4,2025-09-08 15:39:40.4
973,127,32,3,,2025-09-08 15:39:40.4,2025-09-08 15:39:40.4
974,128,32,4,,2025-09-08 15:39:40.4,2025-09-08 15:39:40.4
975,129,32,6,,2025-09-08 15:39:40.4,2025-09-08 15:39:40.4
976,130,32,3,,2025-09-08 15:39:40.4,2025-09-08 15:39:40.4
977,131,32,1,,2025-09-08 15:39:40.4,2025-09-08 15:39:40.4
978,132,32,4,,2025-09-08 15:39:40.4,2025-09-08 15:39:40.4
979,133,32,4,,2025-09-08 15:39:40.4,2025-09-08 15:39:40.4
980,134,32,4,,2025-09-08 15:39:40.4,2025-09-08 15:39:40.4
981,135,32,5,,2025-09-08 15:39:40.4,2025-09-08 15:39:40.4
982,136,32,4,,2025-09-08 15:39:40.4,2025-09-08 15:39:40.4
983,137,32,2,,2025-09-08 15:39:40.4,2025-09-08 15:39:40.4
984,138,32,5,,2025-09-08 15:39:40.4,2025-09-08 15:39:40.4
985,139,32,4,,2025-09-08 15:39:40.4,2025-09-08 15:39:40.4
986,140,32,5,,2025-09-08 15:39:40.4,2025-09-08 15:39:40.4
987,141,32,5,,2025-09-08 15:39:40.4,2025-09-08 15:39:40.4
988,142,32,5,,2025-09-08 15:39:40.4,2025-09-08 15:39:40.4
989,143,32,5,,2025-09-08 15:39:40.4,2025-09-08 15:39:40.4
990,144,32,4,,2025-09-08 15:39:40.4,2025-09-08 15:39:40.4
991,145,32,6,,2025-09-08 15:39:40.4,2025-09-08 15:39:40.4
992,146,32,1,,2025-09-08 15:39:40.4,2025-09-08 15:39:40.4
993,147,32,4,,2025-09-08 15:39:40.4,2025-09-08 15:39:40.4
994,148,32,5,,2025-09-08 15:39:40.4,2025-09-08 15:39:40.4
995,149,32,4,,2025-09-08 15:39:40.4,2025-09-08 15:39:40.4
996,150,32,1,,2025-09-08 15:39:40.4,2025-09-08 15:39:40.4
997,151,32,3,,2025-09-08 15:39:40.4,2025-09-08 15:39:40.4
998,152,32,4,,2025-09-08 15:39:40.4,2025-09-08 15:39:40.4
999,153,32,2,,2025-09-08 15:39:40.4,2025-09-08 15:39:40.4
1000,154,32,4,,2025-09-08 15:39:40.4,2025-09-08 15:39:40.4
1001,155,32,2,,2025-09-08 15:39:40.4,2025-09-08 15:39:40.4
1002,156,32,4,,2025-09-08 15:39:40.4,2025-09-08 15:39:40.4
1003,157,32,3,,2025-09-08 15:39:40.4,2025-09-08 15:39:40.4
1004,158,32,6,,2025-09-08 15:39:40.4,2025-09-08 15:39:40.4
1005,159,32,2,,2025-09-08 15:39:40.4,2025-09-08 15:39:40.4
1006,160,32,6,,2025-09-08 15:39:40.4,2025-09-08 15:39:40.4
1007,161,32,4,,2025-09-08 15:39:40.4,2025-09-08 15:39:40.4
1008,162,32,2,,2025-09-08 15:39:40.4,2025-09-08 15:39:40.4
1009,163,32,5,,2025-09-08 15:39:40.4,2025-09-08 15:39:40.4
1010,164,32,5,,2025-09-08 15:39:40.4,2025-09-08 15:39:40.4
1011,165,32,5,,2025-09-08 15:39:40.4,2025-09-08 15:39:40.4
1012,166,32,4,,2025-09-08 15:39:40.4,2025-09-08 15:39:40.4
1013,167,32,3,,2025-09-08 15:39:40.4,2025-09-08 15:39:40.4
1014,168,32,1,,2025-09-08 15:39:40.4,2025-09-08 15:39:40.4
1015,169,32,4,,2025-09-08 15:39:40.4,2025-09-08 15:39:40.4
1016,170,32,1,,2025-09-08 15:39:40.4,2025-09-08 15:39:40.4
1017,171,32,4,,2025-09-08 15:39:40.4,2025-09-08 15:39:40.4
1018,172,32,4,,2025-09-08 15:39:40.4,2025-09-08 15:39:40.4
1019,173,32,1,,2025-09-08 15:39:40.4,2025-09-08 15:39:40.4
1020,174,32,4,,2025-09-08 15:39:40.4,2025-09-08 15:39:40.4
1021,175,32,5,,2025-09-08 15:39:40.4,2025-09-08 15:39:40.4
1022,176,32,2,,2025-09-08 15:39:40.4,2025-09-08 15:39:40.4
1023,177,32,3,,2025-09-08 15:39:40.4,2025-09-08 15:39:40.4
1024,178,32,5,,2025-09-08 15:39:40.4,2025-09-08 15:39:40.4
1025,179,32,4,,2025-09-08 15:39:40.4,2025-09-08 15:39:40.4
1026,180,32,4,,2025-09-08 15:39:40.4,2025-09-08 15:39:40.4
1027,181,32,1,,2025-09-08 15:39:40.4,2025-09-08 15:39:40.4
1028,182,32,5,,2025-09-08 15:39:40.4,2025-09-08 15:39:40.4
1029,183,32,1,,2025-09-08 15:39:40.4,2025-09-08 15:39:40.4
1030,184,32,3,,2025-09-08 15:39:40.4,2025-09-08 15:39:40.4
1031,185,32,3,,2025-09-08 15:39:40.4,2025-09-08 15:39:40.4
1032,186,32,2,,2025-09-08 15:39:40.4,2025-09-08 15:39:40.4
1033,187,32,4,,2025-09-08 15:39:40.4,2025-09-08 15:39:40.4
1034,188,32,3,,2025-09-08 15:39:40.4,2025-09-08 15:39:40.4
1035,189,32,2,,2025-09-08 15:39:40.4,2025-09-08 15:39:40.4
1036,190,32,4,,2025-09-08 15:39:40.4,2025-09-08 15:39:40.4
1037,191,32,4,,2025-09-08 15:39:40.4,2025-09-08 15:39:40.4
1038,192,32,2,,2025-09-08 15:39:40.4,2025-09-08 15:39:40.4
1039,193,32,4,,2025-09-08 15:39:40.4,2025-09-08 15:39:40.4
1040,194,32,4,,2025-09-08 15:39:40.4,2025-09-08 15:39:40.4
1041,195,32,3,,2025-09-08 15:39:40.4,2025-09-08 15:39:40.4
1042,196,32,4,,2025-09-08 15:39:40.4,2025-09-08 15:39:40.4
1043,197,32,4,,2025-09-08 15:39:40.4,2025-09-08 15:39:40.4
1044,198,32,4,,2025-09-08 15:39:40.4,2025-09-08 15:39:40.4
1045,199,32,4,,2025-09-08 15:39:40.4,2025-09-08 15:39:40.4
1046,200,32,1,,2025-09-08 15:39:40.4,2025-09-08 15:39:40.4
1047,201,32,5,,2025-09-08 15:39:40.4,2025-09-08 15:39:40.4
1048,202,32,3,,2025-09-08 15:39:40.4,2025-09-08 15:39:40.4
1049,203,32,4,,2025-09-08 15:39:40.4,2025-09-08 15:39:40.4
1050,204,32,4,,2025-09-08 15:39:40.4,2025-09-08 15:39:40.4
1051,205,32,3,,2025-09-08 15:39:40.4,2025-09-08 15:39:40.4
1052,206,32,2,,2025-09-08 15:39:40.4,2025-09-08 15:39:40.4
1053,207,32,2,,2025-09-08 15:39:40.4,2025-09-08 15:39:40.4
1054,208,32,4,,2025-09-08 15:39:40.4,2025-09-08 15:39:40.4
1055,209,32,2,,2025-09-08 15:39:40.4,2025-09-08 15:39:40.4
1056,210,32,6,,2025-09-08 15:39:40.4,2025-09-08 15:39:40.4
1057,211,32,3,,2025-09-08 15:39:40.4,2025-09-08 15:39:40.4
1058,212,32,2,,2025-09-08 15:39:40.4,2025-09-08 15:39:40.4
1059,213,32,6,,2025-09-08 15:39:40.4,2025-09-08 15:39:40.4
1060,214,32,4,,2025-09-08 15:39:40.4,2025-09-08 15:39:40.4
1061,215,32,1,,2025-09-08 15:39:40.4,2025-09-08 15:39:40.4
1062,216,32,3,,2025-09-08 15:39:40.4,2025-09-08 15:39:40.4
1063,217,32,3,,2025-09-08 15:39:40.4,2025-09-08 15:39:40.4
1064,218,32,4,,2025-09-08 15:39:40.4,2025-09-08 15:39:40.4
1065,219,32,4,,2025-09-08 15:39:40.4,2025-09-08 15:39:40.4
1066,220,32,4,,2025-09-08 15:39:40.4,2025-09-08 15:39:40.4
1067,221,32,4,,2025-09-08 15:39:40.4,2025-09-08 15:39:40.4
1068,222,32,2,,2025-09-08 15:39:40.4,2025-09-08 15:39:40.4
1069,223,32,6,,2025-09-08 15:39:40.4,2025-09-08 15:39:40.4
1070,224,32,6,,2025-09-08 15:39:40.4,2025-09-08 15:39:40.4
1071,225,32,3,,2025-09-08 15:39:40.4,2025-09-08 15:39:40.4
1072,226,32,4,,2025-09-08 15:39:40.4,2025-09-08 15:39:40.4
1073,227,32,4,,2025-09-08 15:39:40.4,2025-09-08 15:39:40.4
1074,228,32,4,,2025-09-08 15:39:41.41,2025-09-08 15:39:41.41
1075,229,32,2,,2025-09-08 15:39:41.41,2025-09-08 15:39:41.41
1076,230,32,1,,2025-09-08 15:39:41.41,2025-09-08 15:39:41.41
1077,231,32,3,,2025-09-08 15:39:41.41,2025-09-08 15:39:41.41
1078,232,32,4,,2025-09-08 15:39:41.41,2025-09-08 15:39:41.41
1079,233,32,4,,2025-09-08 15:39:41.41,2025-09-08 15:39:41.41
1080,234,32,3,,2025-09-08 15:39:41.41,2025-09-08 15:39:41.41
1081,235,32,1,,2025-09-08 15:39:41.41,2025-09-08 15:39:41.41
1082,236,32,6,,2025-09-08 15:39:41.41,2025-09-08 15:39:41.41
1083,237,32,2,,2025-09-08 15:39:41.41,2025-09-08 15:39:41.41
1084,238,32,4,,2025-09-08 15:39:41.41,2025-09-08 15:39:41.41
1085,239,32,5,,2025-09-08 15:39:41.41,2025-09-08 15:39:41.41
1086,240,32,6,,2025-09-08 15:39:41.41,2025-09-08 15:39:41.41
1087,241,32,3,,2025-09-08 15:39:41.41,2025-09-08 15:39:41.41
1088,242,32,4,,2025-09-08 15:39:41.41,2025-09-08 15:39:41.41
1089,243,32,3,,2025-09-08 15:39:41.41,2025-09-08 15:39:41.41
1090,244,32,2,,2025-09-08 15:39:41.41,2025-09-08 15:39:41.41
1091,245,32,4,,2025-09-08 15:39:41.41,2025-09-08 15:39:41.41
1092,246,32,3,,2025-09-08 15:39:41.41,2025-09-08 15:39:41.41
1093,247,32,2,,2025-09-08 15:39:41.41,2025-09-08 15:39:41.41
1094,248,32,4,,2025-09-08 15:39:41.41,2025-09-08 15:39:41.41
1095,249,32,4,,2025-09-08 15:39:41.41,2025-09-08 15:39:41.41
1096,250,32,4,,2025-09-08 15:39:41.41,2025-09-08 15:39:41.41
1097,251,32,4,,2025-09-08 15:39:41.41,2025-09-08 15:39:41.41
1098,252,32,4,,2025-09-08 15:39:41.41,2025-09-08 15:39:41.41
1099,253,32,1,,2025-09-08 15:39:41.41,2025-09-08 15:39:41.41
1100,254,32,2,,2025-09-08 15:39:41.41,2025-09-08 15:39:41.41
1101,255,32,5,,2025-09-08 15:39:41.41,2025-09-08 15:39:41.41
1102,256,32,5,,2025-09-08 15:39:41.41,2025-09-08 15:39:41.41
1103,257,32,2,,2025-09-08 15:39:41.41,2025-09-08 15:39:41.41
1104,258,32,4,,2025-09-08 15:39:41.41,2025-09-08 15:39:41.41
1105,259,32,3,,2025-09-08 15:39:41.41,2025-09-08 15:39:41.41
1106,260,32,2,,2025-09-08 15:39:41.41,2025-09-08 15:39:41.41
1107,261,32,5,,2025-09-08 15:39:41.41,2025-09-08 15:39:41.41
1108,262,32,3,,2025-09-08 15:39:41.41,2025-09-08 15:39:41.41
1109,263,32,4,,2025-09-08 15:39:41.41,2025-09-08 15:39:41.41
1110,264,32,4,,2025-09-08 15:39:41.41,2025-09-08 15:39:41.41
1111,265,32,7,,2025-09-08 15:39:41.41,2025-09-08 15:39:41.41
1112,266,32,4,,2025-09-08 15:39:41.41,2025-09-08 15:39:41.41
1113,267,32,5,,2025-09-08 15:39:41.41,2025-09-08 15:39:41.41
1114,268,32,2,,2025-09-08 15:39:41.41,2025-09-08 15:39:41.41
1115,269,32,4,,2025-09-08 15:39:41.41,2025-09-08 15:39:41.41
1116,270,32,1,,2025-09-08 15:39:41.41,2025-09-08 15:39:41.41
1117,271,32,6,,2025-09-08 15:39:41.41,2025-09-08 15:39:41.41
1118,272,32,4,,2025-09-08 15:39:41.41,2025-09-08 15:39:41.41
1119,273,32,3,,2025-09-08 15:39:41.41,2025-09-08 15:39:41.41
1120,274,32,2,,2025-09-08 15:39:41.41,2025-09-08 15:39:41.41
1121,275,32,3,,2025-09-08 15:39:41.41,2025-09-08 15:39:41.41
1122,276,32,4,,2025-09-08 15:39:41.41,2025-09-08 15:39:41.41
1123,277,32,4,,2025-09-08 15:39:41.41,2025-09-08 15:39:41.41
1124,278,32,2,,2025-09-08 15:39:41.41,2025-09-08 15:39:41.41
1125,279,32,4,,2025-09-08 15:39:41.41,2025-09-08 15:39:41.41
1126,280,32,3,,2025-09-08 15:39:41.41,2025-09-08 15:39:41.41
1127,281,32,2,,2025-09-08 15:39:41.41,2025-09-08 15:39:41.41
1128,282,32,3,,2025-09-08 15:39:41.41,2025-09-08 15:39:41.41
1129,283,32,5,,2025-09-08 15:39:41.41,2025-09-08 15:39:41.41
1130,284,32,4,,2025-09-08 15:39:41.41,2025-09-08 15:39:41.41
1131,285,32,4,,2025-09-08 15:39:41.41,2025-09-08 15:39:41.41
1132,286,32,5,,2025-09-08 15:39:41.41,2025-09-08 15:39:41.41
1133,287,32,2,,2025-09-08 15:39:41.41,2025-09-08 15:39:41.41
1134,288,32,2,,2025-09-08 15:39:41.41,2025-09-08 15:39:41.41
1135,289,32,3,,2025-09-08 15:39:41.41,2025-09-08 15:39:41.41
1136,290,32,4,,2025-09-08 15:39:41.41,2025-09-08 15:39:41.41
1137,291,32,1,,2025-09-08 15:39:41.41,2025-09-08 15:39:41.41
1138,292,32,3,,2025-09-08 15:39:41.41,2025-09-08 15:39:41.41
1139,293,32,2,,2025-09-08 15:39:41.41,2025-09-08 15:39:41.41
1140,294,32,5,,2025-09-08 15:39:41.41,2025-09-08 15:39:41.41
1141,295,32,2,,2025-09-08 15:39:41.41,2025-09-08 15:39:41.41
1142,296,32,2,,2025-09-08 15:39:41.41,2025-09-08 15:39:41.41
1143,297,32,1,,2025-09-08 15:39:41.41,2025-09-08 15:39:41.41
1144,298,32,2,,2025-09-08 15:39:41.41,2025-09-08 15:39:41.41
1145,299,32,4,,2025-09-08 15:39:41.41,2025-09-08 15:39:41.41
1146,300,32,6,,2025-09-08 15:39:41.41,2025-09-08 15:39:41.41
1147,301,32,7,,2025-09-08 15:39:41.41,2025-09-08 15:39:41.41
1148,302,32,3,,2025-09-08 15:39:41.41,2025-09-08 15:39:41.41
1149,303,32,1,,2025-09-08 15:39:41.41,2025-09-08 15:39:41.41
1150,304,32,2,,2025-09-08 15:39:41.41,2025-09-08 15:39:41.41
1151,305,32,3,,2025-09-08 15:39:41.41,2025-09-08 15:39:41.41
1152,306,32,4,,2025-09-08 15:39:41.41,2025-09-08 15:39:41.41
1153,307,32,4,,2025-09-08 15:39:41.41,2025-09-08 15:39:41.41
1154,308,32,6,,2025-09-08 15:39:41.41,2025-09-08 15:39:41.41
1155,309,32,4,,2025-09-08 15:39:41.41,2025-09-08 15:39:41.41
1156,310,32,4,,2025-09-08 15:39:41.41,2025-09-08 15:39:41.41
1157,311,32,4,,2025-09-08 15:39:41.41,2025-09-08 15:39:41.41
1158,312,32,4,,2025-09-08 15:39:41.41,2025-09-08 15:39:41.41
1159,313,32,4,,2025-09-08 15:39:41.41,2025-09-08 15:39:41.41
1160,314,32,4,,2025-09-08 15:39:41.41,2025-09-08 15:39:41.41
1161,315,32,6,,2025-09-08 15:39:41.41,2025-09-08 15:39:41.41
1162,316,32,1,,2025-09-08 15:39:41.41,2025-09-08 15:39:41.41
1163,317,32,3,,2025-09-08 15:39:41.41,2025-09-08 15:39:41.41
1164,318,32,4,,2025-09-08 15:39:41.41,2025-09-08 15:39:41.41
1165,319,32,6,,2025-09-08 15:39:41.41,2025-09-08 15:39:41.41
1166,320,32,1,,2025-09-08 15:39:41.41,2025-09-08 15:39:41.41
1167,321,32,4,,2025-09-08 15:39:41.41,2025-09-08 15:39:41.41
1168,322,32,5,,2025-09-08 15:39:41.41,2025-09-08 15:39:41.41
1169,323,32,3,,2025-09-08 15:39:41.41,2025-09-08 15:39:41.41
1170,324,32,4,,2025-09-08 15:39:41.41,2025-09-08 15:39:41.41
1171,325,32,4,,2025-09-08 15:39:41.41,2025-09-08 15:39:41.41
1172,326,32,4,,2025-09-08 15:39:41.41,2025-09-08 15:39:41.41
1173,327,32,6,,2025-09-08 15:39:41.41,2025-09-08 15:39:41.41
1174,328,32,2,,2025-09-08 15:39:41.41,2025-09-08 15:39:41.41
1175,329,32,1,,2025-09-08 15:39:41.41,2025-09-08 15:39:41.41
1176,330,32,4,,2025-09-08 15:39:41.41,2025-09-08 15:39:41.41
1177,331,32,3,,2025-09-08 15:39:41.41,2025-09-08 15:39:41.41
1178,332,32,1,,2025-09-08 15:39:41.41,2025-09-08 15:39:41.41
1179,333,32,4,,2025-09-08 15:39:41.41,2025-09-08 15:39:41.41
1180,334,32,4,,2025-09-08 15:39:41.41,2025-09-08 15:39:41.41
1181,335,32,3,,2025-09-08 15:39:41.41,2025-09-08 15:39:41.41
1182,336,32,1,,2025-09-08 15:39:41.41,2025-09-08 15:39:41.41
1183,337,32,4,,2025-09-08 15:39:41.41,2025-09-08 15:39:41.41
1184,338,32,1,,2025-09-08 15:39:41.41,2025-09-08 15:39:41.41
1185,339,32,5,,2025-09-08 15:39:41.41,2025-09-08 15:39:41.41
1186,340,32,2,,2025-09-08 15:39:41.41,2025-09-08 15:39:41.41
1187,341,32,4,,2025-09-08 15:39:41.41,2025-09-08 15:39:41.41
1188,342,32,1,,2025-09-08 15:39:41.41,2025-09-08 15:39:41.41
1189,343,32,1,,2025-09-08 15:39:41.41,2025-09-08 15:39:41.41
1190,344,32,3,,2025-09-08 15:39:41.41,2025-09-08 15:39:41.41
1191,345,32,4,,2025-09-08 15:39:41.41,2025-09-08 15:39:41.41
1192,346,32,2,,2025-09-08 15:39:41.41,2025-09-08 15:39:41.41
1193,347,32,4,,2025-09-08 15:39:41.41,2025-09-08 15:39:41.41
1194,348,32,5,,2025-09-08 15:39:41.41,2025-09-08 15:39:41.41
1195,349,32,4,,2025-09-08 15:39:41.41,2025-09-08 15:39:41.41
1196,350,32,2,,2025-09-08 15:39:41.41,2025-09-08 15:39:41.41
1197,351,32,3,,2025-09-08 15:39:41.41,2025-09-08 15:39:41.41
1198,352,32,4,,2025-09-08 15:39:41.41,2025-09-08 15:39:41.41
1199,353,32,3,,2025-09-08 15:39:41.41,2025-09-08 15:39:41.41
1200,354,32,3,,2025-09-08 15:39:41.41,2025-09-08 15:39:41.41
1201,355,32,2,,2025-09-08 15:39:41.41,2025-09-08 15:39:41.41
1202,356,32,4,,2025-09-08 15:39:41.41,2025-09-08 15:39:41.41
1203,357,32,3,,2025-09-08 15:39:41.41,2025-09-08 15:39:41.41
1204,358,32,2,,2025-09-08 15:39:41.41,2025-09-08 15:39:41.41
1205,359,32,2,,2025-09-08 15:39:41.41,2025-09-08 15:39:41.41
1206,360,32,4,,2025-09-08 15:39:41.41,2025-09-08 15:39:41.41
1207,361,32,4,,2025-09-08 15:39:41.41,2025-09-08 15:39:41.41
1208,362,32,5,,2025-09-08 15:39:41.41,2025-09-08 15:39:41.41
1209,363,32,4,,2025-09-08 15:39:41.41,2025-09-08 15:39:41.41
1210,364,32,2,,2025-09-08 15:39:41.41,2025-09-08 15:39:41.41
1211,365,32,2,,2025-09-08 15:39:41.41,2025-09-08 15:39:41.41
1212,366,32,4,,2025-09-08 15:39:41.41,2025-09-08 15:39:41.41
1213,367,32,3,,2025-09-08 15:39:41.41,2025-09-08 15:39:41.41
1214,368,32,4,,2025-09-08 15:39:41.41,2025-09-08 15:39:41.41
1215,369,32,4,,2025-09-08 15:39:42.42,2025-09-08 15:39:42.42
1216,9,21,6,,2025-09-08 15:39:42.42,2025-09-08 15:39:42.42
1217,10,21,4,,2025-09-08 15:39:42.42,2025-09-08 15:39:42.42
1218,11,21,6,,2025-09-08 15:39:42.42,2025-09-08 15:39:42.42
1219,12,21,3,,2025-09-08 15:39:42.42,2025-09-08 15:39:42.42
1220,13,21,5,,2025-09-08 15:39:42.42,2025-09-08 15:39:42.42
1221,14,21,3,,2025-09-08 15:39:42.42,2025-09-08 15:39:42.42
1222,15,21,4,,2025-09-08 15:39:42.42,2025-09-08 15:39:42.42
1223,16,21,5,,2025-09-08 15:39:42.42,2025-09-08 15:39:42.42
1224,17,21,4,,2025-09-08 15:39:42.42,2025-09-08 15:39:42.42
1225,18,21,6,,2025-09-08 15:39:42.42,2025-09-08 15:39:42.42
1226,19,21,6,,2025-09-08 15:39:42.42,2025-09-08 15:39:42.42
1227,20,21,4,,2025-09-08 15:39:42.42,2025-09-08 15:39:42.42
1228,21,21,5,,2025-09-08 15:39:42.42,2025-09-08 15:39:42.42
1229,22,21,5,,2025-09-08 15:39:42.42,2025-09-08 15:39:42.42
1230,23,21,4,,2025-09-08 15:39:42.42,2025-09-08 15:39:42.42
1231,24,21,4,,2025-09-08 15:39:42.42,2025-09-08 15:39:42.42
1232,25,21,5,,2025-09-08 15:39:42.42,2025-09-08 15:39:42.42
1233,26,21,4,,2025-09-08 15:39:42.42,2025-09-08 15:39:42.42
1234,27,21,5,,2025-09-08 15:39:42.42,2025-09-08 15:39:42.42
1235,28,21,5,,2025-09-08 15:39:42.42,2025-09-08 15:39:42.42
1236,29,21,5,,2025-09-08 15:39:42.42,2025-09-08 15:39:42.42
1237,30,21,6,,2025-09-08 15:39:42.42,2025-09-08 15:39:42.42
1238,31,21,4,,2025-09-08 15:39:42.42,2025-09-08 15:39:42.42
1239,32,21,5,,2025-09-08 15:39:42.42,2025-09-08 15:39:42.42
1240,33,21,4,,2025-09-08 15:39:42.42,2025-09-08 15:39:42.42
1241,34,21,4,,2025-09-08 15:39:42.42,2025-09-08 15:39:42.42
1242,35,21,5,,2025-09-08 15:39:42.42,2025-09-08 15:39:42.42
1243,36,21,4,,2025-09-08 15:39:42.42,2025-09-08 15:39:42.42
1244,37,21,6,,2025-09-08 15:39:42.42,2025-09-08 15:39:42.42
1245,38,21,5,,2025-09-08 15:39:42.42,2025-09-08 15:39:42.42
1246,39,21,4,,2025-09-08 15:39:42.42,2025-09-08 15:39:42.42
1247,40,21,4,,2025-09-08 15:39:42.42,2025-09-08 15:39:42.42
1248,41,21,4,,2025-09-08 15:39:42.42,2025-09-08 15:39:42.42
1249,42,21,6,,2025-09-08 15:39:42.42,2025-09-08 15:39:42.42
1250,43,21,6,,2025-09-08 15:39:42.42,2025-09-08 15:39:42.42
1251,44,21,6,,2025-09-08 15:39:42.42,2025-09-08 15:39:42.42
1252,45,21,4,,2025-09-08 15:39:42.42,2025-09-08 15:39:42.42
1253,46,21,6,,2025-09-08 15:39:42.42,2025-09-08 15:39:42.42
1254,47,21,7,,2025-09-08 15:39:42.42,2025-09-08 15:39:42.42
1255,48,21,4,,2025-09-08 15:39:42.42,2025-09-08 15:39:42.42
1256,49,21,5,,2025-09-08 15:39:42.42,2025-09-08 15:39:42.42
1257,50,21,4,,2025-09-08 15:39:42.42,2025-09-08 15:39:42.42
1258,51,21,6,,2025-09-08 15:39:42.42,2025-09-08 15:39:42.42
1259,52,21,4,,2025-09-08 15:39:42.42,2025-09-08 15:39:42.42
1260,53,21,6,,2025-09-08 15:39:42.42,2025-09-08 15:39:42.42
1261,54,21,6,,2025-09-08 15:39:42.42,2025-09-08 15:39:42.42
1262,55,21,4,,2025-09-08 15:39:42.42,2025-09-08 15:39:42.42
1263,56,21,4,,2025-09-08 15:39:42.42,2025-09-08 15:39:42.42
1264,57,21,5,,2025-09-08 15:39:42.42,2025-09-08 15:39:42.42
1265,58,21,4,,2025-09-08 15:39:42.42,2025-09-08 15:39:42.42
1266,59,21,6,,2025-09-08 15:39:42.42,2025-09-08 15:39:42.42
1267,60,21,4,,2025-09-08 15:39:42.42,2025-09-08 15:39:42.42
1268,61,21,6,,2025-09-08 15:39:42.42,2025-09-08 15:39:42.42
1269,62,21,7,,2025-09-08 15:39:42.42,2025-09-08 15:39:42.42
1270,63,21,6,,2025-09-08 15:39:42.42,2025-09-08 15:39:42.42
1271,64,21,4,,2025-09-08 15:39:42.42,2025-09-08 15:39:42.42
1272,65,21,4,,2025-09-08 15:39:42.42,2025-09-08 15:39:42.42
1273,66,21,6,,2025-09-08 15:39:42.42,2025-09-08 15:39:42.42
1274,67,21,6,,2025-09-08 15:39:42.42,2025-09-08 15:39:42.42
1275,68,21,4,,2025-09-08 15:39:42.42,2025-09-08 15:39:42.42
1276,69,21,4,,2025-09-08 15:39:42.42,2025-09-08 15:39:42.42
1277,70,21,4,,2025-09-08 15:39:42.42,2025-09-08 15:39:42.42
1278,71,21,6,,2025-09-08 15:39:42.42,2025-09-08 15:39:42.42
1279,72,21,5,,2025-09-08 15:39:42.42,2025-09-08 15:39:42.42
1280,73,21,6,,2025-09-08 15:39:42.42,2025-09-08 15:39:42.42
1281,74,21,1,,2025-09-08 15:39:42.42,2025-09-08 15:39:42.42
1282,75,21,3,,2025-09-08 15:39:42.42,2025-09-08 15:39:42.42
1283,76,21,6,,2025-09-08 15:39:42.42,2025-09-08 15:39:42.42
1284,77,21,4,,2025-09-08 15:39:42.42,2025-09-08 15:39:42.42
1285,78,21,6,,2025-09-08 15:39:42.42,2025-09-08 15:39:42.42
1286,79,21,4,,2025-09-08 15:39:42.42,2025-09-08 15:39:42.42
1287,80,21,6,,2025-09-08 15:39:42.42,2025-09-08 15:39:42.42
1288,81,21,6,,2025-09-08 15:39:42.42,2025-09-08 15:39:42.42
1289,82,21,6,,2025-09-08 15:39:42.42,2025-09-08 15:39:42.42
1290,83,21,4,,2025-09-08 15:39:42.42,2025-09-08 15:39:42.42
1291,84,21,5,,2025-09-08 15:39:42.42,2025-09-08 15:39:42.42
1292,85,21,6,,2025-09-08 15:39:42.42,2025-09-08 15:39:42.42
1293,86,21,6,,2025-09-08 15:39:42.42,2025-09-08 15:39:42.42
1294,87,21,4,,2025-09-08 15:39:42.42,2025-09-08 15:39:42.42
1295,88,21,6,,2025-09-08 15:39:42.42,2025-09-08 15:39:42.42
1296,89,21,2,,2025-09-08 15:39:42.42,2025-09-08 15:39:42.42
1297,90,21,5,,2025-09-08 15:39:42.42,2025-09-08 15:39:42.42
1298,91,21,4,,2025-09-08 15:39:42.42,2025-09-08 15:39:42.42
1299,92,21,4,,2025-09-08 15:39:42.42,2025-09-08 15:39:42.42
1300,93,21,4,,2025-09-08 15:39:42.42,2025-09-08 15:39:42.42
1301,94,21,5,,2025-09-08 15:39:42.42,2025-09-08 15:39:42.42
1302,95,21,4,,2025-09-08 15:39:42.42,2025-09-08 15:39:42.42
1303,96,21,6,,2025-09-08 15:39:42.42,2025-09-08 15:39:42.42
1304,97,21,3,,2025-09-08 15:39:42.42,2025-09-08 15:39:42.42
1305,98,21,4,,2025-09-08 15:39:42.42,2025-09-08 15:39:42.42
1306,99,21,3,,2025-09-08 15:39:42.42,2025-09-08 15:39:42.42
1307,100,21,5,,2025-09-08 15:39:42.42,2025-09-08 15:39:42.42
1308,101,21,5,,2025-09-08 15:39:42.42,2025-09-08 15:39:42.42
1309,102,21,5,,2025-09-08 15:39:42.42,2025-09-08 15:39:42.42
1310,103,21,4,,2025-09-08 15:39:42.42,2025-09-08 15:39:42.42
1311,104,21,7,,2025-09-08 15:39:42.42,2025-09-08 15:39:42.42
1312,105,21,5,,2025-09-08 15:39:42.42,2025-09-08 15:39:42.42
1313,106,21,5,,2025-09-08 15:39:42.42,2025-09-08 15:39:42.42
1314,107,21,5,,2025-09-08 15:39:42.42,2025-09-08 15:39:42.42
1315,108,21,6,,2025-09-08 15:39:42.42,2025-09-08 15:39:42.42
1316,109,21,4,,2025-09-08 15:39:42.42,2025-09-08 15:39:42.42
1317,110,21,5,,2025-09-08 15:39:42.42,2025-09-08 15:39:42.42
1318,111,21,5,,2025-09-08 15:39:42.42,2025-09-08 15:39:42.42
1319,112,21,5,,2025-09-08 15:39:42.42,2025-09-08 15:39:42.42
1320,113,21,5,,2025-09-08 15:39:42.42,2025-09-08 15:39:42.42
1321,114,21,6,,2025-09-08 15:39:42.42,2025-09-08 15:39:42.42
1322,115,21,1,,2025-09-08 15:39:42.42,2025-09-08 15:39:42.42
1323,116,21,5,,2025-09-08 15:39:42.42,2025-09-08 15:39:42.42
1324,117,21,6,,2025-09-08 15:39:42.42,2025-09-08 15:39:42.42
1325,118,21,6,,2025-09-08 15:39:42.42,2025-09-08 15:39:42.42
1326,119,21,4,,2025-09-08 15:39:42.42,2025-09-08 15:39:42.42
1327,120,21,4,,2025-09-08 15:39:42.42,2025-09-08 15:39:42.42
1328,121,21,2,,2025-09-08 15:39:42.42,2025-09-08 15:39:42.42
1329,122,21,6,,2025-09-08 15:39:42.42,2025-09-08 15:39:42.42
1330,123,21,6,,2025-09-08 15:39:42.42,2025-09-08 15:39:42.42
1331,124,21,6,,2025-09-08 15:39:42.42,2025-09-08 15:39:42.42
1332,125,21,6,,2025-09-08 15:39:42.42,2025-09-08 15:39:42.42
1333,126,21,4,,2025-09-08 15:39:42.42,2025-09-08 15:39:42.42
1334,127,21,6,,2025-09-08 15:39:42.42,2025-09-08 15:39:42.42
1335,128,21,4,,2025-09-08 15:39:42.42,2025-09-08 15:39:42.42
1336,129,21,5,,2025-09-08 15:39:42.42,2025-09-08 15:39:42.42
1337,130,21,6,,2025-09-08 15:39:42.42,2025-09-08 15:39:42.42
1338,131,21,5,,2025-09-08 15:39:42.42,2025-09-08 15:39:42.42
1339,132,21,4,,2025-09-08 15:39:42.42,2025-09-08 15:39:42.42
1340,133,21,4,,2025-09-08 15:39:42.42,2025-09-08 15:39:42.42
1341,134,21,7,,2025-09-08 15:39:42.42,2025-09-08 15:39:42.42
1342,135,21,5,,2025-09-08 15:39:42.42,2025-09-08 15:39:42.42
1343,136,21,4,,2025-09-08 15:39:42.42,2025-09-08 15:39:42.42
1344,137,21,6,,2025-09-08 15:39:42.42,2025-09-08 15:39:42.42
1345,138,21,7,,2025-09-08 15:39:42.42,2025-09-08 15:39:42.42
1346,139,21,4,,2025-09-08 15:39:42.42,2025-09-08 15:39:42.42
1347,140,21,5,,2025-09-08 15:39:42.42,2025-09-08 15:39:42.42
1348,141,21,5,,2025-09-08 15:39:42.42,2025-09-08 15:39:42.42
1349,142,21,4,,2025-09-08 15:39:42.42,2025-09-08 15:39:42.42
1350,143,21,4,,2025-09-08 15:39:42.42,2025-09-08 15:39:42.42
1351,144,21,4,,2025-09-08 15:39:42.42,2025-09-08 15:39:42.42
1352,145,21,6,,2025-09-08 15:39:42.42,2025-09-08 15:39:42.42
1353,146,21,5,,2025-09-08 15:39:42.42,2025-09-08 15:39:42.42
1354,147,21,5,,2025-09-08 15:39:42.42,2025-09-08 15:39:42.42
1355,148,21,5,,2025-09-08 15:39:42.42,2025-09-08 15:39:42.42
1356,149,21,4,,2025-09-08 15:39:42.42,2025-09-08 15:39:42.42
1357,150,21,6,,2025-09-08 15:39:42.42,2025-09-08 15:39:42.42
1358,151,21,5,,2025-09-08 15:39:42.42,2025-09-08 15:39:42.42
1359,152,21,4,,2025-09-08 15:39:42.42,2025-09-08 15:39:42.42
1360,153,21,3,,2025-09-08 15:39:42.42,2025-09-08 15:39:42.42
1361,154,21,4,,2025-09-08 15:39:42.42,2025-09-08 15:39:42.42
1362,155,21,5,,2025-09-08 15:39:42.42,2025-09-08 15:39:42.42
1363,156,21,4,,2025-09-08 15:39:42.42,2025-09-08 15:39:42.42
1364,157,21,6,,2025-09-08 15:39:43.43,2025-09-08 15:39:43.43
1365,158,21,3,,2025-09-08 15:39:43.43,2025-09-08 15:39:43.43
1366,159,21,6,,2025-09-08 15:39:43.43,2025-09-08 15:39:43.43
1367,160,21,5,,2025-09-08 15:39:43.43,2025-09-08 15:39:43.43
1368,161,21,4,,2025-09-08 15:39:43.43,2025-09-08 15:39:43.43
1369,162,21,4,,2025-09-08 15:39:43.43,2025-09-08 15:39:43.43
1370,163,21,5,,2025-09-08 15:39:43.43,2025-09-08 15:39:43.43
1371,164,21,6,,2025-09-08 15:39:43.43,2025-09-08 15:39:43.43
1372,165,21,6,,2025-09-08 15:39:43.43,2025-09-08 15:39:43.43
1373,166,21,3,,2025-09-08 15:39:43.43,2025-09-08 15:39:43.43
1374,167,21,6,,2025-09-08 15:39:43.43,2025-09-08 15:39:43.43
1375,168,21,7,,2025-09-08 15:39:43.43,2025-09-08 15:39:43.43
1376,169,21,4,,2025-09-08 15:39:43.43,2025-09-08 15:39:43.43
1377,170,21,6,,2025-09-08 15:39:43.43,2025-09-08 15:39:43.43
1378,171,21,4,,2025-09-08 15:39:43.43,2025-09-08 15:39:43.43
1379,172,21,3,,2025-09-08 15:39:43.43,2025-09-08 15:39:43.43
1380,173,21,6,,2025-09-08 15:39:43.43,2025-09-08 15:39:43.43
1381,174,21,4,,2025-09-08 15:39:43.43,2025-09-08 15:39:43.43
1382,175,21,5,,2025-09-08 15:39:43.43,2025-09-08 15:39:43.43
1383,176,21,6,,2025-09-08 15:39:43.43,2025-09-08 15:39:43.43
1384,177,21,5,,2025-09-08 15:39:43.43,2025-09-08 15:39:43.43
1385,178,21,5,,2025-09-08 15:39:43.43,2025-09-08 15:39:43.43
1386,179,21,5,,2025-09-08 15:39:43.43,2025-09-08 15:39:43.43
1387,180,21,5,,2025-09-08 15:39:43.43,2025-09-08 15:39:43.43
1388,181,21,6,,2025-09-08 15:39:43.43,2025-09-08 15:39:43.43
1389,182,21,4,,2025-09-08 15:39:43.43,2025-09-08 15:39:43.43
1390,183,21,6,,2025-09-08 15:39:43.43,2025-09-08 15:39:43.43
1391,184,21,7,,2025-09-08 15:39:43.43,2025-09-08 15:39:43.43
1392,185,21,4,,2025-09-08 15:39:43.43,2025-09-08 15:39:43.43
1393,186,21,6,,2025-09-08 15:39:43.43,2025-09-08 15:39:43.43
1394,187,21,6,,2025-09-08 15:39:43.43,2025-09-08 15:39:43.43
1395,188,21,4,,2025-09-08 15:39:43.43,2025-09-08 15:39:43.43
1396,189,21,4,,2025-09-08 15:39:43.43,2025-09-08 15:39:43.43
1397,190,21,3,,2025-09-08 15:39:43.43,2025-09-08 15:39:43.43
1398,191,21,4,,2025-09-08 15:39:43.43,2025-09-08 15:39:43.43
1399,192,21,5,,2025-09-08 15:39:43.43,2025-09-08 15:39:43.43
1400,193,21,3,,2025-09-08 15:39:43.43,2025-09-08 15:39:43.43
1401,194,21,6,,2025-09-08 15:39:43.43,2025-09-08 15:39:43.43
1402,195,21,5,,2025-09-08 15:39:43.43,2025-09-08 15:39:43.43
1403,196,21,5,,2025-09-08 15:39:43.43,2025-09-08 15:39:43.43
1404,197,21,4,,2025-09-08 15:39:43.43,2025-09-08 15:39:43.43
1405,198,21,5,,2025-09-08 15:39:43.43,2025-09-08 15:39:43.43
1406,199,21,5,,2025-09-08 15:39:43.43,2025-09-08 15:39:43.43
1407,200,21,5,,2025-09-08 15:39:43.43,2025-09-08 15:39:43.43
1408,201,21,4,,2025-09-08 15:39:43.43,2025-09-08 15:39:43.43
1409,202,21,6,,2025-09-08 15:39:43.43,2025-09-08 15:39:43.43
1410,203,21,4,,2025-09-08 15:39:43.43,2025-09-08 15:39:43.43
1411,204,21,6,,2025-09-08 15:39:43.43,2025-09-08 15:39:43.43
1412,205,21,6,,2025-09-08 15:39:43.43,2025-09-08 15:39:43.43
1413,206,21,7,,2025-09-08 15:39:43.43,2025-09-08 15:39:43.43
1414,207,21,7,,2025-09-08 15:39:43.43,2025-09-08 15:39:43.43
1415,208,21,4,,2025-09-08 15:39:43.43,2025-09-08 15:39:43.43
1416,209,21,4,,2025-09-08 15:39:43.43,2025-09-08 15:39:43.43
1417,210,21,6,,2025-09-08 15:39:43.43,2025-09-08 15:39:43.43
1418,211,21,7,,2025-09-08 15:39:43.43,2025-09-08 15:39:43.43
1419,212,21,5,,2025-09-08 15:39:43.43,2025-09-08 15:39:43.43
1420,213,21,5,,2025-09-08 15:39:43.43,2025-09-08 15:39:43.43
1421,214,21,4,,2025-09-08 15:39:43.43,2025-09-08 15:39:43.43
1422,215,21,5,,2025-09-08 15:39:43.43,2025-09-08 15:39:43.43
1423,216,21,5,,2025-09-08 15:39:43.43,2025-09-08 15:39:43.43
1424,217,21,5,,2025-09-08 15:39:43.43,2025-09-08 15:39:43.43
1425,218,21,5,,2025-09-08 15:39:43.43,2025-09-08 15:39:43.43
1426,219,21,4,,2025-09-08 15:39:43.43,2025-09-08 15:39:43.43
1427,220,21,5,,2025-09-08 15:39:43.43,2025-09-08 15:39:43.43
1428,221,21,2,,2025-09-08 15:39:43.43,2025-09-08 15:39:43.43
1429,222,21,3,,2025-09-08 15:39:43.43,2025-09-08 15:39:43.43
1430,223,21,4,,2025-09-08 15:39:43.43,2025-09-08 15:39:43.43
1431,224,21,4,,2025-09-08 15:39:43.43,2025-09-08 15:39:43.43
1432,225,21,6,,2025-09-08 15:39:43.43,2025-09-08 15:39:43.43
1433,226,21,5,,2025-09-08 15:39:43.43,2025-09-08 15:39:43.43
1434,227,21,4,,2025-09-08 15:39:43.43,2025-09-08 15:39:43.43
1435,228,21,4,,2025-09-08 15:39:43.43,2025-09-08 15:39:43.43
1436,229,21,6,,2025-09-08 15:39:43.43,2025-09-08 15:39:43.43
1437,230,21,7,,2025-09-08 15:39:43.43,2025-09-08 15:39:43.43
1438,231,21,5,,2025-09-08 15:39:43.43,2025-09-08 15:39:43.43
1439,232,21,5,,2025-09-08 15:39:43.43,2025-09-08 15:39:43.43
1440,233,21,6,,2025-09-08 15:39:43.43,2025-09-08 15:39:43.43
1441,234,21,6,,2025-09-08 15:39:43.43,2025-09-08 15:39:43.43
1442,235,21,6,,2025-09-08 15:39:43.43,2025-09-08 15:39:43.43
1443,236,21,7,,2025-09-08 15:39:43.43,2025-09-08 15:39:43.43
1444,237,21,6,,2025-09-08 15:39:43.43,2025-09-08 15:39:43.43
1445,238,21,5,,2025-09-08 15:39:43.43,2025-09-08 15:39:43.43
1446,239,21,5,,2025-09-08 15:39:43.43,2025-09-08 15:39:43.43
1447,240,21,6,,2025-09-08 15:39:43.43,2025-09-08 15:39:43.43
1448,241,21,5,,2025-09-08 15:39:43.43,2025-09-08 15:39:43.43
1449,242,21,5,,2025-09-08 15:39:43.43,2025-09-08 15:39:43.43
1450,243,21,5,,2025-09-08 15:39:43.43,2025-09-08 15:39:43.43
1451,244,21,6,,2025-09-08 15:39:43.43,2025-09-08 15:39:43.43
1452,245,21,3,,2025-09-08 15:39:43.43,2025-09-08 15:39:43.43
1453,246,21,6,,2025-09-08 15:39:43.43,2025-09-08 15:39:43.43
1454,247,21,6,,2025-09-08 15:39:43.43,2025-09-08 15:39:43.43
1455,248,21,4,,2025-09-08 15:39:43.43,2025-09-08 15:39:43.43
1456,249,21,5,,2025-09-08 15:39:43.43,2025-09-08 15:39:43.43
1457,250,21,6,,2025-09-08 15:39:43.43,2025-09-08 15:39:43.43
1458,251,21,5,,2025-09-08 15:39:43.43,2025-09-08 15:39:43.43
1459,252,21,4,,2025-09-08 15:39:43.43,2025-09-08 15:39:43.43
1460,253,21,6,,2025-09-08 15:39:43.43,2025-09-08 15:39:43.43
1461,254,21,6,,2025-09-08 15:39:43.43,2025-09-08 15:39:43.43
1462,255,21,5,,2025-09-08 15:39:43.43,2025-09-08 15:39:43.43
1463,256,21,5,,2025-09-08 15:39:43.43,2025-09-08 15:39:43.43
1464,257,21,6,,2025-09-08 15:39:43.43,2025-09-08 15:39:43.43
1465,258,21,4,,2025-09-08 15:39:43.43,2025-09-08 15:39:43.43
1466,259,21,4,,2025-09-08 15:39:43.43,2025-09-08 15:39:43.43
1467,260,21,5,,2025-09-08 15:39:43.43,2025-09-08 15:39:43.43
1468,261,21,4,,2025-09-08 15:39:43.43,2025-09-08 15:39:43.43
1469,262,21,5,,2025-09-08 15:39:43.43,2025-09-08 15:39:43.43
1470,263,21,6,,2025-09-08 15:39:43.43,2025-09-08 15:39:43.43
1471,264,21,4,,2025-09-08 15:39:43.43,2025-09-08 15:39:43.43
1472,265,21,7,,2025-09-08 15:39:43.43,2025-09-08 15:39:43.43
1473,266,21,4,,2025-09-08 15:39:43.43,2025-09-08 15:39:43.43
1474,267,21,4,,2025-09-08 15:39:43.43,2025-09-08 15:39:43.43
1475,268,21,5,,2025-09-08 15:39:43.43,2025-09-08 15:39:43.43
1476,269,21,4,,2025-09-08 15:39:43.43,2025-09-08 15:39:43.43
1477,270,21,6,,2025-09-08 15:39:43.43,2025-09-08 15:39:43.43
1478,271,21,4,,2025-09-08 15:39:43.43,2025-09-08 15:39:43.43
1479,272,21,6,,2025-09-08 15:39:43.43,2025-09-08 15:39:43.43
1480,273,21,5,,2025-09-08 15:39:43.43,2025-09-08 15:39:43.43
1481,274,21,7,,2025-09-08 15:39:43.43,2025-09-08 15:39:43.43
1482,275,21,4,,2025-09-08 15:39:43.43,2025-09-08 15:39:43.43
1483,276,21,5,,2025-09-08 15:39:43.43,2025-09-08 15:39:43.43
1484,277,21,4,,2025-09-08 15:39:43.43,2025-09-08 15:39:43.43
1485,278,21,4,,2025-09-08 15:39:43.43,2025-09-08 15:39:43.43
1486,279,21,3,,2025-09-08 15:39:44.44,2025-09-08 15:39:44.44
1487,280,21,5,,2025-09-08 15:39:44.44,2025-09-08 15:39:44.44
1488,281,21,5,,2025-09-08 15:39:44.44,2025-09-08 15:39:44.44
1489,282,21,5,,2025-09-08 15:39:44.44,2025-09-08 15:39:44.44
1490,283,21,6,,2025-09-08 15:39:44.44,2025-09-08 15:39:44.44
1491,284,21,5,,2025-09-08 15:39:44.44,2025-09-08 15:39:44.44
1492,285,21,3,,2025-09-08 15:39:44.44,2025-09-08 15:39:44.44
1493,286,21,5,,2025-09-08 15:39:44.44,2025-09-08 15:39:44.44
1494,287,21,4,,2025-09-08 15:39:44.44,2025-09-08 15:39:44.44
1495,288,21,6,,2025-09-08 15:39:44.44,2025-09-08 15:39:44.44
1496,289,21,5,,2025-09-08 15:39:44.44,2025-09-08 15:39:44.44
1497,290,21,4,,2025-09-08 15:39:44.44,2025-09-08 15:39:44.44
1498,291,21,4,,2025-09-08 15:39:44.44,2025-09-08 15:39:44.44
1499,292,21,4,,2025-09-08 15:39:44.44,2025-09-08 15:39:44.44
1500,293,21,6,,2025-09-08 15:39:44.44,2025-09-08 15:39:44.44
1501,294,21,5,,2025-09-08 15:39:44.44,2025-09-08 15:39:44.44
1502,295,21,5,,2025-09-08 15:39:44.44,2025-09-08 15:39:44.44
1503,296,21,6,,2025-09-08 15:39:44.44,2025-09-08 15:39:44.44
1504,297,21,6,,2025-09-08 15:39:44.44,2025-09-08 15:39:44.44
1505,298,21,5,,2025-09-08 15:39:44.44,2025-09-08 15:39:44.44
1506,299,21,5,,2025-09-08 15:39:44.44,2025-09-08 15:39:44.44
1507,300,21,4,,2025-09-08 15:39:44.44,2025-09-08 15:39:44.44
1508,301,21,4,,2025-09-08 15:39:44.44,2025-09-08 15:39:44.44
1509,302,21,5,,2025-09-08 15:39:44.44,2025-09-08 15:39:44.44
1510,303,21,4,,2025-09-08 15:39:44.44,2025-09-08 15:39:44.44
1511,304,21,7,,2025-09-08 15:39:44.44,2025-09-08 15:39:44.44
1512,305,21,5,,2025-09-08 15:39:44.44,2025-09-08 15:39:44.44
1513,306,21,4,,2025-09-08 15:39:44.44,2025-09-08 15:39:44.44
1514,307,21,6,,2025-09-08 15:39:44.44,2025-09-08 15:39:44.44
1515,308,21,6,,2025-09-08 15:39:44.44,2025-09-08 15:39:44.44
1516,309,21,6,,2025-09-08 15:39:44.44,2025-09-08 15:39:44.44
1517,310,21,4,,2025-09-08 15:39:44.44,2025-09-08 15:39:44.44
1518,311,21,5,,2025-09-08 15:39:44.44,2025-09-08 15:39:44.44
1519,312,21,5,,2025-09-08 15:39:44.44,2025-09-08 15:39:44.44
1520,313,21,6,,2025-09-08 15:39:44.44,2025-09-08 15:39:44.44
1521,314,21,4,,2025-09-08 15:39:44.44,2025-09-08 15:39:44.44
1522,315,21,6,,2025-09-08 15:39:44.44,2025-09-08 15:39:44.44
1523,316,21,6,,2025-09-08 15:39:44.44,2025-09-08 15:39:44.44
1524,317,21,6,,2025-09-08 15:39:44.44,2025-09-08 15:39:44.44
1525,318,21,6,,2025-09-08 15:39:44.44,2025-09-08 15:39:44.44
1526,319,21,5,,2025-09-08 15:39:44.44,2025-09-08 15:39:44.44
1527,320,21,6,,2025-09-08 15:39:44.44,2025-09-08 15:39:44.44
1528,321,21,6,,2025-09-08 15:39:44.44,2025-09-08 15:39:44.44
1529,322,21,6,,2025-09-08 15:39:44.44,2025-09-08 15:39:44.44
1530,323,21,5,,2025-09-08 15:39:44.44,2025-09-08 15:39:44.44
1531,324,21,4,,2025-09-08 15:39:44.44,2025-09-08 15:39:44.44
1532,325,21,5,,2025-09-08 15:39:44.44,2025-09-08 15:39:44.44
1533,326,21,4,,2025-09-08 15:39:44.44,2025-09-08 15:39:44.44
1534,327,21,4,,2025-09-08 15:39:44.44,2025-09-08 15:39:44.44
1535,328,21,4,,2025-09-08 15:39:44.44,2025-09-08 15:39:44.44
1536,329,21,6,,2025-09-08 15:39:44.44,2025-09-08 15:39:44.44
1537,330,21,4,,2025-09-08 15:39:44.44,2025-09-08 15:39:44.44
1538,331,21,4,,2025-09-08 15:39:44.44,2025-09-08 15:39:44.44
1539,332,21,4,,2025-09-08 15:39:44.44,2025-09-08 15:39:44.44
1540,333,21,4,,2025-09-08 15:39:44.44,2025-09-08 15:39:44.44
1541,334,21,5,,2025-09-08 15:39:44.44,2025-09-08 15:39:44.44
1542,335,21,3,,2025-09-08 15:39:44.44,2025-09-08 15:39:44.44
1543,336,21,5,,2025-09-08 15:39:44.44,2025-09-08 15:39:44.44
1544,337,21,5,,2025-09-08 15:39:44.44,2025-09-08 15:39:44.44
1545,338,21,5,,2025-09-08 15:39:44.44,2025-09-08 15:39:44.44
1546,339,21,6,,2025-09-08 15:39:44.44,2025-09-08 15:39:44.44
1547,340,21,4,,2025-09-08 15:39:44.44,2025-09-08 15:39:44.44
1548,341,21,5,,2025-09-08 15:39:44.44,2025-09-08 15:39:44.44
1549,342,21,6,,2025-09-08 15:39:44.44,2025-09-08 15:39:44.44
1550,343,21,5,,2025-09-08 15:39:44.44,2025-09-08 15:39:44.44
1551,344,21,5,,2025-09-08 15:39:44.44,2025-09-08 15:39:44.44
1552,345,21,6,,2025-09-08 15:39:44.44,2025-09-08 15:39:44.44
1553,346,21,5,,2025-09-08 15:39:44.44,2025-09-08 15:39:44.44
1554,347,21,4,,2025-09-08 15:39:44.44,2025-09-08 15:39:44.44
1555,348,21,5,,2025-09-08 15:39:44.44,2025-09-08 15:39:44.44
1556,349,21,4,,2025-09-08 15:39:44.44,2025-09-08 15:39:44.44
1557,350,21,4,,2025-09-08 15:39:44.44,2025-09-08 15:39:44.44
1558,351,21,4,,2025-09-08 15:39:44.44,2025-09-08 15:39:44.44
1559,352,21,4,,2025-09-08 15:39:44.44,2025-09-08 15:39:44.44
1560,353,21,4,,2025-09-08 15:39:44.44,2025-09-08 15:39:44.44
1561,354,21,4,,2025-09-08 15:39:44.44,2025-09-08 15:39:44.44
1562,355,21,4,,2025-09-08 15:39:44.44,2025-09-08 15:39:44.44
1563,356,21,6,,2025-09-08 15:39:44.44,2025-09-08 15:39:44.44
1564,357,21,6,,2025-09-08 15:39:44.44,2025-09-08 15:39:44.44
1565,358,21,4,,2025-09-08 15:39:44.44,2025-09-08 15:39:44.44
1566,359,21,5,,2025-09-08 15:39:44.44,2025-09-08 15:39:44.44
1567,360,21,4,,2025-09-08 15:39:44.44,2025-09-08 15:39:44.44
1568,361,21,6,,2025-09-08 15:39:44.44,2025-09-08 15:39:44.44
1569,362,21,5,,2025-09-08 15:39:44.44,2025-09-08 15:39:44.44
1570,363,21,5,,2025-09-08 15:39:44.44,2025-09-08 15:39:44.44
1571,364,21,6,,2025-09-08 15:39:44.44,2025-09-08 15:39:44.44
1572,365,21,6,,2025-09-08 15:39:44.44,2025-09-08 15:39:44.44
1573,366,21,6,,2025-09-08 15:39:44.44,2025-09-08 15:39:44.44
1574,367,21,5,,2025-09-08 15:39:44.44,2025-09-08 15:39:44.44
1575,368,21,4,,2025-09-08 15:39:44.44,2025-09-08 15:39:44.44
1576,369,21,4,,2025-09-08 15:39:44.44,2025-09-08 15:39:44.44
1577,9,20,7,,2025-09-08 15:39:44.44,2025-09-08 15:39:44.44
1578,10,20,4,,2025-09-08 15:39:44.44,2025-09-08 15:39:44.44
1579,11,20,6,,2025-09-08 15:39:44.44,2025-09-08 15:39:44.44
1580,12,20,3,,2025-09-08 15:39:44.44,2025-09-08 15:39:44.44
1581,13,20,5,,2025-09-08 15:39:44.44,2025-09-08 15:39:44.44
1582,14,20,3,,2025-09-08 15:39:44.44,2025-09-08 15:39:44.44
1583,15,20,4,,2025-09-08 15:39:44.44,2025-09-08 15:39:44.44
1584,16,20,5,,2025-09-08 15:39:44.44,2025-09-08 15:39:44.44
1585,17,20,3,,2025-09-08 15:39:44.44,2025-09-08 15:39:44.44
1586,18,20,7,,2025-09-08 15:39:44.44,2025-09-08 15:39:44.44
1587,19,20,6,,2025-09-08 15:39:44.44,2025-09-08 15:39:44.44
1588,20,20,4,,2025-09-08 15:39:44.44,2025-09-08 15:39:44.44
1589,21,20,5,,2025-09-08 15:39:44.44,2025-09-08 15:39:44.44
1590,22,20,5,,2025-09-08 15:39:44.44,2025-09-08 15:39:44.44
1591,23,20,4,,2025-09-08 15:39:44.44,2025-09-08 15:39:44.44
1592,24,20,4,,2025-09-08 15:39:44.44,2025-09-08 15:39:44.44
1593,25,20,5,,2025-09-08 15:39:44.44,2025-09-08 15:39:44.44
1594,26,20,5,,2025-09-08 15:39:44.44,2025-09-08 15:39:44.44
1595,27,20,5,,2025-09-08 15:39:44.44,2025-09-08 15:39:44.44
1596,28,20,5,,2025-09-08 15:39:44.44,2025-09-08 15:39:44.44
1597,29,20,5,,2025-09-08 15:39:44.44,2025-09-08 15:39:44.44
1598,30,20,6,,2025-09-08 15:39:44.44,2025-09-08 15:39:44.44
1599,31,20,4,,2025-09-08 15:39:44.44,2025-09-08 15:39:44.44
1600,32,20,6,,2025-09-08 15:39:44.44,2025-09-08 15:39:44.44
1601,33,20,5,,2025-09-08 15:39:44.44,2025-09-08 15:39:44.44
1602,34,20,5,,2025-09-08 15:39:44.44,2025-09-08 15:39:44.44
1603,35,20,5,,2025-09-08 15:39:44.44,2025-09-08 15:39:44.44
1604,36,20,4,,2025-09-08 15:39:44.44,2025-09-08 15:39:44.44
1605,37,20,6,,2025-09-08 15:39:44.44,2025-09-08 15:39:44.44
1606,38,20,5,,2025-09-08 15:39:44.44,2025-09-08 15:39:44.44
1607,39,20,4,,2025-09-08 15:39:44.44,2025-09-08 15:39:44.44
1608,40,20,4,,2025-09-08 15:39:44.44,2025-09-08 15:39:44.44
1609,41,20,4,,2025-09-08 15:39:44.44,2025-09-08 15:39:44.44
1610,42,20,6,,2025-09-08 15:39:44.44,2025-09-08 15:39:44.44
1611,43,20,6,,2025-09-08 15:39:44.44,2025-09-08 15:39:44.44
1612,44,20,6,,2025-09-08 15:39:44.44,2025-09-08 15:39:44.44
1613,45,20,5,,2025-09-08 15:39:44.44,2025-09-08 15:39:44.44
1614,46,20,5,,2025-09-08 15:39:44.44,2025-09-08 15:39:44.44
1615,47,20,7,,2025-09-08 15:39:44.44,2025-09-08 15:39:44.44
1616,48,20,4,,2025-09-08 15:39:44.44,2025-09-08 15:39:44.44
1617,49,20,6,,2025-09-08 15:39:44.44,2025-09-08 15:39:44.44
1618,50,20,6,,2025-09-08 15:39:44.44,2025-09-08 15:39:44.44
1619,51,20,6,,2025-09-08 15:39:44.44,2025-09-08 15:39:44.44
1620,52,20,4,,2025-09-08 15:39:44.44,2025-09-08 15:39:44.44
1621,53,20,5,,2025-09-08 15:39:44.44,2025-09-08 15:39:44.44
1622,54,20,6,,2025-09-08 15:39:44.44,2025-09-08 15:39:44.44
1623,55,20,7,,2025-09-08 15:39:44.44,2025-09-08 15:39:44.44
1624,56,20,4,,2025-09-08 15:39:44.44,2025-09-08 15:39:44.44
1625,57,20,6,,2025-09-08 15:39:44.44,2025-09-08 15:39:44.44
1626,58,20,5,,2025-09-08 15:39:45.45,2025-09-08 15:39:45.45
1627,59,20,6,,2025-09-08 15:39:45.45,2025-09-08 15:39:45.45
1628,60,20,4,,2025-09-08 15:39:45.45,2025-09-08 15:39:45.45
1629,61,20,6,,2025-09-08 15:39:45.45,2025-09-08 15:39:45.45
1630,62,20,7,,2025-09-08 15:39:45.45,2025-09-08 15:39:45.45
1631,63,20,6,,2025-09-08 15:39:45.45,2025-09-08 15:39:45.45
1632,64,20,4,,2025-09-08 15:39:45.45,2025-09-08 15:39:45.45
1633,65,20,5,,2025-09-08 15:39:45.45,2025-09-08 15:39:45.45
1634,66,20,6,,2025-09-08 15:39:45.45,2025-09-08 15:39:45.45
1635,67,20,6,,2025-09-08 15:39:45.45,2025-09-08 15:39:45.45
1636,68,20,4,,2025-09-08 15:39:45.45,2025-09-08 15:39:45.45
1637,69,20,4,,2025-09-08 15:39:45.45,2025-09-08 15:39:45.45
1638,70,20,4,,2025-09-08 15:39:45.45,2025-09-08 15:39:45.45
1639,71,20,6,,2025-09-08 15:39:45.45,2025-09-08 15:39:45.45
1640,72,20,5,,2025-09-08 15:39:45.45,2025-09-08 15:39:45.45
1641,73,20,6,,2025-09-08 15:39:45.45,2025-09-08 15:39:45.45
1642,74,20,2,,2025-09-08 15:39:45.45,2025-09-08 15:39:45.45
1643,75,20,3,,2025-09-08 15:39:45.45,2025-09-08 15:39:45.45
1644,76,20,6,,2025-09-08 15:39:45.45,2025-09-08 15:39:45.45
1645,77,20,5,,2025-09-08 15:39:45.45,2025-09-08 15:39:45.45
1646,78,20,6,,2025-09-08 15:39:45.45,2025-09-08 15:39:45.45
1647,79,20,4,,2025-09-08 15:39:45.45,2025-09-08 15:39:45.45
1648,80,20,7,,2025-09-08 15:39:45.45,2025-09-08 15:39:45.45
1649,81,20,6,,2025-09-08 15:39:45.45,2025-09-08 15:39:45.45
1650,82,20,6,,2025-09-08 15:39:45.45,2025-09-08 15:39:45.45
1651,83,20,4,,2025-09-08 15:39:45.45,2025-09-08 15:39:45.45
1652,84,20,5,,2025-09-08 15:39:45.45,2025-09-08 15:39:45.45
1653,85,20,7,,2025-09-08 15:39:45.45,2025-09-08 15:39:45.45
1654,86,20,6,,2025-09-08 15:39:45.45,2025-09-08 15:39:45.45
1655,87,20,4,,2025-09-08 15:39:45.45,2025-09-08 15:39:45.45
1656,88,20,6,,2025-09-08 15:39:45.45,2025-09-08 15:39:45.45
1657,89,20,2,,2025-09-08 15:39:45.45,2025-09-08 15:39:45.45
1658,90,20,5,,2025-09-08 15:39:45.45,2025-09-08 15:39:45.45
1659,91,20,4,,2025-09-08 15:39:45.45,2025-09-08 15:39:45.45
1660,92,20,4,,2025-09-08 15:39:45.45,2025-09-08 15:39:45.45
1661,93,20,4,,2025-09-08 15:39:45.45,2025-09-08 15:39:45.45
1662,94,20,6,,2025-09-08 15:39:45.45,2025-09-08 15:39:45.45
1663,95,20,4,,2025-09-08 15:39:45.45,2025-09-08 15:39:45.45
1664,96,20,6,,2025-09-08 15:39:45.45,2025-09-08 15:39:45.45
1665,97,20,3,,2025-09-08 15:39:45.45,2025-09-08 15:39:45.45
1666,98,20,4,,2025-09-08 15:39:45.45,2025-09-08 15:39:45.45
1667,99,20,4,,2025-09-08 15:39:45.45,2025-09-08 15:39:45.45
1668,100,20,6,,2025-09-08 15:39:45.45,2025-09-08 15:39:45.45
1669,101,20,5,,2025-09-08 15:39:45.45,2025-09-08 15:39:45.45
1670,102,20,5,,2025-09-08 15:39:45.45,2025-09-08 15:39:45.45
1671,103,20,4,,2025-09-08 15:39:45.45,2025-09-08 15:39:45.45
1672,104,20,7,,2025-09-08 15:39:45.45,2025-09-08 15:39:45.45
1673,105,20,5,,2025-09-08 15:39:45.45,2025-09-08 15:39:45.45
1674,106,20,5,,2025-09-08 15:39:45.45,2025-09-08 15:39:45.45
1675,107,20,5,,2025-09-08 15:39:45.45,2025-09-08 15:39:45.45
1676,108,20,6,,2025-09-08 15:39:45.45,2025-09-08 15:39:45.45
1677,109,20,4,,2025-09-08 15:39:45.45,2025-09-08 15:39:45.45
1678,110,20,5,,2025-09-08 15:39:45.45,2025-09-08 15:39:45.45
1679,111,20,5,,2025-09-08 15:39:45.45,2025-09-08 15:39:45.45
1680,112,20,5,,2025-09-08 15:39:45.45,2025-09-08 15:39:45.45
1681,113,20,5,,2025-09-08 15:39:45.45,2025-09-08 15:39:45.45
1682,114,20,6,,2025-09-08 15:39:45.45,2025-09-08 15:39:45.45
1683,115,20,4,,2025-09-08 15:39:45.45,2025-09-08 15:39:45.45
1684,116,20,6,,2025-09-08 15:39:45.45,2025-09-08 15:39:45.45
1685,117,20,6,,2025-09-08 15:39:45.45,2025-09-08 15:39:45.45
1686,118,20,6,,2025-09-08 15:39:45.45,2025-09-08 15:39:45.45
1687,119,20,4,,2025-09-08 15:39:45.45,2025-09-08 15:39:45.45
1688,120,20,3,,2025-09-08 15:39:45.45,2025-09-08 15:39:45.45
1689,121,20,4,,2025-09-08 15:39:45.45,2025-09-08 15:39:45.45
1690,122,20,6,,2025-09-08 15:39:45.45,2025-09-08 15:39:45.45
1691,123,20,6,,2025-09-08 15:39:45.45,2025-09-08 15:39:45.45
1692,124,20,7,,2025-09-08 15:39:45.45,2025-09-08 15:39:45.45
1693,125,20,7,,2025-09-08 15:39:45.45,2025-09-08 15:39:45.45
1694,126,20,4,,2025-09-08 15:39:45.45,2025-09-08 15:39:45.45
1695,127,20,6,,2025-09-08 15:39:45.45,2025-09-08 15:39:45.45
1696,128,20,4,,2025-09-08 15:39:45.45,2025-09-08 15:39:45.45
1697,129,20,7,,2025-09-08 15:39:45.45,2025-09-08 15:39:45.45
1698,130,20,6,,2025-09-08 15:39:45.45,2025-09-08 15:39:45.45
1699,131,20,6,,2025-09-08 15:39:45.45,2025-09-08 15:39:45.45
1700,132,20,4,,2025-09-08 15:39:45.45,2025-09-08 15:39:45.45
1701,133,20,4,,2025-09-08 15:39:45.45,2025-09-08 15:39:45.45
1702,134,20,7,,2025-09-08 15:39:45.45,2025-09-08 15:39:45.45
1703,135,20,5,,2025-09-08 15:39:45.45,2025-09-08 15:39:45.45
1704,136,20,4,,2025-09-08 15:39:45.45,2025-09-08 15:39:45.45
1705,137,20,6,,2025-09-08 15:39:45.45,2025-09-08 15:39:45.45
1706,138,20,6,,2025-09-08 15:39:45.45,2025-09-08 15:39:45.45
1707,139,20,4,,2025-09-08 15:39:45.45,2025-09-08 15:39:45.45
1708,140,20,5,,2025-09-08 15:39:45.45,2025-09-08 15:39:45.45
1709,141,20,6,,2025-09-08 15:39:45.45,2025-09-08 15:39:45.45
1710,142,20,4,,2025-09-08 15:39:45.45,2025-09-08 15:39:45.45
1711,143,20,4,,2025-09-08 15:39:45.45,2025-09-08 15:39:45.45
1712,144,20,4,,2025-09-08 15:39:45.45,2025-09-08 15:39:45.45
1713,145,20,6,,2025-09-08 15:39:45.45,2025-09-08 15:39:45.45
1714,146,20,5,,2025-09-08 15:39:45.45,2025-09-08 15:39:45.45
1715,147,20,5,,2025-09-08 15:39:45.45,2025-09-08 15:39:45.45
1716,148,20,6,,2025-09-08 15:39:45.45,2025-09-08 15:39:45.45
1717,149,20,4,,2025-09-08 15:39:45.45,2025-09-08 15:39:45.45
1718,150,20,6,,2025-09-08 15:39:45.45,2025-09-08 15:39:45.45
1719,151,20,6,,2025-09-08 15:39:45.45,2025-09-08 15:39:45.45
1720,152,20,4,,2025-09-08 15:39:45.45,2025-09-08 15:39:45.45
1721,153,20,4,,2025-09-08 15:39:45.45,2025-09-08 15:39:45.45
1722,154,20,4,,2025-09-08 15:39:45.45,2025-09-08 15:39:45.45
1723,155,20,6,,2025-09-08 15:39:45.45,2025-09-08 15:39:45.45
1724,156,20,4,,2025-09-08 15:39:45.45,2025-09-08 15:39:45.45
1725,157,20,6,,2025-09-08 15:39:45.45,2025-09-08 15:39:45.45
1726,158,20,3,,2025-09-08 15:39:45.45,2025-09-08 15:39:45.45
1727,159,20,6,,2025-09-08 15:39:45.45,2025-09-08 15:39:45.45
1728,160,20,6,,2025-09-08 15:39:45.45,2025-09-08 15:39:45.45
1729,161,20,4,,2025-09-08 15:39:45.45,2025-09-08 15:39:45.45
1730,162,20,4,,2025-09-08 15:39:45.45,2025-09-08 15:39:45.45
1731,163,20,4,,2025-09-08 15:39:45.45,2025-09-08 15:39:45.45
1732,164,20,6,,2025-09-08 15:39:45.45,2025-09-08 15:39:45.45
1733,165,20,6,,2025-09-08 15:39:45.45,2025-09-08 15:39:45.45
1734,166,20,3,,2025-09-08 15:39:45.45,2025-09-08 15:39:45.45
1735,167,20,6,,2025-09-08 15:39:45.45,2025-09-08 15:39:45.45
1736,168,20,7,,2025-09-08 15:39:45.45,2025-09-08 15:39:45.45
1737,169,20,5,,2025-09-08 15:39:45.45,2025-09-08 15:39:45.45
1738,170,20,6,,2025-09-08 15:39:45.45,2025-09-08 15:39:45.45
1739,171,20,4,,2025-09-08 15:39:45.45,2025-09-08 15:39:45.45
1740,172,20,3,,2025-09-08 15:39:45.45,2025-09-08 15:39:45.45
1741,173,20,6,,2025-09-08 15:39:45.45,2025-09-08 15:39:45.45
1742,174,20,4,,2025-09-08 15:39:45.45,2025-09-08 15:39:45.45
1743,175,20,5,,2025-09-08 15:39:45.45,2025-09-08 15:39:45.45
1744,176,20,6,,2025-09-08 15:39:45.45,2025-09-08 15:39:45.45
1745,177,20,5,,2025-09-08 15:39:45.45,2025-09-08 15:39:45.45
1746,178,20,5,,2025-09-08 15:39:45.45,2025-09-08 15:39:45.45
1747,179,20,5,,2025-09-08 15:39:45.45,2025-09-08 15:39:45.45
1748,180,20,6,,2025-09-08 15:39:45.45,2025-09-08 15:39:45.45
1749,181,20,7,,2025-09-08 15:39:45.45,2025-09-08 15:39:45.45
1750,182,20,4,,2025-09-08 15:39:45.45,2025-09-08 15:39:45.45
1751,183,20,7,,2025-09-08 15:39:45.45,2025-09-08 15:39:45.45
1752,184,20,7,,2025-09-08 15:39:45.45,2025-09-08 15:39:45.45
1753,185,20,5,,2025-09-08 15:39:45.45,2025-09-08 15:39:45.45
1754,186,20,6,,2025-09-08 15:39:45.45,2025-09-08 15:39:45.45
1755,187,20,5,,2025-09-08 15:39:45.45,2025-09-08 15:39:45.45
1756,188,20,4,,2025-09-08 15:39:45.45,2025-09-08 15:39:45.45
1757,189,20,6,,2025-09-08 15:39:45.45,2025-09-08 15:39:45.45
1758,190,20,3,,2025-09-08 15:39:45.45,2025-09-08 15:39:45.45
1759,191,20,4,,2025-09-08 15:39:46.46,2025-09-08 15:39:46.46
1760,192,20,5,,2025-09-08 15:39:46.46,2025-09-08 15:39:46.46
1761,193,20,3,,2025-09-08 15:39:46.46,2025-09-08 15:39:46.46
1762,194,20,6,,2025-09-08 15:39:46.46,2025-09-08 15:39:46.46
1763,195,20,5,,2025-09-08 15:39:46.46,2025-09-08 15:39:46.46
1764,196,20,5,,2025-09-08 15:39:46.46,2025-09-08 15:39:46.46
1765,197,20,4,,2025-09-08 15:39:46.46,2025-09-08 15:39:46.46
1766,198,20,6,,2025-09-08 15:39:46.46,2025-09-08 15:39:46.46
1767,199,20,5,,2025-09-08 15:39:46.46,2025-09-08 15:39:46.46
1768,200,20,5,,2025-09-08 15:39:46.46,2025-09-08 15:39:46.46
1769,201,20,4,,2025-09-08 15:39:46.46,2025-09-08 15:39:46.46
1770,202,20,5,,2025-09-08 15:39:46.46,2025-09-08 15:39:46.46
1771,203,20,4,,2025-09-08 15:39:46.46,2025-09-08 15:39:46.46
1772,204,20,6,,2025-09-08 15:39:46.46,2025-09-08 15:39:46.46
1773,205,20,6,,2025-09-08 15:39:46.46,2025-09-08 15:39:46.46
1774,206,20,6,,2025-09-08 15:39:46.46,2025-09-08 15:39:46.46
1775,207,20,7,,2025-09-08 15:39:46.46,2025-09-08 15:39:46.46
1776,208,20,4,,2025-09-08 15:39:46.46,2025-09-08 15:39:46.46
1777,209,20,6,,2025-09-08 15:39:46.46,2025-09-08 15:39:46.46
1778,210,20,6,,2025-09-08 15:39:46.46,2025-09-08 15:39:46.46
1779,211,20,7,,2025-09-08 15:39:46.46,2025-09-08 15:39:46.46
1780,212,20,5,,2025-09-08 15:39:46.46,2025-09-08 15:39:46.46
1781,213,20,5,,2025-09-08 15:39:46.46,2025-09-08 15:39:46.46
1782,214,20,4,,2025-09-08 15:39:46.46,2025-09-08 15:39:46.46
1783,215,20,4,,2025-09-08 15:39:46.46,2025-09-08 15:39:46.46
1784,216,20,5,,2025-09-08 15:39:46.46,2025-09-08 15:39:46.46
1785,217,20,5,,2025-09-08 15:39:46.46,2025-09-08 15:39:46.46
1786,218,20,5,,2025-09-08 15:39:46.46,2025-09-08 15:39:46.46
1787,219,20,4,,2025-09-08 15:39:46.46,2025-09-08 15:39:46.46
1788,220,20,5,,2025-09-08 15:39:46.46,2025-09-08 15:39:46.46
1789,221,20,2,,2025-09-08 15:39:46.46,2025-09-08 15:39:46.46
1790,222,20,4,,2025-09-08 15:39:46.46,2025-09-08 15:39:46.46
1791,223,20,4,,2025-09-08 15:39:46.46,2025-09-08 15:39:46.46
1792,224,20,3,,2025-09-08 15:39:46.46,2025-09-08 15:39:46.46
1793,225,20,6,,2025-09-08 15:39:46.46,2025-09-08 15:39:46.46
1794,226,20,5,,2025-09-08 15:39:46.46,2025-09-08 15:39:46.46
1795,227,20,4,,2025-09-08 15:39:46.46,2025-09-08 15:39:46.46
1796,228,20,5,,2025-09-08 15:39:46.46,2025-09-08 15:39:46.46
1797,229,20,6,,2025-09-08 15:39:46.46,2025-09-08 15:39:46.46
1798,230,20,6,,2025-09-08 15:39:46.46,2025-09-08 15:39:46.46
1799,231,20,6,,2025-09-08 15:39:46.46,2025-09-08 15:39:46.46
1800,232,20,5,,2025-09-08 15:39:46.46,2025-09-08 15:39:46.46
1801,233,20,6,,2025-09-08 15:39:46.46,2025-09-08 15:39:46.46
1802,234,20,6,,2025-09-08 15:39:46.46,2025-09-08 15:39:46.46
1803,235,20,6,,2025-09-08 15:39:46.46,2025-09-08 15:39:46.46
1804,236,20,7,,2025-09-08 15:39:46.46,2025-09-08 15:39:46.46
1805,237,20,6,,2025-09-08 15:39:46.46,2025-09-08 15:39:46.46
1806,238,20,4,,2025-09-08 15:39:46.46,2025-09-08 15:39:46.46
1807,239,20,4,,2025-09-08 15:39:46.46,2025-09-08 15:39:46.46
1808,240,20,6,,2025-09-08 15:39:46.46,2025-09-08 15:39:46.46
1809,241,20,5,,2025-09-08 15:39:46.46,2025-09-08 15:39:46.46
1810,242,20,5,,2025-09-08 15:39:46.46,2025-09-08 15:39:46.46
1811,243,20,5,,2025-09-08 15:39:46.46,2025-09-08 15:39:46.46
1812,244,20,6,,2025-09-08 15:39:46.46,2025-09-08 15:39:46.46
1813,245,20,6,,2025-09-08 15:39:46.46,2025-09-08 15:39:46.46
1814,246,20,6,,2025-09-08 15:39:46.46,2025-09-08 15:39:46.46
1815,247,20,5,,2025-09-08 15:39:46.46,2025-09-08 15:39:46.46
1816,248,20,4,,2025-09-08 15:39:46.46,2025-09-08 15:39:46.46
1817,249,20,5,,2025-09-08 15:39:46.46,2025-09-08 15:39:46.46
1818,250,20,6,,2025-09-08 15:39:46.46,2025-09-08 15:39:46.46
1819,251,20,6,,2025-09-08 15:39:46.46,2025-09-08 15:39:46.46
1820,252,20,1,,2025-09-08 15:39:46.46,2025-09-08 15:39:46.46
1821,253,20,6,,2025-09-08 15:39:46.46,2025-09-08 15:39:46.46
1822,254,20,6,,2025-09-08 15:39:46.46,2025-09-08 15:39:46.46
1823,255,20,5,,2025-09-08 15:39:46.46,2025-09-08 15:39:46.46
1824,256,20,5,,2025-09-08 15:39:46.46,2025-09-08 15:39:46.46
1825,257,20,6,,2025-09-08 15:39:46.46,2025-09-08 15:39:46.46
1826,258,20,4,,2025-09-08 15:39:46.46,2025-09-08 15:39:46.46
1827,259,20,4,,2025-09-08 15:39:46.46,2025-09-08 15:39:46.46
1828,260,20,5,,2025-09-08 15:39:46.46,2025-09-08 15:39:46.46
1829,261,20,4,,2025-09-08 15:39:46.46,2025-09-08 15:39:46.46
1830,262,20,6,,2025-09-08 15:39:46.46,2025-09-08 15:39:46.46
1831,263,20,6,,2025-09-08 15:39:46.46,2025-09-08 15:39:46.46
1832,264,20,4,,2025-09-08 15:39:46.46,2025-09-08 15:39:46.46
1833,265,20,7,,2025-09-08 15:39:46.46,2025-09-08 15:39:46.46
1834,266,20,4,,2025-09-08 15:39:46.46,2025-09-08 15:39:46.46
1835,267,20,3,,2025-09-08 15:39:46.46,2025-09-08 15:39:46.46
1836,268,20,5,,2025-09-08 15:39:46.46,2025-09-08 15:39:46.46
1837,269,20,4,,2025-09-08 15:39:46.46,2025-09-08 15:39:46.46
1838,270,20,4,,2025-09-08 15:39:46.46,2025-09-08 15:39:46.46
1839,271,20,2,,2025-09-08 15:39:46.46,2025-09-08 15:39:46.46
1840,272,20,6,,2025-09-08 15:39:46.46,2025-09-08 15:39:46.46
1841,273,20,5,,2025-09-08 15:39:46.46,2025-09-08 15:39:46.46
1842,274,20,7,,2025-09-08 15:39:46.46,2025-09-08 15:39:46.46
1843,275,20,4,,2025-09-08 15:39:46.46,2025-09-08 15:39:46.46
1844,276,20,5,,2025-09-08 15:39:46.46,2025-09-08 15:39:46.46
1845,277,20,4,,2025-09-08 15:39:46.46,2025-09-08 15:39:46.46
1846,278,20,4,,2025-09-08 15:39:46.46,2025-09-08 15:39:46.46
1847,279,20,3,,2025-09-08 15:39:46.46,2025-09-08 15:39:46.46
1848,280,20,5,,2025-09-08 15:39:46.46,2025-09-08 15:39:46.46
1849,281,20,5,,2025-09-08 15:39:46.46,2025-09-08 15:39:46.46
1850,282,20,6,,2025-09-08 15:39:46.46,2025-09-08 15:39:46.46
1851,283,20,6,,2025-09-08 15:39:46.46,2025-09-08 15:39:46.46
1852,284,20,5,,2025-09-08 15:39:46.46,2025-09-08 15:39:46.46
1853,285,20,3,,2025-09-08 15:39:46.46,2025-09-08 15:39:46.46
1854,286,20,5,,2025-09-08 15:39:46.46,2025-09-08 15:39:46.46
1855,287,20,4,,2025-09-08 15:39:46.46,2025-09-08 15:39:46.46
1856,288,20,6,,2025-09-08 15:39:46.46,2025-09-08 15:39:46.46
1857,289,20,5,,2025-09-08 15:39:46.46,2025-09-08 15:39:46.46
1858,290,20,4,,2025-09-08 15:39:46.46,2025-09-08 15:39:46.46
1859,291,20,4,,2025-09-08 15:39:46.46,2025-09-08 15:39:46.46
1860,292,20,4,,2025-09-08 15:39:46.46,2025-09-08 15:39:46.46
1861,293,20,5,,2025-09-08 15:39:46.46,2025-09-08 15:39:46.46
1862,294,20,5,,2025-09-08 15:39:46.46,2025-09-08 15:39:46.46
1863,295,20,5,,2025-09-08 15:39:46.46,2025-09-08 15:39:46.46
1864,296,20,6,,2025-09-08 15:39:46.46,2025-09-08 15:39:46.46
1865,297,20,6,,2025-09-08 15:39:46.46,2025-09-08 15:39:46.46
1866,298,20,5,,2025-09-08 15:39:46.46,2025-09-08 15:39:46.46
1867,299,20,6,,2025-09-08 15:39:46.46,2025-09-08 15:39:46.46
1868,300,20,4,,2025-09-08 15:39:46.46,2025-09-08 15:39:46.46
1869,301,20,4,,2025-09-08 15:39:46.46,2025-09-08 15:39:46.46
1870,302,20,6,,2025-09-08 15:39:46.46,2025-09-08 15:39:46.46
1871,303,20,4,,2025-09-08 15:39:46.46,2025-09-08 15:39:46.46
1872,304,20,7,,2025-09-08 15:39:46.46,2025-09-08 15:39:46.46
1873,305,20,5,,2025-09-08 15:39:46.46,2025-09-08 15:39:46.46
1874,306,20,4,,2025-09-08 15:39:46.46,2025-09-08 15:39:46.46
1875,307,20,6,,2025-09-08 15:39:46.46,2025-09-08 15:39:46.46
1876,308,20,6,,2025-09-08 15:39:46.46,2025-09-08 15:39:46.46
1877,309,20,6,,2025-09-08 15:39:46.46,2025-09-08 15:39:46.46
1878,310,20,4,,2025-09-08 15:39:46.46,2025-09-08 15:39:46.46
1879,311,20,5,,2025-09-08 15:39:46.46,2025-09-08 15:39:46.46
1880,312,20,4,,2025-09-08 15:39:46.46,2025-09-08 15:39:46.46
1881,313,20,6,,2025-09-08 15:39:46.46,2025-09-08 15:39:46.46
1882,314,20,4,,2025-09-08 15:39:46.46,2025-09-08 15:39:46.46
1883,315,20,6,,2025-09-08 15:39:46.46,2025-09-08 15:39:46.46
1884,316,20,6,,2025-09-08 15:39:46.46,2025-09-08 15:39:46.46
1885,317,20,6,,2025-09-08 15:39:46.46,2025-09-08 15:39:46.46
1886,318,20,6,,2025-09-08 15:39:46.46,2025-09-08 15:39:46.46
1887,319,20,5,,2025-09-08 15:39:46.46,2025-09-08 15:39:46.46
1888,320,20,6,,2025-09-08 15:39:46.46,2025-09-08 15:39:46.46
1889,321,20,6,,2025-09-08 15:39:46.46,2025-09-08 15:39:46.46
1890,322,20,6,,2025-09-08 15:39:46.46,2025-09-08 15:39:46.46
1891,323,20,5,,2025-09-08 15:39:46.46,2025-09-08 15:39:46.46
1892,324,20,6,,2025-09-08 15:39:46.46,2025-09-08 15:39:46.46
1893,325,20,5,,2025-09-08 15:39:46.46,2025-09-08 15:39:46.46
1894,326,20,4,,2025-09-08 15:39:47.47,2025-09-08 15:39:47.47
1895,327,20,4,,2025-09-08 15:39:47.47,2025-09-08 15:39:47.47
1896,328,20,4,,2025-09-08 15:39:47.47,2025-09-08 15:39:47.47
1897,329,20,6,,2025-09-08 15:39:47.47,2025-09-08 15:39:47.47
1898,330,20,4,,2025-09-08 15:39:47.47,2025-09-08 15:39:47.47
1899,331,20,4,,2025-09-08 15:39:47.47,2025-09-08 15:39:47.47
1900,332,20,4,,2025-09-08 15:39:47.47,2025-09-08 15:39:47.47
1901,333,20,4,,2025-09-08 15:39:47.47,2025-09-08 15:39:47.47
1902,334,20,5,,2025-09-08 15:39:47.47,2025-09-08 15:39:47.47
1903,335,20,3,,2025-09-08 15:39:47.47,2025-09-08 15:39:47.47
1904,336,20,5,,2025-09-08 15:39:47.47,2025-09-08 15:39:47.47
1905,337,20,5,,2025-09-08 15:39:47.47,2025-09-08 15:39:47.47
1906,338,20,5,,2025-09-08 15:39:47.47,2025-09-08 15:39:47.47
1907,339,20,5,,2025-09-08 15:39:47.47,2025-09-08 15:39:47.47
1908,340,20,4,,2025-09-08 15:39:47.47,2025-09-08 15:39:47.47
1909,341,20,5,,2025-09-08 15:39:47.47,2025-09-08 15:39:47.47
1910,342,20,6,,2025-09-08 15:39:47.47,2025-09-08 15:39:47.47
1911,343,20,5,,2025-09-08 15:39:47.47,2025-09-08 15:39:47.47
1912,344,20,5,,2025-09-08 15:39:47.47,2025-09-08 15:39:47.47
1913,345,20,6,,2025-09-08 15:39:47.47,2025-09-08 15:39:47.47
1914,346,20,5,,2025-09-08 15:39:47.47,2025-09-08 15:39:47.47
1915,347,20,4,,2025-09-08 15:39:47.47,2025-09-08 15:39:47.47
1916,348,20,5,,2025-09-08 15:39:47.47,2025-09-08 15:39:47.47
1917,349,20,4,,2025-09-08 15:39:47.47,2025-09-08 15:39:47.47
1918,350,20,4,,2025-09-08 15:39:47.47,2025-09-08 15:39:47.47
1919,351,20,4,,2025-09-08 15:39:47.47,2025-09-08 15:39:47.47
1920,352,20,4,,2025-09-08 15:39:47.47,2025-09-08 15:39:47.47
1921,353,20,4,,2025-09-08 15:39:47.47,2025-09-08 15:39:47.47
1922,354,20,4,,2025-09-08 15:39:47.47,2025-09-08 15:39:47.47
1923,355,20,4,,2025-09-08 15:39:47.47,2025-09-08 15:39:47.47
1924,356,20,6,,2025-09-08 15:39:47.47,2025-09-08 15:39:47.47
1925,357,20,6,,2025-09-08 15:39:47.47,2025-09-08 15:39:47.47
1926,358,20,4,,2025-09-08 15:39:47.47,2025-09-08 15:39:47.47
1927,359,20,6,,2025-09-08 15:39:47.47,2025-09-08 15:39:47.47
1928,360,20,4,,2025-09-08 15:39:47.47,2025-09-08 15:39:47.47
1929,361,20,6,,2025-09-08 15:39:47.47,2025-09-08 15:39:47.47
1930,362,20,4,,2025-09-08 15:39:47.47,2025-09-08 15:39:47.47
1931,363,20,5,,2025-09-08 15:39:47.47,2025-09-08 15:39:47.47
1932,364,20,6,,2025-09-08 15:39:47.47,2025-09-08 15:39:47.47
1933,365,20,7,,2025-09-08 15:39:47.47,2025-09-08 15:39:47.47
1934,366,20,6,,2025-09-08 15:39:47.47,2025-09-08 15:39:47.47
1935,367,20,5,,2025-09-08 15:39:47.47,2025-09-08 15:39:47.47
1936,368,20,4,,2025-09-08 15:39:47.47,2025-09-08 15:39:47.47
1937,369,20,4,,2025-09-08 15:39:47.47,2025-09-08 15:39:47.47
1938,9,19,6,,2025-09-08 15:39:47.47,2025-09-08 15:39:47.47
1939,10,19,3,,2025-09-08 15:39:47.47,2025-09-08 15:39:47.47
1940,11,19,7,,2025-09-08 15:39:47.47,2025-09-08 15:39:47.47
1941,12,19,3,,2025-09-08 15:39:47.47,2025-09-08 15:39:47.47
1942,13,19,5,,2025-09-08 15:39:47.47,2025-09-08 15:39:47.47
1943,14,19,3,,2025-09-08 15:39:47.47,2025-09-08 15:39:47.47
1944,15,19,4,,2025-09-08 15:39:47.47,2025-09-08 15:39:47.47
1945,16,19,5,,2025-09-08 15:39:47.47,2025-09-08 15:39:47.47
1946,17,19,5,,2025-09-08 15:39:47.47,2025-09-08 15:39:47.47
1947,18,19,7,,2025-09-08 15:39:47.47,2025-09-08 15:39:47.47
1948,19,19,6,,2025-09-08 15:39:47.47,2025-09-08 15:39:47.47
1949,20,19,4,,2025-09-08 15:39:47.47,2025-09-08 15:39:47.47
1950,21,19,5,,2025-09-08 15:39:47.47,2025-09-08 15:39:47.47
1951,22,19,5,,2025-09-08 15:39:47.47,2025-09-08 15:39:47.47
1952,23,19,4,,2025-09-08 15:39:47.47,2025-09-08 15:39:47.47
1953,24,19,4,,2025-09-08 15:39:47.47,2025-09-08 15:39:47.47
1954,25,19,5,,2025-09-08 15:39:47.47,2025-09-08 15:39:47.47
1955,26,19,4,,2025-09-08 15:39:47.47,2025-09-08 15:39:47.47
1956,27,19,4,,2025-09-08 15:39:47.47,2025-09-08 15:39:47.47
1957,28,19,5,,2025-09-08 15:39:47.47,2025-09-08 15:39:47.47
1958,29,19,5,,2025-09-08 15:39:47.47,2025-09-08 15:39:47.47
1959,30,19,6,,2025-09-08 15:39:47.47,2025-09-08 15:39:47.47
1960,31,19,4,,2025-09-08 15:39:47.47,2025-09-08 15:39:47.47
1961,32,19,5,,2025-09-08 15:39:47.47,2025-09-08 15:39:47.47
1962,33,19,4,,2025-09-08 15:39:47.47,2025-09-08 15:39:47.47
1963,34,19,5,,2025-09-08 15:39:47.47,2025-09-08 15:39:47.47
1964,35,19,5,,2025-09-08 15:39:47.47,2025-09-08 15:39:47.47
1965,36,19,4,,2025-09-08 15:39:47.47,2025-09-08 15:39:47.47
1966,37,19,6,,2025-09-08 15:39:47.47,2025-09-08 15:39:47.47
1967,38,19,5,,2025-09-08 15:39:47.47,2025-09-08 15:39:47.47
1968,39,19,4,,2025-09-08 15:39:47.47,2025-09-08 15:39:47.47
1969,40,19,4,,2025-09-08 15:39:47.47,2025-09-08 15:39:47.47
1970,41,19,6,,2025-09-08 15:39:47.47,2025-09-08 15:39:47.47
1971,42,19,6,,2025-09-08 15:39:47.47,2025-09-08 15:39:47.47
1972,43,19,6,,2025-09-08 15:39:47.47,2025-09-08 15:39:47.47
1973,44,19,6,,2025-09-08 15:39:47.47,2025-09-08 15:39:47.47
1974,45,19,4,,2025-09-08 15:39:47.47,2025-09-08 15:39:47.47
1975,46,19,7,,2025-09-08 15:39:47.47,2025-09-08 15:39:47.47
1976,47,19,7,,2025-09-08 15:39:47.47,2025-09-08 15:39:47.47
1977,48,19,4,,2025-09-08 15:39:47.47,2025-09-08 15:39:47.47
1978,49,19,7,,2025-09-08 15:39:47.47,2025-09-08 15:39:47.47
1979,50,19,6,,2025-09-08 15:39:47.47,2025-09-08 15:39:47.47
1980,51,19,6,,2025-09-08 15:39:47.47,2025-09-08 15:39:47.47
1981,52,19,4,,2025-09-08 15:39:47.47,2025-09-08 15:39:47.47
1982,53,19,4,,2025-09-08 15:39:47.47,2025-09-08 15:39:47.47
1983,54,19,6,,2025-09-08 15:39:47.47,2025-09-08 15:39:47.47
1984,55,19,7,,2025-09-08 15:39:47.47,2025-09-08 15:39:47.47
1985,56,19,4,,2025-09-08 15:39:47.47,2025-09-08 15:39:47.47
1986,57,19,5,,2025-09-08 15:39:47.47,2025-09-08 15:39:47.47
1987,58,19,5,,2025-09-08 15:39:47.47,2025-09-08 15:39:47.47
1988,59,19,7,,2025-09-08 15:39:47.47,2025-09-08 15:39:47.47
1989,60,19,3,,2025-09-08 15:39:47.47,2025-09-08 15:39:47.47
1990,61,19,6,,2025-09-08 15:39:47.47,2025-09-08 15:39:47.47
1991,62,19,6,,2025-09-08 15:39:47.47,2025-09-08 15:39:47.47
1992,63,19,4,,2025-09-08 15:39:47.47,2025-09-08 15:39:47.47
1993,64,19,4,,2025-09-08 15:39:47.47,2025-09-08 15:39:47.47
1994,65,19,5,,2025-09-08 15:39:48.48,2025-09-08 15:39:48.48
1995,66,19,6,,2025-09-08 15:39:48.48,2025-09-08 15:39:48.48
1996,67,19,5,,2025-09-08 15:39:48.48,2025-09-08 15:39:48.48
1997,68,19,4,,2025-09-08 15:39:48.48,2025-09-08 15:39:48.48
1998,69,19,4,,2025-09-08 15:39:48.48,2025-09-08 15:39:48.48
1999,70,19,4,,2025-09-08 15:39:48.48,2025-09-08 15:39:48.48
2000,71,19,6,,2025-09-08 15:39:48.48,2025-09-08 15:39:48.48
2001,72,19,5,,2025-09-08 15:39:48.48,2025-09-08 15:39:48.48
2002,73,19,6,,2025-09-08 15:39:48.48,2025-09-08 15:39:48.48
2003,74,19,2,,2025-09-08 15:39:48.48,2025-09-08 15:39:48.48
2004,75,19,3,,2025-09-08 15:39:48.48,2025-09-08 15:39:48.48
2005,76,19,6,,2025-09-08 15:39:48.48,2025-09-08 15:39:48.48
2006,77,19,5,,2025-09-08 15:39:48.48,2025-09-08 15:39:48.48
2007,78,19,6,,2025-09-08 15:39:48.48,2025-09-08 15:39:48.48
2008,79,19,4,,2025-09-08 15:39:48.48,2025-09-08 15:39:48.48
2009,80,19,7,,2025-09-08 15:39:48.48,2025-09-08 15:39:48.48
2010,81,19,6,,2025-09-08 15:39:48.48,2025-09-08 15:39:48.48
2011,82,19,6,,2025-09-08 15:39:48.48,2025-09-08 15:39:48.48
2012,83,19,4,,2025-09-08 15:39:48.48,2025-09-08 15:39:48.48
2013,84,19,5,,2025-09-08 15:39:48.48,2025-09-08 15:39:48.48
2014,85,19,6,,2025-09-08 15:39:48.48,2025-09-08 15:39:48.48
2015,86,19,6,,2025-09-08 15:39:48.48,2025-09-08 15:39:48.48
2016,87,19,4,,2025-09-08 15:39:48.48,2025-09-08 15:39:48.48
2017,88,19,6,,2025-09-08 15:39:48.48,2025-09-08 15:39:48.48
2018,89,19,1,,2025-09-08 15:39:48.48,2025-09-08 15:39:48.48
2019,90,19,5,,2025-09-08 15:39:48.48,2025-09-08 15:39:48.48
2020,91,19,4,,2025-09-08 15:39:48.48,2025-09-08 15:39:48.48
2021,92,19,5,,2025-09-08 15:39:48.48,2025-09-08 15:39:48.48
2022,93,19,4,,2025-09-08 15:39:48.48,2025-09-08 15:39:48.48
2023,94,19,6,,2025-09-08 15:39:48.48,2025-09-08 15:39:48.48
2024,95,19,4,,2025-09-08 15:39:48.48,2025-09-08 15:39:48.48
2025,96,19,6,,2025-09-08 15:39:48.48,2025-09-08 15:39:48.48
2026,97,19,3,,2025-09-08 15:39:48.48,2025-09-08 15:39:48.48
2027,98,19,4,,2025-09-08 15:39:48.48,2025-09-08 15:39:48.48
2028,99,19,4,,2025-09-08 15:39:48.48,2025-09-08 15:39:48.48
2029,100,19,5,,2025-09-08 15:39:48.48,2025-09-08 15:39:48.48
2030,101,19,5,,2025-09-08 15:39:48.48,2025-09-08 15:39:48.48
2031,102,19,5,,2025-09-08 15:39:48.48,2025-09-08 15:39:48.48
2032,103,19,5,,2025-09-08 15:39:48.48,2025-09-08 15:39:48.48
2033,104,19,7,,2025-09-08 15:39:48.48,2025-09-08 15:39:48.48
2034,105,19,5,,2025-09-08 15:39:48.48,2025-09-08 15:39:48.48
2035,106,19,5,,2025-09-08 15:39:48.48,2025-09-08 15:39:48.48
2036,107,19,5,,2025-09-08 15:39:48.48,2025-09-08 15:39:48.48
2037,108,19,6,,2025-09-08 15:39:48.48,2025-09-08 15:39:48.48
2038,109,19,4,,2025-09-08 15:39:48.48,2025-09-08 15:39:48.48
2039,110,19,5,,2025-09-08 15:39:48.48,2025-09-08 15:39:48.48
2040,111,19,6,,2025-09-08 15:39:48.48,2025-09-08 15:39:48.48
2041,112,19,5,,2025-09-08 15:39:48.48,2025-09-08 15:39:48.48
2042,113,19,6,,2025-09-08 15:39:48.48,2025-09-08 15:39:48.48
2043,114,19,4,,2025-09-08 15:39:48.48,2025-09-08 15:39:48.48
2044,115,19,1,,2025-09-08 15:39:48.48,2025-09-08 15:39:48.48
2045,116,19,6,,2025-09-08 15:39:48.48,2025-09-08 15:39:48.48
2046,117,19,6,,2025-09-08 15:39:48.48,2025-09-08 15:39:48.48
2047,118,19,6,,2025-09-08 15:39:48.48,2025-09-08 15:39:48.48
2048,119,19,4,,2025-09-08 15:39:48.48,2025-09-08 15:39:48.48
2049,120,19,4,,2025-09-08 15:39:48.48,2025-09-08 15:39:48.48
2050,121,19,4,,2025-09-08 15:39:48.48,2025-09-08 15:39:48.48
2051,122,19,6,,2025-09-08 15:39:48.48,2025-09-08 15:39:48.48
2052,123,19,6,,2025-09-08 15:39:48.48,2025-09-08 15:39:48.48
2053,124,19,6,,2025-09-08 15:39:48.48,2025-09-08 15:39:48.48
2054,125,19,7,,2025-09-08 15:39:48.48,2025-09-08 15:39:48.48
2055,126,19,4,,2025-09-08 15:39:48.48,2025-09-08 15:39:48.48
2056,127,19,5,,2025-09-08 15:39:48.48,2025-09-08 15:39:48.48
2057,128,19,4,,2025-09-08 15:39:48.48,2025-09-08 15:39:48.48
2058,129,19,6,,2025-09-08 15:39:48.48,2025-09-08 15:39:48.48
2059,130,19,6,,2025-09-08 15:39:48.48,2025-09-08 15:39:48.48
2060,131,19,6,,2025-09-08 15:39:48.48,2025-09-08 15:39:48.48
2061,132,19,4,,2025-09-08 15:39:48.48,2025-09-08 15:39:48.48
2062,133,19,4,,2025-09-08 15:39:48.48,2025-09-08 15:39:48.48
2063,134,19,7,,2025-09-08 15:39:48.48,2025-09-08 15:39:48.48
2064,135,19,5,,2025-09-08 15:39:48.48,2025-09-08 15:39:48.48
2065,136,19,5,,2025-09-08 15:39:48.48,2025-09-08 15:39:48.48
2066,137,19,6,,2025-09-08 15:39:48.48,2025-09-08 15:39:48.48
2067,138,19,6,,2025-09-08 15:39:48.48,2025-09-08 15:39:48.48
2068,139,19,4,,2025-09-08 15:39:48.48,2025-09-08 15:39:48.48
2069,140,19,5,,2025-09-08 15:39:48.48,2025-09-08 15:39:48.48
2070,141,19,6,,2025-09-08 15:39:48.48,2025-09-08 15:39:48.48
2071,142,19,4,,2025-09-08 15:39:48.48,2025-09-08 15:39:48.48
2072,143,19,4,,2025-09-08 15:39:48.48,2025-09-08 15:39:48.48
2073,144,19,4,,2025-09-08 15:39:48.48,2025-09-08 15:39:48.48
2074,145,19,6,,2025-09-08 15:39:48.48,2025-09-08 15:39:48.48
2075,146,19,5,,2025-09-08 15:39:48.48,2025-09-08 15:39:48.48
2076,147,19,4,,2025-09-08 15:39:48.48,2025-09-08 15:39:48.48
2077,148,19,5,,2025-09-08 15:39:48.48,2025-09-08 15:39:48.48
2078,149,19,4,,2025-09-08 15:39:48.48,2025-09-08 15:39:48.48
2079,150,19,7,,2025-09-08 15:39:48.48,2025-09-08 15:39:48.48
2080,151,19,7,,2025-09-08 15:39:48.48,2025-09-08 15:39:48.48
2081,152,19,5,,2025-09-08 15:39:48.48,2025-09-08 15:39:48.48
2082,153,19,3,,2025-09-08 15:39:48.48,2025-09-08 15:39:48.48
2083,154,19,4,,2025-09-08 15:39:48.48,2025-09-08 15:39:48.48
2084,155,19,5,,2025-09-08 15:39:48.48,2025-09-08 15:39:48.48
2085,156,19,4,,2025-09-08 15:39:48.48,2025-09-08 15:39:48.48
2086,157,19,6,,2025-09-08 15:39:48.48,2025-09-08 15:39:48.48
2087,158,19,7,,2025-09-08 15:39:48.48,2025-09-08 15:39:48.48
2088,159,19,6,,2025-09-08 15:39:48.48,2025-09-08 15:39:48.48
2089,160,19,4,,2025-09-08 15:39:48.48,2025-09-08 15:39:48.48
2090,161,19,6,,2025-09-08 15:39:48.48,2025-09-08 15:39:48.48
2091,162,19,4,,2025-09-08 15:39:48.48,2025-09-08 15:39:48.48
2092,163,19,4,,2025-09-08 15:39:48.48,2025-09-08 15:39:48.48
2093,164,19,6,,2025-09-08 15:39:48.48,2025-09-08 15:39:48.48
2094,165,19,6,,2025-09-08 15:39:48.48,2025-09-08 15:39:48.48
2095,166,19,3,,2025-09-08 15:39:48.48,2025-09-08 15:39:48.48
2096,167,19,5,,2025-09-08 15:39:48.48,2025-09-08 15:39:48.48
2097,168,19,7,,2025-09-08 15:39:48.48,2025-09-08 15:39:48.48
2098,169,19,5,,2025-09-08 15:39:48.48,2025-09-08 15:39:48.48
2099,170,19,7,,2025-09-08 15:39:48.48,2025-09-08 15:39:48.48
2100,171,19,4,,2025-09-08 15:39:48.48,2025-09-08 15:39:48.48
2101,172,19,3,,2025-09-08 15:39:48.48,2025-09-08 15:39:48.48
2102,173,19,6,,2025-09-08 15:39:48.48,2025-09-08 15:39:48.48
2103,174,19,4,,2025-09-08 15:39:48.48,2025-09-08 15:39:48.48
2104,175,19,5,,2025-09-08 15:39:48.48,2025-09-08 15:39:48.48
2105,176,19,5,,2025-09-08 15:39:48.48,2025-09-08 15:39:48.48
2106,177,19,5,,2025-09-08 15:39:48.48,2025-09-08 15:39:48.48
2107,178,19,5,,2025-09-08 15:39:48.48,2025-09-08 15:39:48.48
2108,179,19,5,,2025-09-08 15:39:48.48,2025-09-08 15:39:48.48
2109,180,19,6,,2025-09-08 15:39:48.48,2025-09-08 15:39:48.48
2110,181,19,5,,2025-09-08 15:39:48.48,2025-09-08 15:39:48.48
2111,182,19,3,,2025-09-08 15:39:48.48,2025-09-08 15:39:48.48
2112,183,19,7,,2025-09-08 15:39:48.48,2025-09-08 15:39:48.48
2113,184,19,7,,2025-09-08 15:39:48.48,2025-09-08 15:39:48.48
2114,185,19,5,,2025-09-08 15:39:48.48,2025-09-08 15:39:48.48
2115,186,19,5,,2025-09-08 15:39:48.48,2025-09-08 15:39:48.48
2116,187,19,6,,2025-09-08 15:39:48.48,2025-09-08 15:39:48.48
2117,188,19,4,,2025-09-08 15:39:48.48,2025-09-08 15:39:48.48
2118,189,19,5,,2025-09-08 15:39:48.48,2025-09-08 15:39:48.48
2119,190,19,3,,2025-09-08 15:39:48.48,2025-09-08 15:39:48.48
2120,191,19,4,,2025-09-08 15:39:48.48,2025-09-08 15:39:48.48
2121,192,19,5,,2025-09-08 15:39:48.48,2025-09-08 15:39:48.48
2122,193,19,3,,2025-09-08 15:39:49.49,2025-09-08 15:39:49.49
2123,194,19,6,,2025-09-08 15:39:49.49,2025-09-08 15:39:49.49
2124,195,19,6,,2025-09-08 15:39:49.49,2025-09-08 15:39:49.49
2125,196,19,5,,2025-09-08 15:39:49.49,2025-09-08 15:39:49.49
2126,197,19,4,,2025-09-08 15:39:49.49,2025-09-08 15:39:49.49
2127,198,19,6,,2025-09-08 15:39:49.49,2025-09-08 15:39:49.49
2128,199,19,5,,2025-09-08 15:39:49.49,2025-09-08 15:39:49.49
2129,200,19,5,,2025-09-08 15:39:49.49,2025-09-08 15:39:49.49
2130,201,19,4,,2025-09-08 15:39:49.49,2025-09-08 15:39:49.49
2131,202,19,5,,2025-09-08 15:39:49.49,2025-09-08 15:39:49.49
2132,203,19,4,,2025-09-08 15:39:49.49,2025-09-08 15:39:49.49
2133,204,19,6,,2025-09-08 15:39:49.49,2025-09-08 15:39:49.49
2134,205,19,6,,2025-09-08 15:39:49.49,2025-09-08 15:39:49.49
2135,206,19,7,,2025-09-08 15:39:49.49,2025-09-08 15:39:49.49
2136,207,19,7,,2025-09-08 15:39:49.49,2025-09-08 15:39:49.49
2137,208,19,4,,2025-09-08 15:39:49.49,2025-09-08 15:39:49.49
2138,209,19,6,,2025-09-08 15:39:49.49,2025-09-08 15:39:49.49
2139,210,19,6,,2025-09-08 15:39:49.49,2025-09-08 15:39:49.49
2140,211,19,6,,2025-09-08 15:39:49.49,2025-09-08 15:39:49.49
2141,212,19,5,,2025-09-08 15:39:49.49,2025-09-08 15:39:49.49
2142,213,19,5,,2025-09-08 15:39:49.49,2025-09-08 15:39:49.49
2143,214,19,4,,2025-09-08 15:39:49.49,2025-09-08 15:39:49.49
2144,215,19,6,,2025-09-08 15:39:49.49,2025-09-08 15:39:49.49
2145,216,19,6,,2025-09-08 15:39:49.49,2025-09-08 15:39:49.49
2146,217,19,5,,2025-09-08 15:39:49.49,2025-09-08 15:39:49.49
2147,218,19,5,,2025-09-08 15:39:49.49,2025-09-08 15:39:49.49
2148,219,19,4,,2025-09-08 15:39:49.49,2025-09-08 15:39:49.49
2149,220,19,5,,2025-09-08 15:39:49.49,2025-09-08 15:39:49.49
2150,221,19,2,,2025-09-08 15:39:49.49,2025-09-08 15:39:49.49
2151,222,19,4,,2025-09-08 15:39:49.49,2025-09-08 15:39:49.49
2152,223,19,4,,2025-09-08 15:39:49.49,2025-09-08 15:39:49.49
2153,224,19,5,,2025-09-08 15:39:49.49,2025-09-08 15:39:49.49
2154,225,19,6,,2025-09-08 15:39:49.49,2025-09-08 15:39:49.49
2155,226,19,5,,2025-09-08 15:39:49.49,2025-09-08 15:39:49.49
2156,227,19,3,,2025-09-08 15:39:49.49,2025-09-08 15:39:49.49
2157,228,19,4,,2025-09-08 15:39:49.49,2025-09-08 15:39:49.49
2158,229,19,6,,2025-09-08 15:39:49.49,2025-09-08 15:39:49.49
2159,230,19,7,,2025-09-08 15:39:49.49,2025-09-08 15:39:49.49
2160,231,19,6,,2025-09-08 15:39:49.49,2025-09-08 15:39:49.49
2161,232,19,5,,2025-09-08 15:39:49.49,2025-09-08 15:39:49.49
2162,233,19,6,,2025-09-08 15:39:49.49,2025-09-08 15:39:49.49
2163,234,19,6,,2025-09-08 15:39:49.49,2025-09-08 15:39:49.49
2164,235,19,6,,2025-09-08 15:39:49.49,2025-09-08 15:39:49.49
2165,236,19,7,,2025-09-08 15:39:49.49,2025-09-08 15:39:49.49
2166,237,19,6,,2025-09-08 15:39:49.49,2025-09-08 15:39:49.49
2167,238,19,6,,2025-09-08 15:39:49.49,2025-09-08 15:39:49.49
2168,239,19,5,,2025-09-08 15:39:49.49,2025-09-08 15:39:49.49
2169,240,19,6,,2025-09-08 15:39:49.49,2025-09-08 15:39:49.49
2170,241,19,5,,2025-09-08 15:39:49.49,2025-09-08 15:39:49.49
2171,242,19,5,,2025-09-08 15:39:49.49,2025-09-08 15:39:49.49
2172,243,19,5,,2025-09-08 15:39:49.49,2025-09-08 15:39:49.49
2173,244,19,6,,2025-09-08 15:39:49.49,2025-09-08 15:39:49.49
2174,245,19,4,,2025-09-08 15:39:49.49,2025-09-08 15:39:49.49
2175,246,19,7,,2025-09-08 15:39:49.49,2025-09-08 15:39:49.49
2176,247,19,6,,2025-09-08 15:39:49.49,2025-09-08 15:39:49.49
2177,248,19,4,,2025-09-08 15:39:49.49,2025-09-08 15:39:49.49
2178,249,19,4,,2025-09-08 15:39:49.49,2025-09-08 15:39:49.49
2179,250,19,6,,2025-09-08 15:39:49.49,2025-09-08 15:39:49.49
2180,251,19,6,,2025-09-08 15:39:49.49,2025-09-08 15:39:49.49
2181,252,19,4,,2025-09-08 15:39:49.49,2025-09-08 15:39:49.49
2182,253,19,6,,2025-09-08 15:39:49.49,2025-09-08 15:39:49.49
2183,254,19,7,,2025-09-08 15:39:49.49,2025-09-08 15:39:49.49
2184,255,19,5,,2025-09-08 15:39:49.49,2025-09-08 15:39:49.49
2185,256,19,5,,2025-09-08 15:39:49.49,2025-09-08 15:39:49.49
2186,257,19,6,,2025-09-08 15:39:49.49,2025-09-08 15:39:49.49
2187,258,19,4,,2025-09-08 15:39:49.49,2025-09-08 15:39:49.49
2188,259,19,4,,2025-09-08 15:39:49.49,2025-09-08 15:39:49.49
2189,260,19,5,,2025-09-08 15:39:49.49,2025-09-08 15:39:49.49
2190,261,19,4,,2025-09-08 15:39:49.49,2025-09-08 15:39:49.49
2191,262,19,5,,2025-09-08 15:39:49.49,2025-09-08 15:39:49.49
2192,263,19,6,,2025-09-08 15:39:49.49,2025-09-08 15:39:49.49
2193,264,19,4,,2025-09-08 15:39:49.49,2025-09-08 15:39:49.49
2194,265,19,7,,2025-09-08 15:39:49.49,2025-09-08 15:39:49.49
2195,266,19,5,,2025-09-08 15:39:49.49,2025-09-08 15:39:49.49
2196,267,19,3,,2025-09-08 15:39:49.49,2025-09-08 15:39:49.49
2197,268,19,5,,2025-09-08 15:39:49.49,2025-09-08 15:39:49.49
2198,269,19,4,,2025-09-08 15:39:49.49,2025-09-08 15:39:49.49
2199,270,19,5,,2025-09-08 15:39:49.49,2025-09-08 15:39:49.49
2200,271,19,3,,2025-09-08 15:39:49.49,2025-09-08 15:39:49.49
2201,272,19,6,,2025-09-08 15:39:49.49,2025-09-08 15:39:49.49
2202,273,19,5,,2025-09-08 15:39:49.49,2025-09-08 15:39:49.49
2203,274,19,7,,2025-09-08 15:39:49.49,2025-09-08 15:39:49.49
2204,275,19,4,,2025-09-08 15:39:49.49,2025-09-08 15:39:49.49
2205,276,19,5,,2025-09-08 15:39:49.49,2025-09-08 15:39:49.49
2206,277,19,4,,2025-09-08 15:39:49.49,2025-09-08 15:39:49.49
2207,278,19,5,,2025-09-08 15:39:49.49,2025-09-08 15:39:49.49
2208,279,19,3,,2025-09-08 15:39:49.49,2025-09-08 15:39:49.49
2209,280,19,5,,2025-09-08 15:39:49.49,2025-09-08 15:39:49.49
2210,281,19,5,,2025-09-08 15:39:49.49,2025-09-08 15:39:49.49
2211,282,19,7,,2025-09-08 15:39:49.49,2025-09-08 15:39:49.49
2212,283,19,7,,2025-09-08 15:39:49.49,2025-09-08 15:39:49.49
2213,284,19,5,,2025-09-08 15:39:49.49,2025-09-08 15:39:49.49
2214,285,19,3,,2025-09-08 15:39:49.49,2025-09-08 15:39:49.49
2215,286,19,6,,2025-09-08 15:39:49.49,2025-09-08 15:39:49.49
2216,287,19,4,,2025-09-08 15:39:49.49,2025-09-08 15:39:49.49
2217,288,19,6,,2025-09-08 15:39:49.49,2025-09-08 15:39:49.49
2218,289,19,4,,2025-09-08 15:39:49.49,2025-09-08 15:39:49.49
2219,290,19,4,,2025-09-08 15:39:49.49,2025-09-08 15:39:49.49
2220,291,19,5,,2025-09-08 15:39:49.49,2025-09-08 15:39:49.49
2221,292,19,4,,2025-09-08 15:39:49.49,2025-09-08 15:39:49.49
2222,293,19,5,,2025-09-08 15:39:49.49,2025-09-08 15:39:49.49
2223,294,19,5,,2025-09-08 15:39:49.49,2025-09-08 15:39:49.49
2224,295,19,5,,2025-09-08 15:39:49.49,2025-09-08 15:39:49.49
2225,296,19,6,,2025-09-08 15:39:50.5,2025-09-08 15:39:50.5
2226,297,19,6,,2025-09-08 15:39:50.5,2025-09-08 15:39:50.5
2227,298,19,5,,2025-09-08 15:39:50.5,2025-09-08 15:39:50.5
2228,299,19,5,,2025-09-08 15:39:50.5,2025-09-08 15:39:50.5
2229,300,19,4,,2025-09-08 15:39:50.5,2025-09-08 15:39:50.5
2230,301,19,6,,2025-09-08 15:39:50.5,2025-09-08 15:39:50.5
2231,302,19,6,,2025-09-08 15:39:50.5,2025-09-08 15:39:50.5
2232,303,19,4,,2025-09-08 15:39:50.5,2025-09-08 15:39:50.5
2233,304,19,7,,2025-09-08 15:39:50.5,2025-09-08 15:39:50.5
2234,305,19,5,,2025-09-08 15:39:50.5,2025-09-08 15:39:50.5
2235,306,19,5,,2025-09-08 15:39:50.5,2025-09-08 15:39:50.5
2236,307,19,4,,2025-09-08 15:39:50.5,2025-09-08 15:39:50.5
2237,308,19,6,,2025-09-08 15:39:50.5,2025-09-08 15:39:50.5
2238,309,19,6,,2025-09-08 15:39:50.5,2025-09-08 15:39:50.5
2239,310,19,4,,2025-09-08 15:39:50.5,2025-09-08 15:39:50.5
2240,311,19,4,,2025-09-08 15:39:50.5,2025-09-08 15:39:50.5
2241,312,19,5,,2025-09-08 15:39:50.5,2025-09-08 15:39:50.5
2242,313,19,6,,2025-09-08 15:39:50.5,2025-09-08 15:39:50.5
2243,314,19,4,,2025-09-08 15:39:50.5,2025-09-08 15:39:50.5
2244,315,19,6,,2025-09-08 15:39:50.5,2025-09-08 15:39:50.5
2245,316,19,6,,2025-09-08 15:39:50.5,2025-09-08 15:39:50.5
2246,317,19,6,,2025-09-08 15:39:50.5,2025-09-08 15:39:50.5
2247,318,19,6,,2025-09-08 15:39:50.5,2025-09-08 15:39:50.5
2248,319,19,5,,2025-09-08 15:39:50.5,2025-09-08 15:39:50.5
2249,320,19,6,,2025-09-08 15:39:50.5,2025-09-08 15:39:50.5
2250,321,19,5,,2025-09-08 15:39:50.5,2025-09-08 15:39:50.5
2251,322,19,6,,2025-09-08 15:39:50.5,2025-09-08 15:39:50.5
2252,323,19,5,,2025-09-08 15:39:50.5,2025-09-08 15:39:50.5
2253,324,19,4,,2025-09-08 15:39:50.5,2025-09-08 15:39:50.5
2254,325,19,5,,2025-09-08 15:39:50.5,2025-09-08 15:39:50.5
2255,326,19,4,,2025-09-08 15:39:50.5,2025-09-08 15:39:50.5
2256,327,19,4,,2025-09-08 15:39:50.5,2025-09-08 15:39:50.5
2257,328,19,4,,2025-09-08 15:39:50.5,2025-09-08 15:39:50.5
2258,329,19,6,,2025-09-08 15:39:50.5,2025-09-08 15:39:50.5
2259,330,19,4,,2025-09-08 15:39:50.5,2025-09-08 15:39:50.5
2260,331,19,4,,2025-09-08 15:39:50.5,2025-09-08 15:39:50.5
2261,332,19,4,,2025-09-08 15:39:50.5,2025-09-08 15:39:50.5
2262,333,19,4,,2025-09-08 15:39:50.5,2025-09-08 15:39:50.5
2263,334,19,6,,2025-09-08 15:39:50.5,2025-09-08 15:39:50.5
2264,335,19,3,,2025-09-08 15:39:50.5,2025-09-08 15:39:50.5
2265,336,19,5,,2025-09-08 15:39:50.5,2025-09-08 15:39:50.5
2266,337,19,5,,2025-09-08 15:39:50.5,2025-09-08 15:39:50.5
2267,338,19,5,,2025-09-08 15:39:50.5,2025-09-08 15:39:50.5
2268,339,19,5,,2025-09-08 15:39:50.5,2025-09-08 15:39:50.5
2269,340,19,4,,2025-09-08 15:39:50.5,2025-09-08 15:39:50.5
2270,341,19,5,,2025-09-08 15:39:50.5,2025-09-08 15:39:50.5
2271,342,19,6,,2025-09-08 15:39:50.5,2025-09-08 15:39:50.5
2272,343,19,5,,2025-09-08 15:39:50.5,2025-09-08 15:39:50.5
2273,344,19,5,,2025-09-08 15:39:50.5,2025-09-08 15:39:50.5
2274,345,19,5,,2025-09-08 15:39:50.5,2025-09-08 15:39:50.5
2275,346,19,6,,2025-09-08 15:39:50.5,2025-09-08 15:39:50.5
2276,347,19,4,,2025-09-08 15:39:50.5,2025-09-08 15:39:50.5
2277,348,19,5,,2025-09-08 15:39:50.5,2025-09-08 15:39:50.5
2278,349,19,4,,2025-09-08 15:39:50.5,2025-09-08 15:39:50.5
2279,350,19,4,,2025-09-08 15:39:50.5,2025-09-08 15:39:50.5
2280,351,19,4,,2025-09-08 15:39:50.5,2025-09-08 15:39:50.5
2281,352,19,4,,2025-09-08 15:39:50.5,2025-09-08 15:39:50.5
2282,353,19,3,,2025-09-08 15:39:50.5,2025-09-08 15:39:50.5
2283,354,19,5,,2025-09-08 15:39:50.5,2025-09-08 15:39:50.5
2284,355,19,4,,2025-09-08 15:39:50.5,2025-09-08 15:39:50.5
2285,356,19,4,,2025-09-08 15:39:50.5,2025-09-08 15:39:50.5
2286,357,19,5,,2025-09-08 15:39:50.5,2025-09-08 15:39:50.5
2287,358,19,4,,2025-09-08 15:39:50.5,2025-09-08 15:39:50.5
2288,359,19,5,,2025-09-08 15:39:50.5,2025-09-08 15:39:50.5
2289,360,19,4,,2025-09-08 15:39:50.5,2025-09-08 15:39:50.5
2290,361,19,6,,2025-09-08 15:39:50.5,2025-09-08 15:39:50.5
2291,362,19,6,,2025-09-08 15:39:50.5,2025-09-08 15:39:50.5
2292,363,19,5,,2025-09-08 15:39:50.5,2025-09-08 15:39:50.5
2293,364,19,6,,2025-09-08 15:39:50.5,2025-09-08 15:39:50.5
2294,365,19,6,,2025-09-08 15:39:50.5,2025-09-08 15:39:50.5
2295,366,19,6,,2025-09-08 15:39:50.5,2025-09-08 15:39:50.5
2296,367,19,5,,2025-09-08 15:39:50.5,2025-09-08 15:39:50.5
2297,368,19,5,,2025-09-08 15:39:50.5,2025-09-08 15:39:50.5
2298,369,19,4,,2025-09-08 15:39:50.5,2025-09-08 15:39:50.5
2299,9,26,4,,2025-09-08 15:39:50.5,2025-09-08 15:39:50.5
2300,10,26,4,,2025-09-08 15:39:50.5,2025-09-08 15:39:50.5
2301,11,26,6,,2025-09-08 15:39:50.5,2025-09-08 15:39:50.5
2302,12,26,3,,2025-09-08 15:39:50.5,2025-09-08 15:39:50.5
2303,13,26,5,,2025-09-08 15:39:50.5,2025-09-08 15:39:50.5
2304,14,26,3,,2025-09-08 15:39:50.5,2025-09-08 15:39:50.5
2305,15,26,3,,2025-09-08 15:39:50.5,2025-09-08 15:39:50.5
2306,16,26,4,,2025-09-08 15:39:50.5,2025-09-08 15:39:50.5
2307,17,26,4,,2025-09-08 15:39:50.5,2025-09-08 15:39:50.5
2308,18,26,7,,2025-09-08 15:39:50.5,2025-09-08 15:39:50.5
2309,19,26,4,,2025-09-08 15:39:50.5,2025-09-08 15:39:50.5
2310,20,26,4,,2025-09-08 15:39:50.5,2025-09-08 15:39:50.5
2311,21,26,1,,2025-09-08 15:39:50.5,2025-09-08 15:39:50.5
2312,22,26,5,,2025-09-08 15:39:50.5,2025-09-08 15:39:50.5
2313,23,26,4,,2025-09-08 15:39:50.5,2025-09-08 15:39:50.5
2314,24,26,4,,2025-09-08 15:39:50.5,2025-09-08 15:39:50.5
2315,25,26,1,,2025-09-08 15:39:50.5,2025-09-08 15:39:50.5
2316,26,26,4,,2025-09-08 15:39:50.5,2025-09-08 15:39:50.5
2317,27,26,5,,2025-09-08 15:39:50.5,2025-09-08 15:39:50.5
2318,28,26,4,,2025-09-08 15:39:50.5,2025-09-08 15:39:50.5
2319,29,26,4,,2025-09-08 15:39:50.5,2025-09-08 15:39:50.5
2320,30,26,5,,2025-09-08 15:39:50.5,2025-09-08 15:39:50.5
2321,31,26,4,,2025-09-08 15:39:50.5,2025-09-08 15:39:50.5
2322,32,26,2,,2025-09-08 15:39:50.5,2025-09-08 15:39:50.5
2323,33,26,4,,2025-09-08 15:39:50.5,2025-09-08 15:39:50.5
2324,34,26,1,,2025-09-08 15:39:50.5,2025-09-08 15:39:50.5
2325,35,26,4,,2025-09-08 15:39:50.5,2025-09-08 15:39:50.5
2326,36,26,4,,2025-09-08 15:39:50.5,2025-09-08 15:39:50.5
2327,37,26,6,,2025-09-08 15:39:50.5,2025-09-08 15:39:50.5
2328,38,26,4,,2025-09-08 15:39:50.5,2025-09-08 15:39:50.5
2329,39,26,4,,2025-09-08 15:39:50.5,2025-09-08 15:39:50.5
2330,40,26,6,,2025-09-08 15:39:51.51,2025-09-08 15:39:51.51
2331,41,26,5,,2025-09-08 15:39:51.51,2025-09-08 15:39:51.51
2332,42,26,6,,2025-09-08 15:39:51.51,2025-09-08 15:39:51.51
2333,43,26,6,,2025-09-08 15:39:51.51,2025-09-08 15:39:51.51
2334,44,26,4,,2025-09-08 15:39:51.51,2025-09-08 15:39:51.51
2335,45,26,4,,2025-09-08 15:39:51.51,2025-09-08 15:39:51.51
2336,46,26,4,,2025-09-08 15:39:51.51,2025-09-08 15:39:51.51
2337,47,26,3,,2025-09-08 15:39:51.51,2025-09-08 15:39:51.51
2338,48,26,4,,2025-09-08 15:39:51.51,2025-09-08 15:39:51.51
2339,49,26,6,,2025-09-08 15:39:51.51,2025-09-08 15:39:51.51
2340,50,26,5,,2025-09-08 15:39:51.51,2025-09-08 15:39:51.51
2341,51,26,4,,2025-09-08 15:39:51.51,2025-09-08 15:39:51.51
2342,52,26,3,,2025-09-08 15:39:51.51,2025-09-08 15:39:51.51
2343,53,26,5,,2025-09-08 15:39:51.51,2025-09-08 15:39:51.51
2344,54,26,5,,2025-09-08 15:39:51.51,2025-09-08 15:39:51.51
2345,55,26,4,,2025-09-08 15:39:51.51,2025-09-08 15:39:51.51
2346,56,26,4,,2025-09-08 15:39:51.51,2025-09-08 15:39:51.51
2347,57,26,6,,2025-09-08 15:39:51.51,2025-09-08 15:39:51.51
2348,58,26,2,,2025-09-08 15:39:51.51,2025-09-08 15:39:51.51
2349,59,26,4,,2025-09-08 15:39:51.51,2025-09-08 15:39:51.51
2350,60,26,4,,2025-09-08 15:39:51.51,2025-09-08 15:39:51.51
2351,61,26,4,,2025-09-08 15:39:51.51,2025-09-08 15:39:51.51
2352,62,26,6,,2025-09-08 15:39:51.51,2025-09-08 15:39:51.51
2353,63,26,5,,2025-09-08 15:39:51.51,2025-09-08 15:39:51.51
2354,64,26,4,,2025-09-08 15:39:51.51,2025-09-08 15:39:51.51
2355,65,26,6,,2025-09-08 15:39:51.51,2025-09-08 15:39:51.51
2356,66,26,6,,2025-09-08 15:39:51.51,2025-09-08 15:39:51.51
2357,67,26,5,,2025-09-08 15:39:51.51,2025-09-08 15:39:51.51
2358,68,26,4,,2025-09-08 15:39:51.51,2025-09-08 15:39:51.51
2359,69,26,4,,2025-09-08 15:39:51.51,2025-09-08 15:39:51.51
2360,70,26,1,,2025-09-08 15:39:51.51,2025-09-08 15:39:51.51
2361,71,26,3,,2025-09-08 15:39:51.51,2025-09-08 15:39:51.51
2362,72,26,6,,2025-09-08 15:39:51.51,2025-09-08 15:39:51.51
2363,73,26,6,,2025-09-08 15:39:51.51,2025-09-08 15:39:51.51
2364,74,26,1,,2025-09-08 15:39:51.51,2025-09-08 15:39:51.51
2365,75,26,5,,2025-09-08 15:39:51.51,2025-09-08 15:39:51.51
2366,76,26,5,,2025-09-08 15:39:51.51,2025-09-08 15:39:51.51
2367,77,26,6,,2025-09-08 15:39:51.51,2025-09-08 15:39:51.51
2368,78,26,6,,2025-09-08 15:39:51.51,2025-09-08 15:39:51.51
2369,79,26,4,,2025-09-08 15:39:51.51,2025-09-08 15:39:51.51
2370,80,26,7,,2025-09-08 15:39:51.51,2025-09-08 15:39:51.51
2371,81,26,3,,2025-09-08 15:39:51.51,2025-09-08 15:39:51.51
2372,82,26,6,,2025-09-08 15:39:51.51,2025-09-08 15:39:51.51
2373,83,26,4,,2025-09-08 15:39:51.51,2025-09-08 15:39:51.51
2374,84,26,5,,2025-09-08 15:39:51.51,2025-09-08 15:39:51.51
2375,85,26,6,,2025-09-08 15:39:51.51,2025-09-08 15:39:51.51
2376,86,26,5,,2025-09-08 15:39:51.51,2025-09-08 15:39:51.51
2377,87,26,4,,2025-09-08 15:39:51.51,2025-09-08 15:39:51.51
2378,88,26,4,,2025-09-08 15:39:51.51,2025-09-08 15:39:51.51
2379,89,26,4,,2025-09-08 15:39:51.51,2025-09-08 15:39:51.51
2380,90,26,4,,2025-09-08 15:39:51.51,2025-09-08 15:39:51.51
2381,91,26,4,,2025-09-08 15:39:51.51,2025-09-08 15:39:51.51
2382,92,26,4,,2025-09-08 15:39:51.51,2025-09-08 15:39:51.51
2383,93,26,4,,2025-09-08 15:39:51.51,2025-09-08 15:39:51.51
2384,94,26,6,,2025-09-08 15:39:51.51,2025-09-08 15:39:51.51
2385,95,26,4,,2025-09-08 15:39:51.51,2025-09-08 15:39:51.51
2386,96,26,4,,2025-09-08 15:39:51.51,2025-09-08 15:39:51.51
2387,97,26,4,,2025-09-08 15:39:51.51,2025-09-08 15:39:51.51
2388,98,26,5,,2025-09-08 15:39:51.51,2025-09-08 15:39:51.51
2389,99,26,4,,2025-09-08 15:39:51.51,2025-09-08 15:39:51.51
2390,100,26,3,,2025-09-08 15:39:51.51,2025-09-08 15:39:51.51
2391,101,26,5,,2025-09-08 15:39:51.51,2025-09-08 15:39:51.51
2392,102,26,2,,2025-09-08 15:39:51.51,2025-09-08 15:39:51.51
2393,103,26,4,,2025-09-08 15:39:51.51,2025-09-08 15:39:51.51
2394,104,26,7,,2025-09-08 15:39:51.51,2025-09-08 15:39:51.51
2395,105,26,5,,2025-09-08 15:39:51.51,2025-09-08 15:39:51.51
2396,106,26,6,,2025-09-08 15:39:51.51,2025-09-08 15:39:51.51
2397,107,26,5,,2025-09-08 15:39:51.51,2025-09-08 15:39:51.51
2398,108,26,4,,2025-09-08 15:39:51.51,2025-09-08 15:39:51.51
2399,109,26,6,,2025-09-08 15:39:51.51,2025-09-08 15:39:51.51
2400,110,26,4,,2025-09-08 15:39:51.51,2025-09-08 15:39:51.51
2401,111,26,3,,2025-09-08 15:39:51.51,2025-09-08 15:39:51.51
2402,112,26,5,,2025-09-08 15:39:51.51,2025-09-08 15:39:51.51
2403,113,26,5,,2025-09-08 15:39:51.51,2025-09-08 15:39:51.51
2404,114,26,5,,2025-09-08 15:39:51.51,2025-09-08 15:39:51.51
2405,115,26,5,,2025-09-08 15:39:51.51,2025-09-08 15:39:51.51
2406,116,26,5,,2025-09-08 15:39:51.51,2025-09-08 15:39:51.51
2407,117,26,2,,2025-09-08 15:39:51.51,2025-09-08 15:39:51.51
2408,118,26,6,,2025-09-08 15:39:51.51,2025-09-08 15:39:51.51
2409,119,26,4,,2025-09-08 15:39:51.51,2025-09-08 15:39:51.51
2410,120,26,5,,2025-09-08 15:39:51.51,2025-09-08 15:39:51.51
2411,121,26,2,,2025-09-08 15:39:51.51,2025-09-08 15:39:51.51
2412,122,26,5,,2025-09-08 15:39:51.51,2025-09-08 15:39:51.51
2413,123,26,6,,2025-09-08 15:39:51.51,2025-09-08 15:39:51.51
2414,124,26,5,,2025-09-08 15:39:51.51,2025-09-08 15:39:51.51
2415,125,26,1,,2025-09-08 15:39:51.51,2025-09-08 15:39:51.51
2416,126,26,4,,2025-09-08 15:39:51.51,2025-09-08 15:39:51.51
2417,127,26,5,,2025-09-08 15:39:51.51,2025-09-08 15:39:51.51
2418,128,26,5,,2025-09-08 15:39:51.51,2025-09-08 15:39:51.51
2419,129,26,3,,2025-09-08 15:39:51.51,2025-09-08 15:39:51.51
2420,130,26,6,,2025-09-08 15:39:51.51,2025-09-08 15:39:51.51
2421,131,26,6,,2025-09-08 15:39:51.51,2025-09-08 15:39:51.51
2422,132,26,4,,2025-09-08 15:39:51.51,2025-09-08 15:39:51.51
2423,133,26,4,,2025-09-08 15:39:51.51,2025-09-08 15:39:51.51
2424,134,26,4,,2025-09-08 15:39:51.51,2025-09-08 15:39:51.51
2425,135,26,4,,2025-09-08 15:39:51.51,2025-09-08 15:39:51.51
2426,136,26,4,,2025-09-08 15:39:51.51,2025-09-08 15:39:51.51
2427,137,26,6,,2025-09-08 15:39:51.51,2025-09-08 15:39:51.51
2428,138,26,2,,2025-09-08 15:39:51.51,2025-09-08 15:39:51.51
2429,139,26,3,,2025-09-08 15:39:51.51,2025-09-08 15:39:51.51
2430,140,26,5,,2025-09-08 15:39:51.51,2025-09-08 15:39:51.51
2431,141,26,4,,2025-09-08 15:39:51.51,2025-09-08 15:39:51.51
2432,142,26,4,,2025-09-08 15:39:51.51,2025-09-08 15:39:51.51
2433,143,26,4,,2025-09-08 15:39:51.51,2025-09-08 15:39:51.51
2434,144,26,4,,2025-09-08 15:39:51.51,2025-09-08 15:39:51.51
2435,145,26,6,,2025-09-08 15:39:51.51,2025-09-08 15:39:51.51
2436,146,26,4,,2025-09-08 15:39:51.51,2025-09-08 15:39:51.51
2437,147,26,5,,2025-09-08 15:39:51.51,2025-09-08 15:39:51.51
2438,148,26,6,,2025-09-08 15:39:51.51,2025-09-08 15:39:51.51
2439,149,26,4,,2025-09-08 15:39:51.51,2025-09-08 15:39:51.51
2440,150,26,6,,2025-09-08 15:39:51.51,2025-09-08 15:39:51.51
2441,151,26,4,,2025-09-08 15:39:51.51,2025-09-08 15:39:51.51
2442,152,26,4,,2025-09-08 15:39:51.51,2025-09-08 15:39:51.51
2443,153,26,3,,2025-09-08 15:39:51.51,2025-09-08 15:39:51.51
2444,154,26,3,,2025-09-08 15:39:51.51,2025-09-08 15:39:51.51
2445,155,26,4,,2025-09-08 15:39:51.51,2025-09-08 15:39:51.51
2446,156,26,4,,2025-09-08 15:39:51.51,2025-09-08 15:39:51.51
2447,157,26,3,,2025-09-08 15:39:51.51,2025-09-08 15:39:51.51
2448,158,26,2,,2025-09-08 15:39:51.51,2025-09-08 15:39:51.51
2449,159,26,5,,2025-09-08 15:39:51.51,2025-09-08 15:39:51.51
2450,160,26,1,,2025-09-08 15:39:51.51,2025-09-08 15:39:51.51
2451,161,26,4,,2025-09-08 15:39:51.51,2025-09-08 15:39:51.51
2452,162,26,5,,2025-09-08 15:39:51.51,2025-09-08 15:39:51.51
2453,163,26,1,,2025-09-08 15:39:51.51,2025-09-08 15:39:51.51
2454,164,26,5,,2025-09-08 15:39:51.51,2025-09-08 15:39:51.51
2455,165,26,5,,2025-09-08 15:39:51.51,2025-09-08 15:39:51.51
2456,166,26,3,,2025-09-08 15:39:51.51,2025-09-08 15:39:51.51
2457,167,26,3,,2025-09-08 15:39:51.51,2025-09-08 15:39:51.51
2458,168,26,4,,2025-09-08 15:39:51.51,2025-09-08 15:39:51.51
2459,169,26,5,,2025-09-08 15:39:51.51,2025-09-08 15:39:51.51
2460,170,26,6,,2025-09-08 15:39:51.51,2025-09-08 15:39:51.51
2461,171,26,4,,2025-09-08 15:39:51.51,2025-09-08 15:39:51.51
2462,172,26,1,,2025-09-08 15:39:51.51,2025-09-08 15:39:51.51
2463,173,26,6,,2025-09-08 15:39:51.51,2025-09-08 15:39:51.51
2464,174,26,3,,2025-09-08 15:39:51.51,2025-09-08 15:39:51.51
2465,175,26,5,,2025-09-08 15:39:51.51,2025-09-08 15:39:51.51
2466,176,26,6,,2025-09-08 15:39:51.51,2025-09-08 15:39:51.51
2467,177,26,5,,2025-09-08 15:39:51.51,2025-09-08 15:39:51.51
2468,178,26,5,,2025-09-08 15:39:51.51,2025-09-08 15:39:51.51
2469,179,26,2,,2025-09-08 15:39:51.51,2025-09-08 15:39:51.51
2470,180,26,6,,2025-09-08 15:39:51.51,2025-09-08 15:39:51.51
2471,181,26,7,,2025-09-08 15:39:51.51,2025-09-08 15:39:51.51
2472,182,26,4,,2025-09-08 15:39:51.51,2025-09-08 15:39:51.51
2473,183,26,5,,2025-09-08 15:39:51.51,2025-09-08 15:39:51.51
2474,184,26,6,,2025-09-08 15:39:52.52,2025-09-08 15:39:52.52
2475,185,26,3,,2025-09-08 15:39:52.52,2025-09-08 15:39:52.52
2476,186,26,6,,2025-09-08 15:39:52.52,2025-09-08 15:39:52.52
2477,187,26,5,,2025-09-08 15:39:52.52,2025-09-08 15:39:52.52
2478,188,26,3,,2025-09-08 15:39:52.52,2025-09-08 15:39:52.52
2479,189,26,4,,2025-09-08 15:39:52.52,2025-09-08 15:39:52.52
2480,190,26,3,,2025-09-08 15:39:52.52,2025-09-08 15:39:52.52
2481,191,26,7,,2025-09-08 15:39:52.52,2025-09-08 15:39:52.52
2482,192,26,5,,2025-09-08 15:39:52.52,2025-09-08 15:39:52.52
2483,193,26,4,,2025-09-08 15:39:52.52,2025-09-08 15:39:52.52
2484,194,26,6,,2025-09-08 15:39:52.52,2025-09-08 15:39:52.52
2485,195,26,6,,2025-09-08 15:39:52.52,2025-09-08 15:39:52.52
2486,196,26,4,,2025-09-08 15:39:52.52,2025-09-08 15:39:52.52
2487,197,26,5,,2025-09-08 15:39:52.52,2025-09-08 15:39:52.52
2488,198,26,4,,2025-09-08 15:39:52.52,2025-09-08 15:39:52.52
2489,199,26,4,,2025-09-08 15:39:52.52,2025-09-08 15:39:52.52
2490,200,26,4,,2025-09-08 15:39:52.52,2025-09-08 15:39:52.52
2491,201,26,3,,2025-09-08 15:39:52.52,2025-09-08 15:39:52.52
2492,202,26,4,,2025-09-08 15:39:52.52,2025-09-08 15:39:52.52
2493,203,26,5,,2025-09-08 15:39:52.52,2025-09-08 15:39:52.52
2494,204,26,6,,2025-09-08 15:39:52.52,2025-09-08 15:39:52.52
2495,205,26,1,,2025-09-08 15:39:52.52,2025-09-08 15:39:52.52
2496,206,26,6,,2025-09-08 15:39:52.52,2025-09-08 15:39:52.52
2497,207,26,2,,2025-09-08 15:39:52.52,2025-09-08 15:39:52.52
2498,208,26,5,,2025-09-08 15:39:52.52,2025-09-08 15:39:52.52
2499,209,26,4,,2025-09-08 15:39:52.52,2025-09-08 15:39:52.52
2500,210,26,6,,2025-09-08 15:39:52.52,2025-09-08 15:39:52.52
2501,211,26,7,,2025-09-08 15:39:52.52,2025-09-08 15:39:52.52
2502,212,26,5,,2025-09-08 15:39:52.52,2025-09-08 15:39:52.52
2503,213,26,2,,2025-09-08 15:39:52.52,2025-09-08 15:39:52.52
2504,214,26,5,,2025-09-08 15:39:52.52,2025-09-08 15:39:52.52
2505,215,26,3,,2025-09-08 15:39:52.52,2025-09-08 15:39:52.52
2506,216,26,5,,2025-09-08 15:39:52.52,2025-09-08 15:39:52.52
2507,217,26,4,,2025-09-08 15:39:52.52,2025-09-08 15:39:52.52
2508,218,26,4,,2025-09-08 15:39:52.52,2025-09-08 15:39:52.52
2509,219,26,6,,2025-09-08 15:39:52.52,2025-09-08 15:39:52.52
2510,220,26,1,,2025-09-08 15:39:52.52,2025-09-08 15:39:52.52
2511,221,26,2,,2025-09-08 15:39:52.52,2025-09-08 15:39:52.52
2512,222,26,2,,2025-09-08 15:39:52.52,2025-09-08 15:39:52.52
2513,223,26,2,,2025-09-08 15:39:52.52,2025-09-08 15:39:52.52
2514,224,26,2,,2025-09-08 15:39:52.52,2025-09-08 15:39:52.52
2515,225,26,5,,2025-09-08 15:39:52.52,2025-09-08 15:39:52.52
2516,226,26,4,,2025-09-08 15:39:52.52,2025-09-08 15:39:52.52
2517,227,26,3,,2025-09-08 15:39:52.52,2025-09-08 15:39:52.52
2518,228,26,4,,2025-09-08 15:39:52.52,2025-09-08 15:39:52.52
2519,229,26,6,,2025-09-08 15:39:52.52,2025-09-08 15:39:52.52
2520,230,26,5,,2025-09-08 15:39:52.52,2025-09-08 15:39:52.52
2521,231,26,5,,2025-09-08 15:39:52.52,2025-09-08 15:39:52.52
2522,232,26,4,,2025-09-08 15:39:52.52,2025-09-08 15:39:52.52
2523,233,26,4,,2025-09-08 15:39:52.52,2025-09-08 15:39:52.52
2524,234,26,3,,2025-09-08 15:39:52.52,2025-09-08 15:39:52.52
2525,235,26,6,,2025-09-08 15:39:52.52,2025-09-08 15:39:52.52
2526,236,26,7,,2025-09-08 15:39:52.52,2025-09-08 15:39:52.52
2527,237,26,6,,2025-09-08 15:39:52.52,2025-09-08 15:39:52.52
2528,238,26,6,,2025-09-08 15:39:52.52,2025-09-08 15:39:52.52
2529,239,26,1,,2025-09-08 15:39:52.52,2025-09-08 15:39:52.52
2530,240,26,6,,2025-09-08 15:39:52.52,2025-09-08 15:39:52.52
2531,241,26,5,,2025-09-08 15:39:52.52,2025-09-08 15:39:52.52
2532,242,26,5,,2025-09-08 15:39:52.52,2025-09-08 15:39:52.52
2533,243,26,4,,2025-09-08 15:39:52.52,2025-09-08 15:39:52.52
2534,244,26,6,,2025-09-08 15:39:52.52,2025-09-08 15:39:52.52
2535,245,26,4,,2025-09-08 15:39:52.52,2025-09-08 15:39:52.52
2536,246,26,4,,2025-09-08 15:39:52.52,2025-09-08 15:39:52.52
2537,247,26,6,,2025-09-08 15:39:52.52,2025-09-08 15:39:52.52
2538,248,26,4,,2025-09-08 15:39:52.52,2025-09-08 15:39:52.52
2539,249,26,6,,2025-09-08 15:39:52.52,2025-09-08 15:39:52.52
2540,250,26,6,,2025-09-08 15:39:52.52,2025-09-08 15:39:52.52
2541,251,26,6,,2025-09-08 15:39:52.52,2025-09-08 15:39:52.52
2542,252,26,2,,2025-09-08 15:39:52.52,2025-09-08 15:39:52.52
2543,253,26,6,,2025-09-08 15:39:52.52,2025-09-08 15:39:52.52
2544,254,26,6,,2025-09-08 15:39:52.52,2025-09-08 15:39:52.52
2545,255,26,4,,2025-09-08 15:39:52.52,2025-09-08 15:39:52.52
2546,256,26,5,,2025-09-08 15:39:52.52,2025-09-08 15:39:52.52
2547,257,26,4,,2025-09-08 15:39:52.52,2025-09-08 15:39:52.52
2548,258,26,4,,2025-09-08 15:39:52.52,2025-09-08 15:39:52.52
2549,259,26,4,,2025-09-08 15:39:52.52,2025-09-08 15:39:52.52
2550,260,26,4,,2025-09-08 15:39:52.52,2025-09-08 15:39:52.52
2551,261,26,4,,2025-09-08 15:39:52.52,2025-09-08 15:39:52.52
2552,262,26,5,,2025-09-08 15:39:52.52,2025-09-08 15:39:52.52
2553,263,26,6,,2025-09-08 15:39:52.52,2025-09-08 15:39:52.52
2554,264,26,4,,2025-09-08 15:39:52.52,2025-09-08 15:39:52.52
2555,265,26,3,,2025-09-08 15:39:52.52,2025-09-08 15:39:52.52
2556,266,26,4,,2025-09-08 15:39:52.52,2025-09-08 15:39:52.52
2557,267,26,4,,2025-09-08 15:39:52.52,2025-09-08 15:39:52.52
2558,268,26,4,,2025-09-08 15:39:52.52,2025-09-08 15:39:52.52
2559,269,26,5,,2025-09-08 15:39:52.52,2025-09-08 15:39:52.52
2560,270,26,2,,2025-09-08 15:39:52.52,2025-09-08 15:39:52.52
2561,271,26,2,,2025-09-08 15:39:52.52,2025-09-08 15:39:52.52
2562,272,26,6,,2025-09-08 15:39:52.52,2025-09-08 15:39:52.52
2563,273,26,3,,2025-09-08 15:39:52.52,2025-09-08 15:39:52.52
2564,274,26,3,,2025-09-08 15:39:52.52,2025-09-08 15:39:52.52
2565,275,26,4,,2025-09-08 15:39:52.52,2025-09-08 15:39:52.52
2566,276,26,5,,2025-09-08 15:39:52.52,2025-09-08 15:39:52.52
2567,277,26,4,,2025-09-08 15:39:52.52,2025-09-08 15:39:52.52
2568,278,26,1,,2025-09-08 15:39:52.52,2025-09-08 15:39:52.52
2569,279,26,4,,2025-09-08 15:39:52.52,2025-09-08 15:39:52.52
2570,280,26,6,,2025-09-08 15:39:52.52,2025-09-08 15:39:52.52
2571,281,26,5,,2025-09-08 15:39:52.52,2025-09-08 15:39:52.52
2572,282,26,4,,2025-09-08 15:39:52.52,2025-09-08 15:39:52.52
2573,283,26,7,,2025-09-08 15:39:52.52,2025-09-08 15:39:52.52
2574,284,26,5,,2025-09-08 15:39:52.52,2025-09-08 15:39:52.52
2575,285,26,4,,2025-09-08 15:39:52.52,2025-09-08 15:39:52.52
2576,286,26,7,,2025-09-08 15:39:52.52,2025-09-08 15:39:52.52
2577,287,26,4,,2025-09-08 15:39:52.52,2025-09-08 15:39:52.52
2578,288,26,6,,2025-09-08 15:39:52.52,2025-09-08 15:39:52.52
2579,289,26,5,,2025-09-08 15:39:52.52,2025-09-08 15:39:52.52
2580,290,26,4,,2025-09-08 15:39:52.52,2025-09-08 15:39:52.52
2581,291,26,4,,2025-09-08 15:39:52.52,2025-09-08 15:39:52.52
2582,292,26,6,,2025-09-08 15:39:52.52,2025-09-08 15:39:52.52
2583,293,26,4,,2025-09-08 15:39:52.52,2025-09-08 15:39:52.52
2584,294,26,5,,2025-09-08 15:39:52.52,2025-09-08 15:39:52.52
2585,295,26,6,,2025-09-08 15:39:52.52,2025-09-08 15:39:52.52
2586,296,26,4,,2025-09-08 15:39:52.52,2025-09-08 15:39:52.52
2587,297,26,2,,2025-09-08 15:39:52.52,2025-09-08 15:39:52.52
2588,298,26,4,,2025-09-08 15:39:52.52,2025-09-08 15:39:52.52
2589,299,26,6,,2025-09-08 15:39:52.52,2025-09-08 15:39:52.52
2590,300,26,2,,2025-09-08 15:39:52.52,2025-09-08 15:39:52.52
2591,301,26,3,,2025-09-08 15:39:52.52,2025-09-08 15:39:52.52
2592,302,26,3,,2025-09-08 15:39:52.52,2025-09-08 15:39:52.52
2593,303,26,2,,2025-09-08 15:39:52.52,2025-09-08 15:39:52.52
2594,304,26,7,,2025-09-08 15:39:52.52,2025-09-08 15:39:52.52
2595,305,26,5,,2025-09-08 15:39:52.52,2025-09-08 15:39:52.52
2596,306,26,5,,2025-09-08 15:39:52.52,2025-09-08 15:39:52.52
2597,307,26,4,,2025-09-08 15:39:52.52,2025-09-08 15:39:52.52
2598,308,26,5,,2025-09-08 15:39:52.52,2025-09-08 15:39:52.52
2599,309,26,6,,2025-09-08 15:39:52.52,2025-09-08 15:39:52.52
2600,310,26,4,,2025-09-08 15:39:52.52,2025-09-08 15:39:52.52
2601,311,26,5,,2025-09-08 15:39:52.52,2025-09-08 15:39:52.52
2602,312,26,4,,2025-09-08 15:39:52.52,2025-09-08 15:39:52.52
2603,313,26,4,,2025-09-08 15:39:52.52,2025-09-08 15:39:52.52
2604,314,26,4,,2025-09-08 15:39:52.52,2025-09-08 15:39:52.52
2605,315,26,6,,2025-09-08 15:39:52.52,2025-09-08 15:39:52.52
2606,316,26,6,,2025-09-08 15:39:52.52,2025-09-08 15:39:52.52
2607,317,26,5,,2025-09-08 15:39:52.52,2025-09-08 15:39:52.52
2608,318,26,4,,2025-09-08 15:39:52.52,2025-09-08 15:39:52.52
2609,319,26,4,,2025-09-08 15:39:52.52,2025-09-08 15:39:52.52
2610,320,26,5,,2025-09-08 15:39:52.52,2025-09-08 15:39:52.52
2611,321,26,6,,2025-09-08 15:39:52.52,2025-09-08 15:39:52.52
2612,322,26,5,,2025-09-08 15:39:52.52,2025-09-08 15:39:52.52
2613,323,26,5,,2025-09-08 15:39:52.52,2025-09-08 15:39:52.52
2614,324,26,1,,2025-09-08 15:39:52.52,2025-09-08 15:39:52.52
2615,325,26,5,,2025-09-08 15:39:52.52,2025-09-08 15:39:52.52
2616,326,26,4,,2025-09-08 15:39:52.52,2025-09-08 15:39:52.52
2617,327,26,2,,2025-09-08 15:39:52.52,2025-09-08 15:39:52.52
2618,328,26,4,,2025-09-08 15:39:52.52,2025-09-08 15:39:52.52
2619,329,26,6,,2025-09-08 15:39:53.53,2025-09-08 15:39:53.53
2620,330,26,4,,2025-09-08 15:39:53.53,2025-09-08 15:39:53.53
2621,331,26,1,,2025-09-08 15:39:53.53,2025-09-08 15:39:53.53
2622,332,26,4,,2025-09-08 15:39:53.53,2025-09-08 15:39:53.53
2623,333,26,4,,2025-09-08 15:39:53.53,2025-09-08 15:39:53.53
2624,334,26,5,,2025-09-08 15:39:53.53,2025-09-08 15:39:53.53
2625,335,26,4,,2025-09-08 15:39:53.53,2025-09-08 15:39:53.53
2626,336,26,5,,2025-09-08 15:39:53.53,2025-09-08 15:39:53.53
2627,337,26,4,,2025-09-08 15:39:53.53,2025-09-08 15:39:53.53
2628,338,26,6,,2025-09-08 15:39:53.53,2025-09-08 15:39:53.53
2629,339,26,5,,2025-09-08 15:39:53.53,2025-09-08 15:39:53.53
2630,340,26,4,,2025-09-08 15:39:53.53,2025-09-08 15:39:53.53
2631,341,26,5,,2025-09-08 15:39:53.53,2025-09-08 15:39:53.53
2632,342,26,7,,2025-09-08 15:39:53.53,2025-09-08 15:39:53.53
2633,343,26,5,,2025-09-08 15:39:53.53,2025-09-08 15:39:53.53
2634,344,26,4,,2025-09-08 15:39:53.53,2025-09-08 15:39:53.53
2635,345,26,5,,2025-09-08 15:39:53.53,2025-09-08 15:39:53.53
2636,346,26,6,,2025-09-08 15:39:53.53,2025-09-08 15:39:53.53
2637,347,26,4,,2025-09-08 15:39:53.53,2025-09-08 15:39:53.53
2638,348,26,4,,2025-09-08 15:39:53.53,2025-09-08 15:39:53.53
2639,349,26,4,,2025-09-08 15:39:53.53,2025-09-08 15:39:53.53
2640,350,26,4,,2025-09-08 15:39:53.53,2025-09-08 15:39:53.53
2641,351,26,4,,2025-09-08 15:39:53.53,2025-09-08 15:39:53.53
2642,352,26,4,,2025-09-08 15:39:53.53,2025-09-08 15:39:53.53
2643,353,26,5,,2025-09-08 15:39:53.53,2025-09-08 15:39:53.53
2644,354,26,4,,2025-09-08 15:39:53.53,2025-09-08 15:39:53.53
2645,355,26,1,,2025-09-08 15:39:53.53,2025-09-08 15:39:53.53
2646,356,26,4,,2025-09-08 15:39:53.53,2025-09-08 15:39:53.53
2647,357,26,5,,2025-09-08 15:39:53.53,2025-09-08 15:39:53.53
2648,358,26,4,,2025-09-08 15:39:53.53,2025-09-08 15:39:53.53
2649,359,26,5,,2025-09-08 15:39:53.53,2025-09-08 15:39:53.53
2650,360,26,5,,2025-09-08 15:39:53.53,2025-09-08 15:39:53.53
2651,361,26,5,,2025-09-08 15:39:53.53,2025-09-08 15:39:53.53
2652,362,26,2,,2025-09-08 15:39:53.53,2025-09-08 15:39:53.53
2653,363,26,4,,2025-09-08 15:39:53.53,2025-09-08 15:39:53.53
2654,364,26,5,,2025-09-08 15:39:53.53,2025-09-08 15:39:53.53
2655,365,26,4,,2025-09-08 15:39:53.53,2025-09-08 15:39:53.53
2656,366,26,5,,2025-09-08 15:39:53.53,2025-09-08 15:39:53.53
2657,367,26,2,,2025-09-08 15:39:53.53,2025-09-08 15:39:53.53
2658,368,26,3,,2025-09-08 15:39:53.53,2025-09-08 15:39:53.53
2659,369,26,4,,2025-09-08 15:39:53.53,2025-09-08 15:39:53.53
2660,9,25,7,,2025-09-08 15:39:53.53,2025-09-08 15:39:53.53
2661,10,25,4,,2025-09-08 15:39:53.53,2025-09-08 15:39:53.53
2662,11,25,5,,2025-09-08 15:39:53.53,2025-09-08 15:39:53.53
2663,12,25,3,,2025-09-08 15:39:53.53,2025-09-08 15:39:53.53
2664,13,25,6,,2025-09-08 15:39:53.53,2025-09-08 15:39:53.53
2665,14,25,3,,2025-09-08 15:39:53.53,2025-09-08 15:39:53.53
2666,15,25,4,,2025-09-08 15:39:53.53,2025-09-08 15:39:53.53
2667,16,25,7,,2025-09-08 15:39:53.53,2025-09-08 15:39:53.53
2668,17,25,4,,2025-09-08 15:39:53.53,2025-09-08 15:39:53.53
2669,18,25,7,,2025-09-08 15:39:53.53,2025-09-08 15:39:53.53
2670,19,25,5,,2025-09-08 15:39:53.53,2025-09-08 15:39:53.53
2671,20,25,4,,2025-09-08 15:39:53.53,2025-09-08 15:39:53.53
2672,21,25,5,,2025-09-08 15:39:53.53,2025-09-08 15:39:53.53
2673,22,25,6,,2025-09-08 15:39:53.53,2025-09-08 15:39:53.53
2674,23,25,4,,2025-09-08 15:39:53.53,2025-09-08 15:39:53.53
2675,24,25,4,,2025-09-08 15:39:53.53,2025-09-08 15:39:53.53
2676,25,25,4,,2025-09-08 15:39:53.53,2025-09-08 15:39:53.53
2677,26,25,4,,2025-09-08 15:39:53.53,2025-09-08 15:39:53.53
2678,27,25,5,,2025-09-08 15:39:53.53,2025-09-08 15:39:53.53
2679,28,25,5,,2025-09-08 15:39:53.53,2025-09-08 15:39:53.53
2680,29,25,4,,2025-09-08 15:39:53.53,2025-09-08 15:39:53.53
2681,30,25,6,,2025-09-08 15:39:53.53,2025-09-08 15:39:53.53
2682,31,25,4,,2025-09-08 15:39:53.53,2025-09-08 15:39:53.53
2683,32,25,2,,2025-09-08 15:39:53.53,2025-09-08 15:39:53.53
2684,33,25,5,,2025-09-08 15:39:53.53,2025-09-08 15:39:53.53
2685,34,25,1,,2025-09-08 15:39:53.53,2025-09-08 15:39:53.53
2686,35,25,6,,2025-09-08 15:39:53.53,2025-09-08 15:39:53.53
2687,36,25,4,,2025-09-08 15:39:53.53,2025-09-08 15:39:53.53
2688,37,25,6,,2025-09-08 15:39:53.53,2025-09-08 15:39:53.53
2689,38,25,5,,2025-09-08 15:39:53.53,2025-09-08 15:39:53.53
2690,39,25,4,,2025-09-08 15:39:53.53,2025-09-08 15:39:53.53
2691,40,25,5,,2025-09-08 15:39:53.53,2025-09-08 15:39:53.53
2692,41,25,6,,2025-09-08 15:39:53.53,2025-09-08 15:39:53.53
2693,42,25,6,,2025-09-08 15:39:53.53,2025-09-08 15:39:53.53
2694,43,25,6,,2025-09-08 15:39:53.53,2025-09-08 15:39:53.53
2695,44,25,6,,2025-09-08 15:39:53.53,2025-09-08 15:39:53.53
2696,45,25,5,,2025-09-08 15:39:53.53,2025-09-08 15:39:53.53
2697,46,25,7,,2025-09-08 15:39:53.53,2025-09-08 15:39:53.53
2698,47,25,4,,2025-09-08 15:39:53.53,2025-09-08 15:39:53.53
2699,48,25,4,,2025-09-08 15:39:53.53,2025-09-08 15:39:53.53
2700,49,25,7,,2025-09-08 15:39:53.53,2025-09-08 15:39:53.53
2701,50,25,6,,2025-09-08 15:39:53.53,2025-09-08 15:39:53.53
2702,51,25,7,,2025-09-08 15:39:53.53,2025-09-08 15:39:53.53
2703,52,25,3,,2025-09-08 15:39:53.53,2025-09-08 15:39:53.53
2704,53,25,7,,2025-09-08 15:39:53.53,2025-09-08 15:39:53.53
2705,54,25,7,,2025-09-08 15:39:53.53,2025-09-08 15:39:53.53
2706,55,25,4,,2025-09-08 15:39:53.53,2025-09-08 15:39:53.53
2707,56,25,4,,2025-09-08 15:39:53.53,2025-09-08 15:39:53.53
2708,57,25,6,,2025-09-08 15:39:53.53,2025-09-08 15:39:53.53
2709,58,25,2,,2025-09-08 15:39:53.53,2025-09-08 15:39:53.53
2710,59,25,7,,2025-09-08 15:39:53.53,2025-09-08 15:39:53.53
2711,60,25,4,,2025-09-08 15:39:53.53,2025-09-08 15:39:53.53
2712,61,25,4,,2025-09-08 15:39:53.53,2025-09-08 15:39:53.53
2713,62,25,6,,2025-09-08 15:39:53.53,2025-09-08 15:39:53.53
2714,63,25,5,,2025-09-08 15:39:53.53,2025-09-08 15:39:53.53
2715,64,25,4,,2025-09-08 15:39:53.53,2025-09-08 15:39:53.53
2716,65,25,6,,2025-09-08 15:39:53.53,2025-09-08 15:39:53.53
2717,66,25,6,,2025-09-08 15:39:53.53,2025-09-08 15:39:53.53
2718,67,25,6,,2025-09-08 15:39:53.53,2025-09-08 15:39:53.53
2719,68,25,4,,2025-09-08 15:39:53.53,2025-09-08 15:39:53.53
2720,69,25,5,,2025-09-08 15:39:53.53,2025-09-08 15:39:53.53
2721,70,25,1,,2025-09-08 15:39:53.53,2025-09-08 15:39:53.53
2722,71,25,6,,2025-09-08 15:39:53.53,2025-09-08 15:39:53.53
2723,72,25,6,,2025-09-08 15:39:53.53,2025-09-08 15:39:53.53
2724,73,25,7,,2025-09-08 15:39:53.53,2025-09-08 15:39:53.53
2725,74,25,1,,2025-09-08 15:39:53.53,2025-09-08 15:39:53.53
2726,75,25,5,,2025-09-08 15:39:53.53,2025-09-08 15:39:53.53
2727,76,25,5,,2025-09-08 15:39:53.53,2025-09-08 15:39:53.53
2728,77,25,6,,2025-09-08 15:39:53.53,2025-09-08 15:39:53.53
2729,78,25,6,,2025-09-08 15:39:53.53,2025-09-08 15:39:53.53
2730,79,25,4,,2025-09-08 15:39:53.53,2025-09-08 15:39:53.53
2731,80,25,7,,2025-09-08 15:39:53.53,2025-09-08 15:39:53.53
2732,81,25,4,,2025-09-08 15:39:53.53,2025-09-08 15:39:53.53
2733,82,25,6,,2025-09-08 15:39:53.53,2025-09-08 15:39:53.53
2734,83,25,4,,2025-09-08 15:39:53.53,2025-09-08 15:39:53.53
2735,84,25,5,,2025-09-08 15:39:53.53,2025-09-08 15:39:53.53
2736,85,25,7,,2025-09-08 15:39:53.53,2025-09-08 15:39:53.53
2737,86,25,5,,2025-09-08 15:39:53.53,2025-09-08 15:39:53.53
2738,87,25,4,,2025-09-08 15:39:53.53,2025-09-08 15:39:53.53
2739,88,25,4,,2025-09-08 15:39:53.53,2025-09-08 15:39:53.53
2740,89,25,4,,2025-09-08 15:39:53.53,2025-09-08 15:39:53.53
2741,90,25,5,,2025-09-08 15:39:53.53,2025-09-08 15:39:53.53
2742,91,25,4,,2025-09-08 15:39:53.53,2025-09-08 15:39:53.53
2743,92,25,3,,2025-09-08 15:39:53.53,2025-09-08 15:39:53.53
2744,93,25,4,,2025-09-08 15:39:53.53,2025-09-08 15:39:53.53
2745,94,25,6,,2025-09-08 15:39:53.53,2025-09-08 15:39:53.53
2746,95,25,4,,2025-09-08 15:39:53.53,2025-09-08 15:39:53.53
2747,96,25,5,,2025-09-08 15:39:53.53,2025-09-08 15:39:53.53
2748,97,25,4,,2025-09-08 15:39:53.53,2025-09-08 15:39:53.53
2749,98,25,5,,2025-09-08 15:39:53.53,2025-09-08 15:39:53.53
2750,99,25,4,,2025-09-08 15:39:53.53,2025-09-08 15:39:53.53
2751,100,25,4,,2025-09-08 15:39:53.53,2025-09-08 15:39:53.53
2752,101,25,5,,2025-09-08 15:39:53.53,2025-09-08 15:39:53.53
2753,102,25,6,,2025-09-08 15:39:53.53,2025-09-08 15:39:53.53
2754,103,25,4,,2025-09-08 15:39:53.53,2025-09-08 15:39:53.53
2755,104,25,7,,2025-09-08 15:39:53.53,2025-09-08 15:39:53.53
2756,105,25,5,,2025-09-08 15:39:53.53,2025-09-08 15:39:53.53
2757,106,25,6,,2025-09-08 15:39:53.53,2025-09-08 15:39:53.53
2758,107,25,5,,2025-09-08 15:39:53.53,2025-09-08 15:39:53.53
2759,108,25,6,,2025-09-08 15:39:53.53,2025-09-08 15:39:53.53
2760,109,25,5,,2025-09-08 15:39:53.53,2025-09-08 15:39:53.53
2761,110,25,4,,2025-09-08 15:39:53.53,2025-09-08 15:39:53.53
2762,111,25,6,,2025-09-08 15:39:53.53,2025-09-08 15:39:53.53
2763,112,25,5,,2025-09-08 15:39:53.53,2025-09-08 15:39:53.53
2764,113,25,5,,2025-09-08 15:39:53.53,2025-09-08 15:39:53.53
2765,114,25,6,,2025-09-08 15:39:53.53,2025-09-08 15:39:53.53
2766,115,25,1,,2025-09-08 15:39:53.53,2025-09-08 15:39:53.53
2767,116,25,4,,2025-09-08 15:39:53.53,2025-09-08 15:39:53.53
2768,117,25,6,,2025-09-08 15:39:53.53,2025-09-08 15:39:53.53
2769,118,25,6,,2025-09-08 15:39:54.54,2025-09-08 15:39:54.54
2770,119,25,4,,2025-09-08 15:39:54.54,2025-09-08 15:39:54.54
2771,120,25,5,,2025-09-08 15:39:54.54,2025-09-08 15:39:54.54
2772,121,25,7,,2025-09-08 15:39:54.54,2025-09-08 15:39:54.54
2773,122,25,5,,2025-09-08 15:39:54.54,2025-09-08 15:39:54.54
2774,123,25,7,,2025-09-08 15:39:54.54,2025-09-08 15:39:54.54
2775,124,25,6,,2025-09-08 15:39:54.54,2025-09-08 15:39:54.54
2776,125,25,6,,2025-09-08 15:39:54.54,2025-09-08 15:39:54.54
2777,126,25,4,,2025-09-08 15:39:54.54,2025-09-08 15:39:54.54
2778,127,25,7,,2025-09-08 15:39:54.54,2025-09-08 15:39:54.54
2779,128,25,5,,2025-09-08 15:39:54.54,2025-09-08 15:39:54.54
2780,129,25,4,,2025-09-08 15:39:54.54,2025-09-08 15:39:54.54
2781,130,25,6,,2025-09-08 15:39:54.54,2025-09-08 15:39:54.54
2782,131,25,5,,2025-09-08 15:39:54.54,2025-09-08 15:39:54.54
2783,132,25,4,,2025-09-08 15:39:54.54,2025-09-08 15:39:54.54
2784,133,25,4,,2025-09-08 15:39:54.54,2025-09-08 15:39:54.54
2785,134,25,7,,2025-09-08 15:39:54.54,2025-09-08 15:39:54.54
2786,135,25,5,,2025-09-08 15:39:54.54,2025-09-08 15:39:54.54
2787,136,25,5,,2025-09-08 15:39:54.54,2025-09-08 15:39:54.54
2788,137,25,6,,2025-09-08 15:39:54.54,2025-09-08 15:39:54.54
2789,138,25,4,,2025-09-08 15:39:54.54,2025-09-08 15:39:54.54
2790,139,25,4,,2025-09-08 15:39:54.54,2025-09-08 15:39:54.54
2791,140,25,5,,2025-09-08 15:39:54.54,2025-09-08 15:39:54.54
2792,141,25,4,,2025-09-08 15:39:54.54,2025-09-08 15:39:54.54
2793,142,25,4,,2025-09-08 15:39:54.54,2025-09-08 15:39:54.54
2794,143,25,4,,2025-09-08 15:39:54.54,2025-09-08 15:39:54.54
2795,144,25,4,,2025-09-08 15:39:54.54,2025-09-08 15:39:54.54
2796,145,25,6,,2025-09-08 15:39:54.54,2025-09-08 15:39:54.54
2797,146,25,4,,2025-09-08 15:39:54.54,2025-09-08 15:39:54.54
2798,147,25,6,,2025-09-08 15:39:54.54,2025-09-08 15:39:54.54
2799,148,25,6,,2025-09-08 15:39:54.54,2025-09-08 15:39:54.54
2800,149,25,4,,2025-09-08 15:39:54.54,2025-09-08 15:39:54.54
2801,150,25,5,,2025-09-08 15:39:54.54,2025-09-08 15:39:54.54
2802,151,25,4,,2025-09-08 15:39:54.54,2025-09-08 15:39:54.54
2803,152,25,5,,2025-09-08 15:39:54.54,2025-09-08 15:39:54.54
2804,153,25,2,,2025-09-08 15:39:54.54,2025-09-08 15:39:54.54
2805,154,25,3,,2025-09-08 15:39:54.54,2025-09-08 15:39:54.54
2806,155,25,5,,2025-09-08 15:39:54.54,2025-09-08 15:39:54.54
2807,156,25,4,,2025-09-08 15:39:54.54,2025-09-08 15:39:54.54
2808,157,25,5,,2025-09-08 15:39:54.54,2025-09-08 15:39:54.54
2809,158,25,1,,2025-09-08 15:39:54.54,2025-09-08 15:39:54.54
2810,159,25,3,,2025-09-08 15:39:54.54,2025-09-08 15:39:54.54
2811,160,25,3,,2025-09-08 15:39:54.54,2025-09-08 15:39:54.54
2812,161,25,4,,2025-09-08 15:39:54.54,2025-09-08 15:39:54.54
2813,162,25,5,,2025-09-08 15:39:54.54,2025-09-08 15:39:54.54
2814,163,25,2,,2025-09-08 15:39:54.54,2025-09-08 15:39:54.54
2815,164,25,4,,2025-09-08 15:39:54.54,2025-09-08 15:39:54.54
2816,165,25,5,,2025-09-08 15:39:54.54,2025-09-08 15:39:54.54
2817,166,25,3,,2025-09-08 15:39:54.54,2025-09-08 15:39:54.54
2818,167,25,5,,2025-09-08 15:39:54.54,2025-09-08 15:39:54.54
2819,168,25,4,,2025-09-08 15:39:54.54,2025-09-08 15:39:54.54
2820,169,25,5,,2025-09-08 15:39:54.54,2025-09-08 15:39:54.54
2821,170,25,6,,2025-09-08 15:39:54.54,2025-09-08 15:39:54.54
2822,171,25,4,,2025-09-08 15:39:54.54,2025-09-08 15:39:54.54
2823,172,25,3,,2025-09-08 15:39:54.54,2025-09-08 15:39:54.54
2824,173,25,6,,2025-09-08 15:39:54.54,2025-09-08 15:39:54.54
2825,174,25,4,,2025-09-08 15:39:54.54,2025-09-08 15:39:54.54
2826,175,25,5,,2025-09-08 15:39:54.54,2025-09-08 15:39:54.54
2827,176,25,6,,2025-09-08 15:39:54.54,2025-09-08 15:39:54.54
2828,177,25,4,,2025-09-08 15:39:54.54,2025-09-08 15:39:54.54
2829,178,25,5,,2025-09-08 15:39:54.54,2025-09-08 15:39:54.54
2830,179,25,2,,2025-09-08 15:39:54.54,2025-09-08 15:39:54.54
2831,180,25,6,,2025-09-08 15:39:54.54,2025-09-08 15:39:54.54
2832,181,25,7,,2025-09-08 15:39:54.54,2025-09-08 15:39:54.54
2833,182,25,4,,2025-09-08 15:39:54.54,2025-09-08 15:39:54.54
2834,183,25,7,,2025-09-08 15:39:54.54,2025-09-08 15:39:54.54
2835,184,25,6,,2025-09-08 15:39:54.54,2025-09-08 15:39:54.54
2836,185,25,5,,2025-09-08 15:39:54.54,2025-09-08 15:39:54.54
2837,186,25,6,,2025-09-08 15:39:54.54,2025-09-08 15:39:54.54
2838,187,25,6,,2025-09-08 15:39:54.54,2025-09-08 15:39:54.54
2839,188,25,3,,2025-09-08 15:39:54.54,2025-09-08 15:39:54.54
2840,189,25,3,,2025-09-08 15:39:54.54,2025-09-08 15:39:54.54
2841,190,25,3,,2025-09-08 15:39:54.54,2025-09-08 15:39:54.54
2842,191,25,7,,2025-09-08 15:39:54.54,2025-09-08 15:39:54.54
2843,192,25,5,,2025-09-08 15:39:54.54,2025-09-08 15:39:54.54
2844,193,25,5,,2025-09-08 15:39:54.54,2025-09-08 15:39:54.54
2845,194,25,6,,2025-09-08 15:39:54.54,2025-09-08 15:39:54.54
2846,195,25,5,,2025-09-08 15:39:54.54,2025-09-08 15:39:54.54
2847,196,25,5,,2025-09-08 15:39:54.54,2025-09-08 15:39:54.54
2848,197,25,5,,2025-09-08 15:39:54.54,2025-09-08 15:39:54.54
2849,198,25,4,,2025-09-08 15:39:54.54,2025-09-08 15:39:54.54
2850,199,25,4,,2025-09-08 15:39:54.54,2025-09-08 15:39:54.54
2851,200,25,4,,2025-09-08 15:39:54.54,2025-09-08 15:39:54.54
2852,201,25,4,,2025-09-08 15:39:54.54,2025-09-08 15:39:54.54
2853,202,25,6,,2025-09-08 15:39:54.54,2025-09-08 15:39:54.54
2854,203,25,5,,2025-09-08 15:39:54.54,2025-09-08 15:39:54.54
2855,204,25,7,,2025-09-08 15:39:54.54,2025-09-08 15:39:54.54
2856,205,25,1,,2025-09-08 15:39:54.54,2025-09-08 15:39:54.54
2857,206,25,7,,2025-09-08 15:39:54.54,2025-09-08 15:39:54.54
2858,207,25,7,,2025-09-08 15:39:54.54,2025-09-08 15:39:54.54
2859,208,25,4,,2025-09-08 15:39:54.54,2025-09-08 15:39:54.54
2860,209,25,4,,2025-09-08 15:39:54.54,2025-09-08 15:39:54.54
2861,210,25,6,,2025-09-08 15:39:54.54,2025-09-08 15:39:54.54
2862,211,25,7,,2025-09-08 15:39:54.54,2025-09-08 15:39:54.54
2863,212,25,5,,2025-09-08 15:39:54.54,2025-09-08 15:39:54.54
2864,213,25,3,,2025-09-08 15:39:54.54,2025-09-08 15:39:54.54
2865,214,25,5,,2025-09-08 15:39:54.54,2025-09-08 15:39:54.54
2866,215,25,4,,2025-09-08 15:39:54.54,2025-09-08 15:39:54.54
2867,216,25,6,,2025-09-08 15:39:54.54,2025-09-08 15:39:54.54
2868,217,25,4,,2025-09-08 15:39:54.54,2025-09-08 15:39:54.54
2869,218,25,5,,2025-09-08 15:39:54.54,2025-09-08 15:39:54.54
2870,219,25,6,,2025-09-08 15:39:54.54,2025-09-08 15:39:54.54
2871,220,25,2,,2025-09-08 15:39:54.54,2025-09-08 15:39:54.54
2872,221,25,2,,2025-09-08 15:39:54.54,2025-09-08 15:39:54.54
2873,222,25,5,,2025-09-08 15:39:54.54,2025-09-08 15:39:54.54
2874,223,25,4,,2025-09-08 15:39:54.54,2025-09-08 15:39:54.54
2875,224,25,2,,2025-09-08 15:39:54.54,2025-09-08 15:39:54.54
2876,225,25,5,,2025-09-08 15:39:54.54,2025-09-08 15:39:54.54
2877,226,25,6,,2025-09-08 15:39:54.54,2025-09-08 15:39:54.54
2878,227,25,3,,2025-09-08 15:39:54.54,2025-09-08 15:39:54.54
2879,228,25,5,,2025-09-08 15:39:54.54,2025-09-08 15:39:54.54
2880,229,25,6,,2025-09-08 15:39:54.54,2025-09-08 15:39:54.54
2881,230,25,5,,2025-09-08 15:39:54.54,2025-09-08 15:39:54.54
2882,231,25,5,,2025-09-08 15:39:54.54,2025-09-08 15:39:54.54
2883,232,25,4,,2025-09-08 15:39:54.54,2025-09-08 15:39:54.54
2884,233,25,6,,2025-09-08 15:39:54.54,2025-09-08 15:39:54.54
2885,234,25,2,,2025-09-08 15:39:54.54,2025-09-08 15:39:54.54
2886,235,25,6,,2025-09-08 15:39:54.54,2025-09-08 15:39:54.54
2887,236,25,7,,2025-09-08 15:39:54.54,2025-09-08 15:39:54.54
2888,237,25,6,,2025-09-08 15:39:54.54,2025-09-08 15:39:54.54
2889,238,25,6,,2025-09-08 15:39:54.54,2025-09-08 15:39:54.54
2890,239,25,1,,2025-09-08 15:39:54.54,2025-09-08 15:39:54.54
2891,240,25,6,,2025-09-08 15:39:54.54,2025-09-08 15:39:54.54
2892,241,25,5,,2025-09-08 15:39:54.54,2025-09-08 15:39:54.54
2893,242,25,4,,2025-09-08 15:39:54.54,2025-09-08 15:39:54.54
2894,243,25,4,,2025-09-08 15:39:54.54,2025-09-08 15:39:54.54
2895,244,25,7,,2025-09-08 15:39:54.54,2025-09-08 15:39:54.54
2896,245,25,4,,2025-09-08 15:39:54.54,2025-09-08 15:39:54.54
2897,246,25,5,,2025-09-08 15:39:54.54,2025-09-08 15:39:54.54
2898,247,25,6,,2025-09-08 15:39:54.54,2025-09-08 15:39:54.54
2899,248,25,4,,2025-09-08 15:39:54.54,2025-09-08 15:39:54.54
2900,249,25,6,,2025-09-08 15:39:54.54,2025-09-08 15:39:54.54
2901,250,25,6,,2025-09-08 15:39:54.54,2025-09-08 15:39:54.54
2902,251,25,7,,2025-09-08 15:39:54.54,2025-09-08 15:39:54.54
2903,252,25,5,,2025-09-08 15:39:54.54,2025-09-08 15:39:54.54
2904,253,25,6,,2025-09-08 15:39:54.54,2025-09-08 15:39:54.54
2905,254,25,6,,2025-09-08 15:39:54.54,2025-09-08 15:39:54.54
2906,255,25,5,,2025-09-08 15:39:54.54,2025-09-08 15:39:54.54
2907,256,25,5,,2025-09-08 15:39:54.54,2025-09-08 15:39:54.54
2908,257,25,5,,2025-09-08 15:39:54.54,2025-09-08 15:39:54.54
2909,258,25,4,,2025-09-08 15:39:54.54,2025-09-08 15:39:54.54
2910,259,25,4,,2025-09-08 15:39:54.54,2025-09-08 15:39:54.54
2911,260,25,7,,2025-09-08 15:39:54.54,2025-09-08 15:39:54.54
2912,261,25,4,,2025-09-08 15:39:55.55,2025-09-08 15:39:55.55
2913,262,25,6,,2025-09-08 15:39:55.55,2025-09-08 15:39:55.55
2914,263,25,6,,2025-09-08 15:39:55.55,2025-09-08 15:39:55.55
2915,264,25,4,,2025-09-08 15:39:55.55,2025-09-08 15:39:55.55
2916,265,25,4,,2025-09-08 15:39:55.55,2025-09-08 15:39:55.55
2917,266,25,4,,2025-09-08 15:39:55.55,2025-09-08 15:39:55.55
2918,267,25,4,,2025-09-08 15:39:55.55,2025-09-08 15:39:55.55
2919,268,25,5,,2025-09-08 15:39:55.55,2025-09-08 15:39:55.55
2920,269,25,4,,2025-09-08 15:39:55.55,2025-09-08 15:39:55.55
2921,270,25,6,,2025-09-08 15:39:55.55,2025-09-08 15:39:55.55
2922,271,25,7,,2025-09-08 15:39:55.55,2025-09-08 15:39:55.55
2923,272,25,5,,2025-09-08 15:39:55.55,2025-09-08 15:39:55.55
2924,273,25,3,,2025-09-08 15:39:55.55,2025-09-08 15:39:55.55
2925,274,25,4,,2025-09-08 15:39:55.55,2025-09-08 15:39:55.55
2926,275,25,5,,2025-09-08 15:39:55.55,2025-09-08 15:39:55.55
2927,276,25,5,,2025-09-08 15:39:55.55,2025-09-08 15:39:55.55
2928,277,25,4,,2025-09-08 15:39:55.55,2025-09-08 15:39:55.55
2929,278,25,3,,2025-09-08 15:39:55.55,2025-09-08 15:39:55.55
2930,279,25,3,,2025-09-08 15:39:55.55,2025-09-08 15:39:55.55
2931,280,25,6,,2025-09-08 15:39:55.55,2025-09-08 15:39:55.55
2932,281,25,6,,2025-09-08 15:39:55.55,2025-09-08 15:39:55.55
2933,282,25,5,,2025-09-08 15:39:55.55,2025-09-08 15:39:55.55
2934,283,25,7,,2025-09-08 15:39:55.55,2025-09-08 15:39:55.55
2935,284,25,5,,2025-09-08 15:39:55.55,2025-09-08 15:39:55.55
2936,285,25,3,,2025-09-08 15:39:55.55,2025-09-08 15:39:55.55
2937,286,25,7,,2025-09-08 15:39:55.55,2025-09-08 15:39:55.55
2938,287,25,3,,2025-09-08 15:39:55.55,2025-09-08 15:39:55.55
2939,288,25,6,,2025-09-08 15:39:55.55,2025-09-08 15:39:55.55
2940,289,25,5,,2025-09-08 15:39:55.55,2025-09-08 15:39:55.55
2941,290,25,4,,2025-09-08 15:39:55.55,2025-09-08 15:39:55.55
2942,291,25,5,,2025-09-08 15:39:55.55,2025-09-08 15:39:55.55
2943,292,25,6,,2025-09-08 15:39:55.55,2025-09-08 15:39:55.55
2944,293,25,6,,2025-09-08 15:39:55.55,2025-09-08 15:39:55.55
2945,294,25,7,,2025-09-08 15:39:55.55,2025-09-08 15:39:55.55
2946,295,25,5,,2025-09-08 15:39:55.55,2025-09-08 15:39:55.55
2947,296,25,6,,2025-09-08 15:39:55.55,2025-09-08 15:39:55.55
2948,297,25,5,,2025-09-08 15:39:55.55,2025-09-08 15:39:55.55
2949,298,25,4,,2025-09-08 15:39:55.55,2025-09-08 15:39:55.55
2950,299,25,6,,2025-09-08 15:39:55.55,2025-09-08 15:39:55.55
2951,300,25,4,,2025-09-08 15:39:55.55,2025-09-08 15:39:55.55
2952,301,25,2,,2025-09-08 15:39:55.55,2025-09-08 15:39:55.55
2953,302,25,6,,2025-09-08 15:39:55.55,2025-09-08 15:39:55.55
2954,303,25,5,,2025-09-08 15:39:55.55,2025-09-08 15:39:55.55
2955,304,25,7,,2025-09-08 15:39:55.55,2025-09-08 15:39:55.55
2956,305,25,5,,2025-09-08 15:39:55.55,2025-09-08 15:39:55.55
2957,306,25,5,,2025-09-08 15:39:55.55,2025-09-08 15:39:55.55
2958,307,25,4,,2025-09-08 15:39:55.55,2025-09-08 15:39:55.55
2959,308,25,6,,2025-09-08 15:39:55.55,2025-09-08 15:39:55.55
2960,309,25,6,,2025-09-08 15:39:55.55,2025-09-08 15:39:55.55
2961,310,25,6,,2025-09-08 15:39:55.55,2025-09-08 15:39:55.55
2962,311,25,5,,2025-09-08 15:39:55.55,2025-09-08 15:39:55.55
2963,312,25,5,,2025-09-08 15:39:55.55,2025-09-08 15:39:55.55
2964,313,25,5,,2025-09-08 15:39:55.55,2025-09-08 15:39:55.55
2965,314,25,4,,2025-09-08 15:39:55.55,2025-09-08 15:39:55.55
2966,315,25,6,,2025-09-08 15:39:55.55,2025-09-08 15:39:55.55
2967,316,25,7,,2025-09-08 15:39:55.55,2025-09-08 15:39:55.55
2968,317,25,6,,2025-09-08 15:39:55.55,2025-09-08 15:39:55.55
2969,318,25,4,,2025-09-08 15:39:55.55,2025-09-08 15:39:55.55
2970,319,25,4,,2025-09-08 15:39:55.55,2025-09-08 15:39:55.55
2971,320,25,5,,2025-09-08 15:39:55.55,2025-09-08 15:39:55.55
2972,321,25,6,,2025-09-08 15:39:55.55,2025-09-08 15:39:55.55
2973,322,25,5,,2025-09-08 15:39:55.55,2025-09-08 15:39:55.55
2974,323,25,5,,2025-09-08 15:39:55.55,2025-09-08 15:39:55.55
2975,324,25,3,,2025-09-08 15:39:55.55,2025-09-08 15:39:55.55
2976,325,25,5,,2025-09-08 15:39:55.55,2025-09-08 15:39:55.55
2977,326,25,4,,2025-09-08 15:39:55.55,2025-09-08 15:39:55.55
2978,327,25,2,,2025-09-08 15:39:55.55,2025-09-08 15:39:55.55
2979,328,25,4,,2025-09-08 15:39:55.55,2025-09-08 15:39:55.55
2980,329,25,6,,2025-09-08 15:39:55.55,2025-09-08 15:39:55.55
2981,330,25,4,,2025-09-08 15:39:55.55,2025-09-08 15:39:55.55
2982,331,25,3,,2025-09-08 15:39:55.55,2025-09-08 15:39:55.55
2983,332,25,4,,2025-09-08 15:39:55.55,2025-09-08 15:39:55.55
2984,333,25,4,,2025-09-08 15:39:55.55,2025-09-08 15:39:55.55
2985,334,25,6,,2025-09-08 15:39:55.55,2025-09-08 15:39:55.55
2986,335,25,4,,2025-09-08 15:39:55.55,2025-09-08 15:39:55.55
2987,336,25,5,,2025-09-08 15:39:55.55,2025-09-08 15:39:55.55
2988,337,25,4,,2025-09-08 15:39:55.55,2025-09-08 15:39:55.55
2989,338,25,6,,2025-09-08 15:39:55.55,2025-09-08 15:39:55.55
2990,339,25,5,,2025-09-08 15:39:55.55,2025-09-08 15:39:55.55
2991,340,25,4,,2025-09-08 15:39:55.55,2025-09-08 15:39:55.55
2992,341,25,5,,2025-09-08 15:39:55.55,2025-09-08 15:39:55.55
2993,342,25,7,,2025-09-08 15:39:55.55,2025-09-08 15:39:55.55
2994,343,25,5,,2025-09-08 15:39:55.55,2025-09-08 15:39:55.55
2995,344,25,6,,2025-09-08 15:39:55.55,2025-09-08 15:39:55.55
2996,345,25,6,,2025-09-08 15:39:55.55,2025-09-08 15:39:55.55
2997,346,25,7,,2025-09-08 15:39:55.55,2025-09-08 15:39:55.55
2998,347,25,4,,2025-09-08 15:39:55.55,2025-09-08 15:39:55.55
2999,348,25,6,,2025-09-08 15:39:55.55,2025-09-08 15:39:55.55
3000,349,25,4,,2025-09-08 15:39:55.55,2025-09-08 15:39:55.55
3001,350,25,5,,2025-09-08 15:39:55.55,2025-09-08 15:39:55.55
3002,351,25,4,,2025-09-08 15:39:55.55,2025-09-08 15:39:55.55
3003,352,25,4,,2025-09-08 15:39:55.55,2025-09-08 15:39:55.55
3004,353,25,5,,2025-09-08 15:39:55.55,2025-09-08 15:39:55.55
3005,354,25,6,,2025-09-08 15:39:55.55,2025-09-08 15:39:55.55
3006,355,25,2,,2025-09-08 15:39:55.55,2025-09-08 15:39:55.55
3007,356,25,4,,2025-09-08 15:39:55.55,2025-09-08 15:39:55.55
3008,357,25,6,,2025-09-08 15:39:55.55,2025-09-08 15:39:55.55
3009,358,25,4,,2025-09-08 15:39:55.55,2025-09-08 15:39:55.55
3010,359,25,6,,2025-09-08 15:39:55.55,2025-09-08 15:39:55.55
3011,360,25,5,,2025-09-08 15:39:55.55,2025-09-08 15:39:55.55
3012,361,25,5,,2025-09-08 15:39:55.55,2025-09-08 15:39:55.55
3013,362,25,6,,2025-09-08 15:39:55.55,2025-09-08 15:39:55.55
3014,363,25,4,,2025-09-08 15:39:55.55,2025-09-08 15:39:55.55
3015,364,25,5,,2025-09-08 15:39:55.55,2025-09-08 15:39:55.55
3016,365,25,5,,2025-09-08 15:39:55.55,2025-09-08 15:39:55.55
3017,366,25,6,,2025-09-08 15:39:55.55,2025-09-08 15:39:55.55
3018,367,25,2,,2025-09-08 15:39:55.55,2025-09-08 15:39:55.55
3019,368,25,4,,2025-09-08 15:39:55.55,2025-09-08 15:39:55.55
3020,369,25,4,,2025-09-08 15:39:55.55,2025-09-08 15:39:55.55
3021,9,24,5,,2025-09-08 15:39:55.55,2025-09-08 15:39:55.55
3022,10,24,4,,2025-09-08 15:39:55.55,2025-09-08 15:39:55.55
3023,11,24,5,,2025-09-08 15:39:55.55,2025-09-08 15:39:55.55
3024,12,24,3,,2025-09-08 15:39:55.55,2025-09-08 15:39:55.55
3025,13,24,5,,2025-09-08 15:39:55.55,2025-09-08 15:39:55.55
3026,14,24,3,,2025-09-08 15:39:55.55,2025-09-08 15:39:55.55
3027,15,24,4,,2025-09-08 15:39:55.55,2025-09-08 15:39:55.55
3028,16,24,4,,2025-09-08 15:39:55.55,2025-09-08 15:39:55.55
3029,17,24,4,,2025-09-08 15:39:55.55,2025-09-08 15:39:55.55
3030,18,24,7,,2025-09-08 15:39:55.55,2025-09-08 15:39:55.55
3031,19,24,6,,2025-09-08 15:39:55.55,2025-09-08 15:39:55.55
3032,20,24,4,,2025-09-08 15:39:55.55,2025-09-08 15:39:55.55
3033,21,24,4,,2025-09-08 15:39:55.55,2025-09-08 15:39:55.55
3034,22,24,4,,2025-09-08 15:39:55.55,2025-09-08 15:39:55.55
3035,23,24,4,,2025-09-08 15:39:55.55,2025-09-08 15:39:55.55
3036,24,24,4,,2025-09-08 15:39:55.55,2025-09-08 15:39:55.55
3037,25,24,3,,2025-09-08 15:39:55.55,2025-09-08 15:39:55.55
3038,26,24,4,,2025-09-08 15:39:55.55,2025-09-08 15:39:55.55
3039,27,24,3,,2025-09-08 15:39:55.55,2025-09-08 15:39:55.55
3040,28,24,5,,2025-09-08 15:39:55.55,2025-09-08 15:39:55.55
3041,29,24,4,,2025-09-08 15:39:55.55,2025-09-08 15:39:55.55
3042,30,24,6,,2025-09-08 15:39:55.55,2025-09-08 15:39:55.55
3043,31,24,4,,2025-09-08 15:39:55.55,2025-09-08 15:39:55.55
3044,32,24,4,,2025-09-08 15:39:55.55,2025-09-08 15:39:55.55
3045,33,24,4,,2025-09-08 15:39:55.55,2025-09-08 15:39:55.55
3046,34,24,1,,2025-09-08 15:39:55.55,2025-09-08 15:39:55.55
3047,35,24,5,,2025-09-08 15:39:55.55,2025-09-08 15:39:55.55
3048,36,24,4,,2025-09-08 15:39:55.55,2025-09-08 15:39:55.55
3049,37,24,6,,2025-09-08 15:39:55.55,2025-09-08 15:39:55.55
3050,38,24,5,,2025-09-08 15:39:56.56,2025-09-08 15:39:56.56
3051,39,24,4,,2025-09-08 15:39:56.56,2025-09-08 15:39:56.56
3052,40,24,5,,2025-09-08 15:39:56.56,2025-09-08 15:39:56.56
3053,41,24,5,,2025-09-08 15:39:56.56,2025-09-08 15:39:56.56
3054,42,24,5,,2025-09-08 15:39:56.56,2025-09-08 15:39:56.56
3055,43,24,6,,2025-09-08 15:39:56.56,2025-09-08 15:39:56.56
3056,44,24,5,,2025-09-08 15:39:56.56,2025-09-08 15:39:56.56
3057,45,24,4,,2025-09-08 15:39:56.56,2025-09-08 15:39:56.56
3058,46,24,7,,2025-09-08 15:39:56.56,2025-09-08 15:39:56.56
3059,47,24,5,,2025-09-08 15:39:56.56,2025-09-08 15:39:56.56
3060,48,24,4,,2025-09-08 15:39:56.56,2025-09-08 15:39:56.56
3061,49,24,6,,2025-09-08 15:39:56.56,2025-09-08 15:39:56.56
3062,50,24,6,,2025-09-08 15:39:56.56,2025-09-08 15:39:56.56
3063,51,24,6,,2025-09-08 15:39:56.56,2025-09-08 15:39:56.56
3064,52,24,3,,2025-09-08 15:39:56.56,2025-09-08 15:39:56.56
3065,53,24,4,,2025-09-08 15:39:56.56,2025-09-08 15:39:56.56
3066,54,24,7,,2025-09-08 15:39:56.56,2025-09-08 15:39:56.56
3067,55,24,4,,2025-09-08 15:39:56.56,2025-09-08 15:39:56.56
3068,56,24,4,,2025-09-08 15:39:56.56,2025-09-08 15:39:56.56
3069,57,24,6,,2025-09-08 15:39:56.56,2025-09-08 15:39:56.56
3070,58,24,3,,2025-09-08 15:39:56.56,2025-09-08 15:39:56.56
3071,59,24,4,,2025-09-08 15:39:56.56,2025-09-08 15:39:56.56
3072,60,24,4,,2025-09-08 15:39:56.56,2025-09-08 15:39:56.56
3073,61,24,5,,2025-09-08 15:39:56.56,2025-09-08 15:39:56.56
3074,62,24,6,,2025-09-08 15:39:56.56,2025-09-08 15:39:56.56
3075,63,24,5,,2025-09-08 15:39:56.56,2025-09-08 15:39:56.56
3076,64,24,4,,2025-09-08 15:39:56.56,2025-09-08 15:39:56.56
3077,65,24,5,,2025-09-08 15:39:56.56,2025-09-08 15:39:56.56
3078,66,24,5,,2025-09-08 15:39:56.56,2025-09-08 15:39:56.56
3079,67,24,6,,2025-09-08 15:39:56.56,2025-09-08 15:39:56.56
3080,68,24,4,,2025-09-08 15:39:56.56,2025-09-08 15:39:56.56
3081,69,24,4,,2025-09-08 15:39:56.56,2025-09-08 15:39:56.56
3082,70,24,1,,2025-09-08 15:39:56.56,2025-09-08 15:39:56.56
3083,71,24,4,,2025-09-08 15:39:56.56,2025-09-08 15:39:56.56
3084,72,24,6,,2025-09-08 15:39:56.56,2025-09-08 15:39:56.56
3085,73,24,6,,2025-09-08 15:39:56.56,2025-09-08 15:39:56.56
3086,74,24,1,,2025-09-08 15:39:56.56,2025-09-08 15:39:56.56
3087,75,24,3,,2025-09-08 15:39:56.56,2025-09-08 15:39:56.56
3088,76,24,5,,2025-09-08 15:39:56.56,2025-09-08 15:39:56.56
3089,77,24,6,,2025-09-08 15:39:56.56,2025-09-08 15:39:56.56
3090,78,24,6,,2025-09-08 15:39:56.56,2025-09-08 15:39:56.56
3091,79,24,4,,2025-09-08 15:39:56.56,2025-09-08 15:39:56.56
3092,80,24,7,,2025-09-08 15:39:56.56,2025-09-08 15:39:56.56
3093,81,24,4,,2025-09-08 15:39:56.56,2025-09-08 15:39:56.56
3094,82,24,6,,2025-09-08 15:39:56.56,2025-09-08 15:39:56.56
3095,83,24,4,,2025-09-08 15:39:56.56,2025-09-08 15:39:56.56
3096,84,24,5,,2025-09-08 15:39:56.56,2025-09-08 15:39:56.56
3097,85,24,6,,2025-09-08 15:39:56.56,2025-09-08 15:39:56.56
3098,86,24,6,,2025-09-08 15:39:56.56,2025-09-08 15:39:56.56
3099,87,24,4,,2025-09-08 15:39:56.56,2025-09-08 15:39:56.56
3100,88,24,6,,2025-09-08 15:39:56.56,2025-09-08 15:39:56.56
3101,89,24,4,,2025-09-08 15:39:56.56,2025-09-08 15:39:56.56
3102,90,24,5,,2025-09-08 15:39:56.56,2025-09-08 15:39:56.56
3103,91,24,4,,2025-09-08 15:39:56.56,2025-09-08 15:39:56.56
3104,92,24,4,,2025-09-08 15:39:56.56,2025-09-08 15:39:56.56
3105,93,24,5,,2025-09-08 15:39:56.56,2025-09-08 15:39:56.56
3106,94,24,5,,2025-09-08 15:39:56.56,2025-09-08 15:39:56.56
3107,95,24,4,,2025-09-08 15:39:56.56,2025-09-08 15:39:56.56
3108,96,24,6,,2025-09-08 15:39:56.56,2025-09-08 15:39:56.56
3109,97,24,4,,2025-09-08 15:39:56.56,2025-09-08 15:39:56.56
3110,98,24,4,,2025-09-08 15:39:56.56,2025-09-08 15:39:56.56
3111,99,24,4,,2025-09-08 15:39:56.56,2025-09-08 15:39:56.56
3112,100,24,3,,2025-09-08 15:39:56.56,2025-09-08 15:39:56.56
3113,101,24,4,,2025-09-08 15:39:56.56,2025-09-08 15:39:56.56
3114,102,24,6,,2025-09-08 15:39:56.56,2025-09-08 15:39:56.56
3115,103,24,4,,2025-09-08 15:39:56.56,2025-09-08 15:39:56.56
3116,104,24,7,,2025-09-08 15:39:56.56,2025-09-08 15:39:56.56
3117,105,24,5,,2025-09-08 15:39:56.56,2025-09-08 15:39:56.56
3118,106,24,6,,2025-09-08 15:39:56.56,2025-09-08 15:39:56.56
3119,107,24,5,,2025-09-08 15:39:56.56,2025-09-08 15:39:56.56
3120,108,24,4,,2025-09-08 15:39:56.56,2025-09-08 15:39:56.56
3121,109,24,6,,2025-09-08 15:39:56.56,2025-09-08 15:39:56.56
3122,110,24,5,,2025-09-08 15:39:56.56,2025-09-08 15:39:56.56
3123,111,24,6,,2025-09-08 15:39:56.56,2025-09-08 15:39:56.56
3124,112,24,5,,2025-09-08 15:39:56.56,2025-09-08 15:39:56.56
3125,113,24,5,,2025-09-08 15:39:56.56,2025-09-08 15:39:56.56
3126,114,24,5,,2025-09-08 15:39:56.56,2025-09-08 15:39:56.56
3127,115,24,1,,2025-09-08 15:39:56.56,2025-09-08 15:39:56.56
3128,116,24,5,,2025-09-08 15:39:56.56,2025-09-08 15:39:56.56
3129,117,24,2,,2025-09-08 15:39:56.56,2025-09-08 15:39:56.56
3130,118,24,6,,2025-09-08 15:39:56.56,2025-09-08 15:39:56.56
3131,119,24,4,,2025-09-08 15:39:56.56,2025-09-08 15:39:56.56
3132,120,24,5,,2025-09-08 15:39:56.56,2025-09-08 15:39:56.56
3133,121,24,2,,2025-09-08 15:39:56.56,2025-09-08 15:39:56.56
3134,122,24,5,,2025-09-08 15:39:56.56,2025-09-08 15:39:56.56
3135,123,24,5,,2025-09-08 15:39:56.56,2025-09-08 15:39:56.56
3136,124,24,6,,2025-09-08 15:39:56.56,2025-09-08 15:39:56.56
3137,125,24,3,,2025-09-08 15:39:56.56,2025-09-08 15:39:56.56
3138,126,24,4,,2025-09-08 15:39:56.56,2025-09-08 15:39:56.56
3139,127,24,6,,2025-09-08 15:39:56.56,2025-09-08 15:39:56.56
3140,128,24,5,,2025-09-08 15:39:56.56,2025-09-08 15:39:56.56
3141,129,24,4,,2025-09-08 15:39:56.56,2025-09-08 15:39:56.56
3142,130,24,6,,2025-09-08 15:39:56.56,2025-09-08 15:39:56.56
3143,131,24,5,,2025-09-08 15:39:56.56,2025-09-08 15:39:56.56
3144,132,24,4,,2025-09-08 15:39:56.56,2025-09-08 15:39:56.56
3145,133,24,4,,2025-09-08 15:39:56.56,2025-09-08 15:39:56.56
3146,134,24,7,,2025-09-08 15:39:56.56,2025-09-08 15:39:56.56
3147,135,24,5,,2025-09-08 15:39:56.56,2025-09-08 15:39:56.56
3148,136,24,4,,2025-09-08 15:39:56.56,2025-09-08 15:39:56.56
3149,137,24,6,,2025-09-08 15:39:56.56,2025-09-08 15:39:56.56
3150,138,24,4,,2025-09-08 15:39:56.56,2025-09-08 15:39:56.56
3151,139,24,4,,2025-09-08 15:39:56.56,2025-09-08 15:39:56.56
3152,140,24,5,,2025-09-08 15:39:56.56,2025-09-08 15:39:56.56
3153,141,24,4,,2025-09-08 15:39:56.56,2025-09-08 15:39:56.56
3154,142,24,4,,2025-09-08 15:39:56.56,2025-09-08 15:39:56.56
3155,143,24,4,,2025-09-08 15:39:56.56,2025-09-08 15:39:56.56
3156,144,24,4,,2025-09-08 15:39:56.56,2025-09-08 15:39:56.56
3157,145,24,6,,2025-09-08 15:39:56.56,2025-09-08 15:39:56.56
3158,146,24,4,,2025-09-08 15:39:56.56,2025-09-08 15:39:56.56
3159,147,24,5,,2025-09-08 15:39:56.56,2025-09-08 15:39:56.56
3160,148,24,6,,2025-09-08 15:39:56.56,2025-09-08 15:39:56.56
3161,149,24,4,,2025-09-08 15:39:56.56,2025-09-08 15:39:56.56
3162,150,24,5,,2025-09-08 15:39:56.56,2025-09-08 15:39:56.56
3163,151,24,4,,2025-09-08 15:39:56.56,2025-09-08 15:39:56.56
3164,152,24,5,,2025-09-08 15:39:56.56,2025-09-08 15:39:56.56
3165,153,24,3,,2025-09-08 15:39:56.56,2025-09-08 15:39:56.56
3166,154,24,4,,2025-09-08 15:39:56.56,2025-09-08 15:39:56.56
3167,155,24,5,,2025-09-08 15:39:56.56,2025-09-08 15:39:56.56
3168,156,24,4,,2025-09-08 15:39:56.56,2025-09-08 15:39:56.56
3169,157,24,3,,2025-09-08 15:39:56.56,2025-09-08 15:39:56.56
3170,158,24,5,,2025-09-08 15:39:56.56,2025-09-08 15:39:56.56
3171,159,24,5,,2025-09-08 15:39:56.56,2025-09-08 15:39:56.56
3172,160,24,3,,2025-09-08 15:39:56.56,2025-09-08 15:39:56.56
3173,161,24,5,,2025-09-08 15:39:56.56,2025-09-08 15:39:56.56
3174,162,24,5,,2025-09-08 15:39:56.56,2025-09-08 15:39:56.56
3175,163,24,2,,2025-09-08 15:39:56.56,2025-09-08 15:39:56.56
3176,164,24,5,,2025-09-08 15:39:56.56,2025-09-08 15:39:56.56
3177,165,24,5,,2025-09-08 15:39:57.57,2025-09-08 15:39:57.57
3178,166,24,3,,2025-09-08 15:39:57.57,2025-09-08 15:39:57.57
3179,167,24,4,,2025-09-08 15:39:57.57,2025-09-08 15:39:57.57
3180,168,24,5,,2025-09-08 15:39:57.57,2025-09-08 15:39:57.57
3181,169,24,3,,2025-09-08 15:39:57.57,2025-09-08 15:39:57.57
3182,170,24,6,,2025-09-08 15:39:57.57,2025-09-08 15:39:57.57
3183,171,24,4,,2025-09-08 15:39:57.57,2025-09-08 15:39:57.57
3184,172,24,2,,2025-09-08 15:39:57.57,2025-09-08 15:39:57.57
3185,173,24,6,,2025-09-08 15:39:57.57,2025-09-08 15:39:57.57
3186,174,24,4,,2025-09-08 15:39:57.57,2025-09-08 15:39:57.57
3187,175,24,5,,2025-09-08 15:39:57.57,2025-09-08 15:39:57.57
3188,176,24,6,,2025-09-08 15:39:57.57,2025-09-08 15:39:57.57
3189,177,24,4,,2025-09-08 15:39:57.57,2025-09-08 15:39:57.57
3190,178,24,5,,2025-09-08 15:39:57.57,2025-09-08 15:39:57.57
3191,179,24,2,,2025-09-08 15:39:57.57,2025-09-08 15:39:57.57
3192,180,24,6,,2025-09-08 15:39:57.57,2025-09-08 15:39:57.57
3193,181,24,6,,2025-09-08 15:39:57.57,2025-09-08 15:39:57.57
3194,182,24,5,,2025-09-08 15:39:57.57,2025-09-08 15:39:57.57
3195,183,24,7,,2025-09-08 15:39:57.57,2025-09-08 15:39:57.57
3196,184,24,6,,2025-09-08 15:39:57.57,2025-09-08 15:39:57.57
3197,185,24,5,,2025-09-08 15:39:57.57,2025-09-08 15:39:57.57
3198,186,24,6,,2025-09-08 15:39:57.57,2025-09-08 15:39:57.57
3199,187,24,5,,2025-09-08 15:39:57.57,2025-09-08 15:39:57.57
3200,188,24,3,,2025-09-08 15:39:57.57,2025-09-08 15:39:57.57
3201,189,24,4,,2025-09-08 15:39:57.57,2025-09-08 15:39:57.57
3202,190,24,3,,2025-09-08 15:39:57.57,2025-09-08 15:39:57.57
3203,191,24,7,,2025-09-08 15:39:57.57,2025-09-08 15:39:57.57
3204,192,24,5,,2025-09-08 15:39:57.57,2025-09-08 15:39:57.57
3205,193,24,4,,2025-09-08 15:39:57.57,2025-09-08 15:39:57.57
3206,194,24,6,,2025-09-08 15:39:57.57,2025-09-08 15:39:57.57
3207,195,24,6,,2025-09-08 15:39:57.57,2025-09-08 15:39:57.57
3208,196,24,4,,2025-09-08 15:39:57.57,2025-09-08 15:39:57.57
3209,197,24,5,,2025-09-08 15:39:57.57,2025-09-08 15:39:57.57
3210,198,24,4,,2025-09-08 15:39:57.57,2025-09-08 15:39:57.57
3211,199,24,4,,2025-09-08 15:39:57.57,2025-09-08 15:39:57.57
3212,200,24,4,,2025-09-08 15:39:57.57,2025-09-08 15:39:57.57
3213,201,24,4,,2025-09-08 15:39:57.57,2025-09-08 15:39:57.57
3214,202,24,4,,2025-09-08 15:39:57.57,2025-09-08 15:39:57.57
3215,203,24,5,,2025-09-08 15:39:57.57,2025-09-08 15:39:57.57
3216,204,24,7,,2025-09-08 15:39:57.57,2025-09-08 15:39:57.57
3217,205,24,4,,2025-09-08 15:39:57.57,2025-09-08 15:39:57.57
3218,206,24,6,,2025-09-08 15:39:57.57,2025-09-08 15:39:57.57
3219,207,24,5,,2025-09-08 15:39:57.57,2025-09-08 15:39:57.57
3220,208,24,4,,2025-09-08 15:39:57.57,2025-09-08 15:39:57.57
3221,209,24,4,,2025-09-08 15:39:57.57,2025-09-08 15:39:57.57
3222,210,24,5,,2025-09-08 15:39:57.57,2025-09-08 15:39:57.57
3223,211,24,7,,2025-09-08 15:39:57.57,2025-09-08 15:39:57.57
3224,212,24,5,,2025-09-08 15:39:57.57,2025-09-08 15:39:57.57
3225,213,24,4,,2025-09-08 15:39:57.57,2025-09-08 15:39:57.57
3226,214,24,4,,2025-09-08 15:39:57.57,2025-09-08 15:39:57.57
3227,215,24,2,,2025-09-08 15:39:57.57,2025-09-08 15:39:57.57
3228,216,24,5,,2025-09-08 15:39:57.57,2025-09-08 15:39:57.57
3229,217,24,4,,2025-09-08 15:39:57.57,2025-09-08 15:39:57.57
3230,218,24,5,,2025-09-08 15:39:57.57,2025-09-08 15:39:57.57
3231,219,24,6,,2025-09-08 15:39:57.57,2025-09-08 15:39:57.57
3232,220,24,1,,2025-09-08 15:39:57.57,2025-09-08 15:39:57.57
3233,221,24,2,,2025-09-08 15:39:57.57,2025-09-08 15:39:57.57
3234,222,24,5,,2025-09-08 15:39:57.57,2025-09-08 15:39:57.57
3235,223,24,4,,2025-09-08 15:39:57.57,2025-09-08 15:39:57.57
3236,224,24,4,,2025-09-08 15:39:57.57,2025-09-08 15:39:57.57
3237,225,24,5,,2025-09-08 15:39:57.57,2025-09-08 15:39:57.57
3238,226,24,5,,2025-09-08 15:39:57.57,2025-09-08 15:39:57.57
3239,227,24,4,,2025-09-08 15:39:57.57,2025-09-08 15:39:57.57
3240,228,24,5,,2025-09-08 15:39:57.57,2025-09-08 15:39:57.57
3241,229,24,6,,2025-09-08 15:39:57.57,2025-09-08 15:39:57.57
3242,230,24,6,,2025-09-08 15:39:57.57,2025-09-08 15:39:57.57
3243,231,24,5,,2025-09-08 15:39:57.57,2025-09-08 15:39:57.57
3244,232,24,4,,2025-09-08 15:39:57.57,2025-09-08 15:39:57.57
3245,233,24,6,,2025-09-08 15:39:57.57,2025-09-08 15:39:57.57
3246,234,24,3,,2025-09-08 15:39:57.57,2025-09-08 15:39:57.57
3247,235,24,6,,2025-09-08 15:39:57.57,2025-09-08 15:39:57.57
3248,236,24,6,,2025-09-08 15:39:57.57,2025-09-08 15:39:57.57
3249,237,24,6,,2025-09-08 15:39:57.57,2025-09-08 15:39:57.57
3250,238,24,6,,2025-09-08 15:39:57.57,2025-09-08 15:39:57.57
3251,239,24,4,,2025-09-08 15:39:57.57,2025-09-08 15:39:57.57
3252,240,24,6,,2025-09-08 15:39:57.57,2025-09-08 15:39:57.57
3253,241,24,5,,2025-09-08 15:39:57.57,2025-09-08 15:39:57.57
3254,242,24,5,,2025-09-08 15:39:57.57,2025-09-08 15:39:57.57
3255,243,24,4,,2025-09-08 15:39:57.57,2025-09-08 15:39:57.57
3256,244,24,6,,2025-09-08 15:39:57.57,2025-09-08 15:39:57.57
3257,245,24,4,,2025-09-08 15:39:57.57,2025-09-08 15:39:57.57
3258,246,24,4,,2025-09-08 15:39:57.57,2025-09-08 15:39:57.57
3259,247,24,6,,2025-09-08 15:39:57.57,2025-09-08 15:39:57.57
3260,248,24,4,,2025-09-08 15:39:57.57,2025-09-08 15:39:57.57
3261,249,24,5,,2025-09-08 15:39:57.57,2025-09-08 15:39:57.57
3262,250,24,6,,2025-09-08 15:39:57.57,2025-09-08 15:39:57.57
3263,251,24,5,,2025-09-08 15:39:57.57,2025-09-08 15:39:57.57
3264,252,24,6,,2025-09-08 15:39:57.57,2025-09-08 15:39:57.57
3265,253,24,6,,2025-09-08 15:39:57.57,2025-09-08 15:39:57.57
3266,254,24,6,,2025-09-08 15:39:57.57,2025-09-08 15:39:57.57
3267,255,24,4,,2025-09-08 15:39:57.57,2025-09-08 15:39:57.57
3268,256,24,5,,2025-09-08 15:39:57.57,2025-09-08 15:39:57.57
3269,257,24,5,,2025-09-08 15:39:57.57,2025-09-08 15:39:57.57
3270,258,24,4,,2025-09-08 15:39:57.57,2025-09-08 15:39:57.57
3271,259,24,4,,2025-09-08 15:39:57.57,2025-09-08 15:39:57.57
3272,260,24,5,,2025-09-08 15:39:57.57,2025-09-08 15:39:57.57
3273,261,24,4,,2025-09-08 15:39:57.57,2025-09-08 15:39:57.57
3274,262,24,5,,2025-09-08 15:39:57.57,2025-09-08 15:39:57.57
3275,263,24,6,,2025-09-08 15:39:57.57,2025-09-08 15:39:57.57
3276,264,24,4,,2025-09-08 15:39:57.57,2025-09-08 15:39:57.57
3277,265,24,4,,2025-09-08 15:39:57.57,2025-09-08 15:39:57.57
3278,266,24,5,,2025-09-08 15:39:57.57,2025-09-08 15:39:57.57
3279,267,24,4,,2025-09-08 15:39:57.57,2025-09-08 15:39:57.57
3280,268,24,4,,2025-09-08 15:39:57.57,2025-09-08 15:39:57.57
3281,269,24,5,,2025-09-08 15:39:57.57,2025-09-08 15:39:57.57
3282,270,24,6,,2025-09-08 15:39:57.57,2025-09-08 15:39:57.57
3283,271,24,5,,2025-09-08 15:39:57.57,2025-09-08 15:39:57.57
3284,272,24,6,,2025-09-08 15:39:57.57,2025-09-08 15:39:57.57
3285,273,24,4,,2025-09-08 15:39:57.57,2025-09-08 15:39:57.57
3286,274,24,5,,2025-09-08 15:39:57.57,2025-09-08 15:39:57.57
3287,275,24,4,,2025-09-08 15:39:57.57,2025-09-08 15:39:57.57
3288,276,24,5,,2025-09-08 15:39:57.57,2025-09-08 15:39:57.57
3289,277,24,4,,2025-09-08 15:39:57.57,2025-09-08 15:39:57.57
3290,278,24,3,,2025-09-08 15:39:57.57,2025-09-08 15:39:57.57
3291,279,24,4,,2025-09-08 15:39:57.57,2025-09-08 15:39:57.57
3292,280,24,6,,2025-09-08 15:39:57.57,2025-09-08 15:39:57.57
3293,281,24,6,,2025-09-08 15:39:57.57,2025-09-08 15:39:57.57
3294,282,24,2,,2025-09-08 15:39:57.57,2025-09-08 15:39:57.57
3295,283,24,7,,2025-09-08 15:39:57.57,2025-09-08 15:39:57.57
3296,284,24,4,,2025-09-08 15:39:57.57,2025-09-08 15:39:57.57
3297,285,24,3,,2025-09-08 15:39:57.57,2025-09-08 15:39:57.57
3298,286,24,7,,2025-09-08 15:39:57.57,2025-09-08 15:39:57.57
3299,287,24,4,,2025-09-08 15:39:57.57,2025-09-08 15:39:57.57
3300,288,24,6,,2025-09-08 15:39:57.57,2025-09-08 15:39:57.57
3301,289,24,4,,2025-09-08 15:39:57.57,2025-09-08 15:39:57.57
3302,290,24,4,,2025-09-08 15:39:57.57,2025-09-08 15:39:57.57
3303,291,24,4,,2025-09-08 15:39:57.57,2025-09-08 15:39:57.57
3304,292,24,4,,2025-09-08 15:39:57.57,2025-09-08 15:39:57.57
3305,293,24,6,,2025-09-08 15:39:57.57,2025-09-08 15:39:57.57
3306,294,24,4,,2025-09-08 15:39:57.57,2025-09-08 15:39:57.57
3307,295,24,5,,2025-09-08 15:39:57.57,2025-09-08 15:39:57.57
3308,296,24,5,,2025-09-08 15:39:57.57,2025-09-08 15:39:57.57
3309,297,24,2,,2025-09-08 15:39:57.57,2025-09-08 15:39:57.57
3310,298,24,4,,2025-09-08 15:39:57.57,2025-09-08 15:39:57.57
3311,299,24,4,,2025-09-08 15:39:57.57,2025-09-08 15:39:57.57
3312,300,24,4,,2025-09-08 15:39:57.57,2025-09-08 15:39:57.57
3313,301,24,2,,2025-09-08 15:39:57.57,2025-09-08 15:39:57.57
3314,302,24,4,,2025-09-08 15:39:57.57,2025-09-08 15:39:57.57
3315,303,24,4,,2025-09-08 15:39:58.58,2025-09-08 15:39:58.58
3316,304,24,7,,2025-09-08 15:39:58.58,2025-09-08 15:39:58.58
3317,305,24,5,,2025-09-08 15:39:58.58,2025-09-08 15:39:58.58
3318,306,24,5,,2025-09-08 15:39:58.58,2025-09-08 15:39:58.58
3319,307,24,4,,2025-09-08 15:39:58.58,2025-09-08 15:39:58.58
3320,308,24,6,,2025-09-08 15:39:58.58,2025-09-08 15:39:58.58
3321,309,24,6,,2025-09-08 15:39:58.58,2025-09-08 15:39:58.58
3322,310,24,6,,2025-09-08 15:39:58.58,2025-09-08 15:39:58.58
3323,311,24,5,,2025-09-08 15:39:58.58,2025-09-08 15:39:58.58
3324,312,24,5,,2025-09-08 15:39:58.58,2025-09-08 15:39:58.58
3325,313,24,4,,2025-09-08 15:39:58.58,2025-09-08 15:39:58.58
3326,314,24,4,,2025-09-08 15:39:58.58,2025-09-08 15:39:58.58
3327,315,24,6,,2025-09-08 15:39:58.58,2025-09-08 15:39:58.58
3328,316,24,5,,2025-09-08 15:39:58.58,2025-09-08 15:39:58.58
3329,317,24,5,,2025-09-08 15:39:58.58,2025-09-08 15:39:58.58
3330,318,24,4,,2025-09-08 15:39:58.58,2025-09-08 15:39:58.58
3331,319,24,4,,2025-09-08 15:39:58.58,2025-09-08 15:39:58.58
3332,320,24,5,,2025-09-08 15:39:58.58,2025-09-08 15:39:58.58
3333,321,24,6,,2025-09-08 15:39:58.58,2025-09-08 15:39:58.58
3334,322,24,5,,2025-09-08 15:39:58.58,2025-09-08 15:39:58.58
3335,323,24,5,,2025-09-08 15:39:58.58,2025-09-08 15:39:58.58
3336,324,24,3,,2025-09-08 15:39:58.58,2025-09-08 15:39:58.58
3337,325,24,5,,2025-09-08 15:39:58.58,2025-09-08 15:39:58.58
3338,326,24,4,,2025-09-08 15:39:58.58,2025-09-08 15:39:58.58
3339,327,24,2,,2025-09-08 15:39:58.58,2025-09-08 15:39:58.58
3340,328,24,4,,2025-09-08 15:39:58.58,2025-09-08 15:39:58.58
3341,329,24,6,,2025-09-08 15:39:58.58,2025-09-08 15:39:58.58
3342,330,24,4,,2025-09-08 15:39:58.58,2025-09-08 15:39:58.58
3343,331,24,3,,2025-09-08 15:39:58.58,2025-09-08 15:39:58.58
3344,332,24,4,,2025-09-08 15:39:58.58,2025-09-08 15:39:58.58
3345,333,24,4,,2025-09-08 15:39:58.58,2025-09-08 15:39:58.58
3346,334,24,6,,2025-09-08 15:39:58.58,2025-09-08 15:39:58.58
3347,335,24,4,,2025-09-08 15:39:58.58,2025-09-08 15:39:58.58
3348,336,24,5,,2025-09-08 15:39:58.58,2025-09-08 15:39:58.58
3349,337,24,5,,2025-09-08 15:39:58.58,2025-09-08 15:39:58.58
3350,338,24,6,,2025-09-08 15:39:58.58,2025-09-08 15:39:58.58
3351,339,24,5,,2025-09-08 15:39:58.58,2025-09-08 15:39:58.58
3352,340,24,4,,2025-09-08 15:39:58.58,2025-09-08 15:39:58.58
3353,341,24,5,,2025-09-08 15:39:58.58,2025-09-08 15:39:58.58
3354,342,24,7,,2025-09-08 15:39:58.58,2025-09-08 15:39:58.58
3355,343,24,5,,2025-09-08 15:39:58.58,2025-09-08 15:39:58.58
3356,344,24,4,,2025-09-08 15:39:58.58,2025-09-08 15:39:58.58
3357,345,24,6,,2025-09-08 15:39:58.58,2025-09-08 15:39:58.58
3358,346,24,6,,2025-09-08 15:39:58.58,2025-09-08 15:39:58.58
3359,347,24,3,,2025-09-08 15:39:58.58,2025-09-08 15:39:58.58
3360,348,24,5,,2025-09-08 15:39:58.58,2025-09-08 15:39:58.58
3361,349,24,4,,2025-09-08 15:39:58.58,2025-09-08 15:39:58.58
3362,350,24,5,,2025-09-08 15:39:58.58,2025-09-08 15:39:58.58
3363,351,24,4,,2025-09-08 15:39:58.58,2025-09-08 15:39:58.58
3364,352,24,4,,2025-09-08 15:39:58.58,2025-09-08 15:39:58.58
3365,353,24,5,,2025-09-08 15:39:58.58,2025-09-08 15:39:58.58
3366,354,24,6,,2025-09-08 15:39:58.58,2025-09-08 15:39:58.58
3367,355,24,4,,2025-09-08 15:39:58.58,2025-09-08 15:39:58.58
3368,356,24,4,,2025-09-08 15:39:58.58,2025-09-08 15:39:58.58
3369,357,24,5,,2025-09-08 15:39:58.58,2025-09-08 15:39:58.58
3370,358,24,4,,2025-09-08 15:39:58.58,2025-09-08 15:39:58.58
3371,359,24,5,,2025-09-08 15:39:58.58,2025-09-08 15:39:58.58
3372,360,24,5,,2025-09-08 15:39:58.58,2025-09-08 15:39:58.58
3373,361,24,5,,2025-09-08 15:39:58.58,2025-09-08 15:39:58.58
3374,362,24,6,,2025-09-08 15:39:58.58,2025-09-08 15:39:58.58
3375,363,24,4,,2025-09-08 15:39:58.58,2025-09-08 15:39:58.58
3376,364,24,5,,2025-09-08 15:39:58.58,2025-09-08 15:39:58.58
3377,365,24,5,,2025-09-08 15:39:58.58,2025-09-08 15:39:58.58
3378,366,24,6,,2025-09-08 15:39:58.58,2025-09-08 15:39:58.58
3379,367,24,4,,2025-09-08 15:39:58.58,2025-09-08 15:39:58.58
3380,368,24,4,,2025-09-08 15:39:58.58,2025-09-08 15:39:58.58
3381,369,24,4,,2025-09-08 15:39:58.58,2025-09-08 15:39:58.58
3382,9,23,6,,2025-09-08 15:39:58.58,2025-09-08 15:39:58.58
3383,10,23,4,,2025-09-08 15:39:58.58,2025-09-08 15:39:58.58
3384,11,23,5,,2025-09-08 15:39:58.58,2025-09-08 15:39:58.58
3385,12,23,3,,2025-09-08 15:39:58.58,2025-09-08 15:39:58.58
3386,13,23,5,,2025-09-08 15:39:58.58,2025-09-08 15:39:58.58
3387,14,23,3,,2025-09-08 15:39:58.58,2025-09-08 15:39:58.58
3388,15,23,5,,2025-09-08 15:39:58.58,2025-09-08 15:39:58.58
3389,16,23,4,,2025-09-08 15:39:58.58,2025-09-08 15:39:58.58
3390,17,23,4,,2025-09-08 15:39:58.58,2025-09-08 15:39:58.58
3391,18,23,7,,2025-09-08 15:39:58.58,2025-09-08 15:39:58.58
3392,19,23,5,,2025-09-08 15:39:58.58,2025-09-08 15:39:58.58
3393,20,23,4,,2025-09-08 15:39:58.58,2025-09-08 15:39:58.58
3394,21,23,5,,2025-09-08 15:39:58.58,2025-09-08 15:39:58.58
3395,22,23,4,,2025-09-08 15:39:58.58,2025-09-08 15:39:58.58
3396,23,23,3,,2025-09-08 15:39:58.58,2025-09-08 15:39:58.58
3397,24,23,4,,2025-09-08 15:39:58.58,2025-09-08 15:39:58.58
3398,25,23,4,,2025-09-08 15:39:58.58,2025-09-08 15:39:58.58
3399,26,23,5,,2025-09-08 15:39:58.58,2025-09-08 15:39:58.58
3400,27,23,4,,2025-09-08 15:39:58.58,2025-09-08 15:39:58.58
3401,28,23,5,,2025-09-08 15:39:58.58,2025-09-08 15:39:58.58
3402,29,23,4,,2025-09-08 15:39:58.58,2025-09-08 15:39:58.58
3403,30,23,5,,2025-09-08 15:39:58.58,2025-09-08 15:39:58.58
3404,31,23,4,,2025-09-08 15:39:58.58,2025-09-08 15:39:58.58
3405,32,23,1,,2025-09-08 15:39:58.58,2025-09-08 15:39:58.58
3406,33,23,5,,2025-09-08 15:39:58.58,2025-09-08 15:39:58.58
3407,34,23,1,,2025-09-08 15:39:58.58,2025-09-08 15:39:58.58
3408,35,23,6,,2025-09-08 15:39:58.58,2025-09-08 15:39:58.58
3409,36,23,4,,2025-09-08 15:39:58.58,2025-09-08 15:39:58.58
3410,37,23,6,,2025-09-08 15:39:58.58,2025-09-08 15:39:58.58
3411,38,23,5,,2025-09-08 15:39:58.58,2025-09-08 15:39:58.58
3412,39,23,4,,2025-09-08 15:39:58.58,2025-09-08 15:39:58.58
3413,40,23,5,,2025-09-08 15:39:58.58,2025-09-08 15:39:58.58
3414,41,23,6,,2025-09-08 15:39:58.58,2025-09-08 15:39:58.58
3415,42,23,6,,2025-09-08 15:39:58.58,2025-09-08 15:39:58.58
3416,43,23,6,,2025-09-08 15:39:58.58,2025-09-08 15:39:58.58
3417,44,23,6,,2025-09-08 15:39:58.58,2025-09-08 15:39:58.58
3418,45,23,5,,2025-09-08 15:39:58.58,2025-09-08 15:39:58.58
3419,46,23,6,,2025-09-08 15:39:58.58,2025-09-08 15:39:58.58
3420,47,23,5,,2025-09-08 15:39:58.58,2025-09-08 15:39:58.58
3421,48,23,4,,2025-09-08 15:39:58.58,2025-09-08 15:39:58.58
3422,49,23,7,,2025-09-08 15:39:58.58,2025-09-08 15:39:58.58
3423,50,23,6,,2025-09-08 15:39:58.58,2025-09-08 15:39:58.58
3424,51,23,6,,2025-09-08 15:39:58.58,2025-09-08 15:39:58.58
3425,52,23,3,,2025-09-08 15:39:58.58,2025-09-08 15:39:58.58
3426,53,23,7,,2025-09-08 15:39:58.58,2025-09-08 15:39:58.58
3427,54,23,7,,2025-09-08 15:39:58.58,2025-09-08 15:39:58.58
3428,55,23,4,,2025-09-08 15:39:58.58,2025-09-08 15:39:58.58
3429,56,23,4,,2025-09-08 15:39:58.58,2025-09-08 15:39:58.58
3430,57,23,6,,2025-09-08 15:39:58.58,2025-09-08 15:39:58.58
3431,58,23,2,,2025-09-08 15:39:58.58,2025-09-08 15:39:58.58
3432,59,23,7,,2025-09-08 15:39:58.58,2025-09-08 15:39:58.58
3433,60,23,4,,2025-09-08 15:39:58.58,2025-09-08 15:39:58.58
3434,61,23,4,,2025-09-08 15:39:58.58,2025-09-08 15:39:58.58
3435,62,23,7,,2025-09-08 15:39:58.58,2025-09-08 15:39:58.58
3436,63,23,5,,2025-09-08 15:39:58.58,2025-09-08 15:39:58.58
3437,64,23,4,,2025-09-08 15:39:58.58,2025-09-08 15:39:58.58
3438,65,23,5,,2025-09-08 15:39:58.58,2025-09-08 15:39:58.58
3439,66,23,6,,2025-09-08 15:39:58.58,2025-09-08 15:39:58.58
3440,67,23,6,,2025-09-08 15:39:58.58,2025-09-08 15:39:58.58
3441,68,23,4,,2025-09-08 15:39:58.58,2025-09-08 15:39:58.58
3442,69,23,5,,2025-09-08 15:39:58.58,2025-09-08 15:39:58.58
3443,70,23,1,,2025-09-08 15:39:58.58,2025-09-08 15:39:58.58
3444,71,23,4,,2025-09-08 15:39:58.58,2025-09-08 15:39:58.58
3445,72,23,6,,2025-09-08 15:39:58.58,2025-09-08 15:39:58.58
3446,73,23,7,,2025-09-08 15:39:58.58,2025-09-08 15:39:58.58
3447,74,23,1,,2025-09-08 15:39:58.58,2025-09-08 15:39:58.58
3448,75,23,5,,2025-09-08 15:39:58.58,2025-09-08 15:39:58.58
3449,76,23,5,,2025-09-08 15:39:58.58,2025-09-08 15:39:58.58
3450,77,23,6,,2025-09-08 15:39:58.58,2025-09-08 15:39:58.58
3451,78,23,6,,2025-09-08 15:39:58.58,2025-09-08 15:39:58.58
3452,79,23,4,,2025-09-08 15:39:58.58,2025-09-08 15:39:58.58
3453,80,23,7,,2025-09-08 15:39:58.58,2025-09-08 15:39:58.58
3454,81,23,5,,2025-09-08 15:39:58.58,2025-09-08 15:39:58.58
3455,82,23,6,,2025-09-08 15:39:58.58,2025-09-08 15:39:58.58
3456,83,23,4,,2025-09-08 15:39:58.58,2025-09-08 15:39:58.58
3457,84,23,5,,2025-09-08 15:39:58.58,2025-09-08 15:39:58.58
3458,85,23,6,,2025-09-08 15:39:58.58,2025-09-08 15:39:58.58
3459,86,23,5,,2025-09-08 15:39:58.58,2025-09-08 15:39:58.58
3460,87,23,4,,2025-09-08 15:39:58.58,2025-09-08 15:39:58.58
3461,88,23,4,,2025-09-08 15:39:59.59,2025-09-08 15:39:59.59
3462,89,23,4,,2025-09-08 15:39:59.59,2025-09-08 15:39:59.59
3463,90,23,5,,2025-09-08 15:39:59.59,2025-09-08 15:39:59.59
3464,91,23,4,,2025-09-08 15:39:59.59,2025-09-08 15:39:59.59
3465,92,23,3,,2025-09-08 15:39:59.59,2025-09-08 15:39:59.59
3466,93,23,5,,2025-09-08 15:39:59.59,2025-09-08 15:39:59.59
3467,94,23,5,,2025-09-08 15:39:59.59,2025-09-08 15:39:59.59
3468,95,23,4,,2025-09-08 15:39:59.59,2025-09-08 15:39:59.59
3469,96,23,5,,2025-09-08 15:39:59.59,2025-09-08 15:39:59.59
3470,97,23,4,,2025-09-08 15:39:59.59,2025-09-08 15:39:59.59
3471,98,23,5,,2025-09-08 15:39:59.59,2025-09-08 15:39:59.59
3472,99,23,4,,2025-09-08 15:39:59.59,2025-09-08 15:39:59.59
3473,100,23,4,,2025-09-08 15:39:59.59,2025-09-08 15:39:59.59
3474,101,23,5,,2025-09-08 15:39:59.59,2025-09-08 15:39:59.59
3475,102,23,6,,2025-09-08 15:39:59.59,2025-09-08 15:39:59.59
3476,103,23,4,,2025-09-08 15:39:59.59,2025-09-08 15:39:59.59
3477,104,23,7,,2025-09-08 15:39:59.59,2025-09-08 15:39:59.59
3478,105,23,5,,2025-09-08 15:39:59.59,2025-09-08 15:39:59.59
3479,106,23,6,,2025-09-08 15:39:59.59,2025-09-08 15:39:59.59
3480,107,23,5,,2025-09-08 15:39:59.59,2025-09-08 15:39:59.59
3481,108,23,5,,2025-09-08 15:39:59.59,2025-09-08 15:39:59.59
3482,109,23,6,,2025-09-08 15:39:59.59,2025-09-08 15:39:59.59
3483,110,23,4,,2025-09-08 15:39:59.59,2025-09-08 15:39:59.59
3484,111,23,6,,2025-09-08 15:39:59.59,2025-09-08 15:39:59.59
3485,112,23,5,,2025-09-08 15:39:59.59,2025-09-08 15:39:59.59
3486,113,23,5,,2025-09-08 15:39:59.59,2025-09-08 15:39:59.59
3487,114,23,4,,2025-09-08 15:39:59.59,2025-09-08 15:39:59.59
3488,115,23,1,,2025-09-08 15:39:59.59,2025-09-08 15:39:59.59
3489,116,23,3,,2025-09-08 15:39:59.59,2025-09-08 15:39:59.59
3490,117,23,5,,2025-09-08 15:39:59.59,2025-09-08 15:39:59.59
3491,118,23,6,,2025-09-08 15:39:59.59,2025-09-08 15:39:59.59
3492,119,23,4,,2025-09-08 15:39:59.59,2025-09-08 15:39:59.59
3493,120,23,4,,2025-09-08 15:39:59.59,2025-09-08 15:39:59.59
3494,121,23,4,,2025-09-08 15:39:59.59,2025-09-08 15:39:59.59
3495,122,23,5,,2025-09-08 15:39:59.59,2025-09-08 15:39:59.59
3496,123,23,6,,2025-09-08 15:39:59.59,2025-09-08 15:39:59.59
3497,124,23,6,,2025-09-08 15:39:59.59,2025-09-08 15:39:59.59
3498,125,23,4,,2025-09-08 15:39:59.59,2025-09-08 15:39:59.59
3499,126,23,4,,2025-09-08 15:39:59.59,2025-09-08 15:39:59.59
3500,127,23,6,,2025-09-08 15:39:59.59,2025-09-08 15:39:59.59
3501,128,23,5,,2025-09-08 15:39:59.59,2025-09-08 15:39:59.59
3502,129,23,3,,2025-09-08 15:39:59.59,2025-09-08 15:39:59.59
3503,130,23,5,,2025-09-08 15:39:59.59,2025-09-08 15:39:59.59
3504,131,23,5,,2025-09-08 15:39:59.59,2025-09-08 15:39:59.59
3505,132,23,4,,2025-09-08 15:39:59.59,2025-09-08 15:39:59.59
3506,133,23,4,,2025-09-08 15:39:59.59,2025-09-08 15:39:59.59
3507,134,23,7,,2025-09-08 15:39:59.59,2025-09-08 15:39:59.59
3508,135,23,5,,2025-09-08 15:39:59.59,2025-09-08 15:39:59.59
3509,136,23,5,,2025-09-08 15:39:59.59,2025-09-08 15:39:59.59
3510,137,23,6,,2025-09-08 15:39:59.59,2025-09-08 15:39:59.59
3511,138,23,2,,2025-09-08 15:39:59.59,2025-09-08 15:39:59.59
3512,139,23,5,,2025-09-08 15:39:59.59,2025-09-08 15:39:59.59
3513,140,23,5,,2025-09-08 15:39:59.59,2025-09-08 15:39:59.59
3514,141,23,3,,2025-09-08 15:39:59.59,2025-09-08 15:39:59.59
3515,142,23,3,,2025-09-08 15:39:59.59,2025-09-08 15:39:59.59
3516,143,23,4,,2025-09-08 15:39:59.59,2025-09-08 15:39:59.59
3517,144,23,4,,2025-09-08 15:39:59.59,2025-09-08 15:39:59.59
3518,145,23,6,,2025-09-08 15:39:59.59,2025-09-08 15:39:59.59
3519,146,23,4,,2025-09-08 15:39:59.59,2025-09-08 15:39:59.59
3520,147,23,5,,2025-09-08 15:39:59.59,2025-09-08 15:39:59.59
3521,148,23,6,,2025-09-08 15:39:59.59,2025-09-08 15:39:59.59
3522,149,23,4,,2025-09-08 15:39:59.59,2025-09-08 15:39:59.59
3523,150,23,4,,2025-09-08 15:39:59.59,2025-09-08 15:39:59.59
3524,151,23,4,,2025-09-08 15:39:59.59,2025-09-08 15:39:59.59
3525,152,23,5,,2025-09-08 15:39:59.59,2025-09-08 15:39:59.59
3526,153,23,1,,2025-09-08 15:39:59.59,2025-09-08 15:39:59.59
3527,154,23,4,,2025-09-08 15:39:59.59,2025-09-08 15:39:59.59
3528,155,23,5,,2025-09-08 15:39:59.59,2025-09-08 15:39:59.59
3529,156,23,4,,2025-09-08 15:39:59.59,2025-09-08 15:39:59.59
3530,157,23,5,,2025-09-08 15:39:59.59,2025-09-08 15:39:59.59
3531,158,23,4,,2025-09-08 15:39:59.59,2025-09-08 15:39:59.59
3532,159,23,3,,2025-09-08 15:39:59.59,2025-09-08 15:39:59.59
3533,160,23,2,,2025-09-08 15:39:59.59,2025-09-08 15:39:59.59
3534,161,23,4,,2025-09-08 15:39:59.59,2025-09-08 15:39:59.59
3535,162,23,5,,2025-09-08 15:39:59.59,2025-09-08 15:39:59.59
3536,163,23,2,,2025-09-08 15:39:59.59,2025-09-08 15:39:59.59
3537,164,23,5,,2025-09-08 15:39:59.59,2025-09-08 15:39:59.59
3538,165,23,5,,2025-09-08 15:39:59.59,2025-09-08 15:39:59.59
3539,166,23,2,,2025-09-08 15:39:59.59,2025-09-08 15:39:59.59
3540,167,23,4,,2025-09-08 15:39:59.59,2025-09-08 15:39:59.59
3541,168,23,4,,2025-09-08 15:39:59.59,2025-09-08 15:39:59.59
3542,169,23,3,,2025-09-08 15:39:59.59,2025-09-08 15:39:59.59
3543,170,23,6,,2025-09-08 15:39:59.59,2025-09-08 15:39:59.59
3544,171,23,4,,2025-09-08 15:39:59.59,2025-09-08 15:39:59.59
3545,172,23,2,,2025-09-08 15:39:59.59,2025-09-08 15:39:59.59
3546,173,23,6,,2025-09-08 15:39:59.59,2025-09-08 15:39:59.59
3547,174,23,3,,2025-09-08 15:39:59.59,2025-09-08 15:39:59.59
3548,175,23,5,,2025-09-08 15:39:59.59,2025-09-08 15:39:59.59
3549,176,23,6,,2025-09-08 15:39:59.59,2025-09-08 15:39:59.59
3550,177,23,4,,2025-09-08 15:39:59.59,2025-09-08 15:39:59.59
3551,178,23,5,,2025-09-08 15:39:59.59,2025-09-08 15:39:59.59
3552,179,23,2,,2025-09-08 15:39:59.59,2025-09-08 15:39:59.59
3553,180,23,6,,2025-09-08 15:39:59.59,2025-09-08 15:39:59.59
3554,181,23,7,,2025-09-08 15:39:59.59,2025-09-08 15:39:59.59
3555,182,23,4,,2025-09-08 15:39:59.59,2025-09-08 15:39:59.59
3556,183,23,6,,2025-09-08 15:39:59.59,2025-09-08 15:39:59.59
3557,184,23,6,,2025-09-08 15:39:59.59,2025-09-08 15:39:59.59
3558,185,23,5,,2025-09-08 15:39:59.59,2025-09-08 15:39:59.59
3559,186,23,6,,2025-09-08 15:39:59.59,2025-09-08 15:39:59.59
3560,187,23,5,,2025-09-08 15:39:59.59,2025-09-08 15:39:59.59
3561,188,23,3,,2025-09-08 15:39:59.59,2025-09-08 15:39:59.59
3562,189,23,4,,2025-09-08 15:39:59.59,2025-09-08 15:39:59.59
3563,190,23,3,,2025-09-08 15:39:59.59,2025-09-08 15:39:59.59
3564,191,23,7,,2025-09-08 15:39:59.59,2025-09-08 15:39:59.59
3565,192,23,5,,2025-09-08 15:39:59.59,2025-09-08 15:39:59.59
3566,193,23,5,,2025-09-08 15:39:59.59,2025-09-08 15:39:59.59
3567,194,23,6,,2025-09-08 15:39:59.59,2025-09-08 15:39:59.59
3568,195,23,5,,2025-09-08 15:39:59.59,2025-09-08 15:39:59.59
3569,196,23,4,,2025-09-08 15:39:59.59,2025-09-08 15:39:59.59
3570,197,23,5,,2025-09-08 15:39:59.59,2025-09-08 15:39:59.59
3571,198,23,4,,2025-09-08 15:39:59.59,2025-09-08 15:39:59.59
3572,199,23,4,,2025-09-08 15:39:59.59,2025-09-08 15:39:59.59
3573,200,23,4,,2025-09-08 15:39:59.59,2025-09-08 15:39:59.59
3574,201,23,4,,2025-09-08 15:39:59.59,2025-09-08 15:39:59.59
3575,202,23,7,,2025-09-08 15:39:59.59,2025-09-08 15:39:59.59
3576,203,23,5,,2025-09-08 15:39:59.59,2025-09-08 15:39:59.59
3577,204,23,7,,2025-09-08 15:39:59.59,2025-09-08 15:39:59.59
3578,205,23,1,,2025-09-08 15:39:59.59,2025-09-08 15:39:59.59
3579,206,23,7,,2025-09-08 15:39:59.59,2025-09-08 15:39:59.59
3580,207,23,6,,2025-09-08 15:39:59.59,2025-09-08 15:39:59.59
3581,208,23,6,,2025-09-08 15:39:59.59,2025-09-08 15:39:59.59
3582,209,23,5,,2025-09-08 15:39:59.59,2025-09-08 15:39:59.59
3583,210,23,6,,2025-09-08 15:39:59.59,2025-09-08 15:39:59.59
3584,211,23,7,,2025-09-08 15:39:59.59,2025-09-08 15:39:59.59
3585,212,23,5,,2025-09-08 15:39:59.59,2025-09-08 15:39:59.59
3586,213,23,4,,2025-09-08 15:39:59.59,2025-09-08 15:39:59.59
3587,214,23,4,,2025-09-08 15:39:59.59,2025-09-08 15:39:59.59
3588,215,23,4,,2025-09-08 15:39:59.59,2025-09-08 15:39:59.59
3589,216,23,6,,2025-09-08 15:39:59.59,2025-09-08 15:39:59.59
3590,217,23,4,,2025-09-08 15:39:59.59,2025-09-08 15:39:59.59
3591,218,23,5,,2025-09-08 15:39:59.59,2025-09-08 15:39:59.59
3592,219,23,6,,2025-09-08 15:39:59.59,2025-09-08 15:39:59.59
3593,220,23,2,,2025-09-08 15:39:59.59,2025-09-08 15:39:59.59
3594,221,23,2,,2025-09-08 15:39:59.59,2025-09-08 15:39:59.59
3595,222,23,4,,2025-09-08 15:39:59.59,2025-09-08 15:39:59.59
3596,223,23,4,,2025-09-08 15:39:59.59,2025-09-08 15:39:59.59
3597,224,23,4,,2025-09-08 15:39:59.59,2025-09-08 15:39:59.59
3598,225,23,5,,2025-09-08 15:40:00,2025-09-08 15:40:00
3599,226,23,6,,2025-09-08 15:40:00,2025-09-08 15:40:00
3600,227,23,2,,2025-09-08 15:40:00,2025-09-08 15:40:00
3601,228,23,5,,2025-09-08 15:40:00,2025-09-08 15:40:00
3602,229,23,6,,2025-09-08 15:40:00,2025-09-08 15:40:00
3603,230,23,5,,2025-09-08 15:40:00,2025-09-08 15:40:00
3604,231,23,5,,2025-09-08 15:40:00,2025-09-08 15:40:00
3605,232,23,4,,2025-09-08 15:40:00,2025-09-08 15:40:00
3606,233,23,6,,2025-09-08 15:40:00,2025-09-08 15:40:00
3607,234,23,1,,2025-09-08 15:40:00,2025-09-08 15:40:00
3608,235,23,6,,2025-09-08 15:40:00,2025-09-08 15:40:00
3609,236,23,7,,2025-09-08 15:40:00,2025-09-08 15:40:00
3610,237,23,6,,2025-09-08 15:40:00,2025-09-08 15:40:00
3611,238,23,5,,2025-09-08 15:40:00,2025-09-08 15:40:00
3612,239,23,1,,2025-09-08 15:40:00,2025-09-08 15:40:00
3613,240,23,6,,2025-09-08 15:40:00,2025-09-08 15:40:00
3614,241,23,5,,2025-09-08 15:40:00,2025-09-08 15:40:00
3615,242,23,4,,2025-09-08 15:40:00,2025-09-08 15:40:00
3616,243,23,4,,2025-09-08 15:40:00,2025-09-08 15:40:00
3617,244,23,7,,2025-09-08 15:40:00,2025-09-08 15:40:00
3618,245,23,4,,2025-09-08 15:40:00,2025-09-08 15:40:00
3619,246,23,5,,2025-09-08 15:40:00,2025-09-08 15:40:00
3620,247,23,6,,2025-09-08 15:40:00,2025-09-08 15:40:00
3621,248,23,4,,2025-09-08 15:40:00,2025-09-08 15:40:00
3622,249,23,5,,2025-09-08 15:40:00,2025-09-08 15:40:00
3623,250,23,6,,2025-09-08 15:40:00,2025-09-08 15:40:00
3624,251,23,6,,2025-09-08 15:40:00,2025-09-08 15:40:00
3625,252,23,4,,2025-09-08 15:40:00,2025-09-08 15:40:00
3626,253,23,6,,2025-09-08 15:40:00,2025-09-08 15:40:00
3627,254,23,6,,2025-09-08 15:40:00,2025-09-08 15:40:00
3628,255,23,5,,2025-09-08 15:40:00,2025-09-08 15:40:00
3629,256,23,5,,2025-09-08 15:40:00,2025-09-08 15:40:00
3630,257,23,5,,2025-09-08 15:40:00,2025-09-08 15:40:00
3631,258,23,4,,2025-09-08 15:40:00,2025-09-08 15:40:00
3632,259,23,4,,2025-09-08 15:40:00,2025-09-08 15:40:00
3633,260,23,7,,2025-09-08 15:40:00,2025-09-08 15:40:00
3634,261,23,5,,2025-09-08 15:40:00,2025-09-08 15:40:00
3635,262,23,6,,2025-09-08 15:40:00,2025-09-08 15:40:00
3636,263,23,6,,2025-09-08 15:40:00,2025-09-08 15:40:00
3637,264,23,4,,2025-09-08 15:40:00,2025-09-08 15:40:00
3638,265,23,3,,2025-09-08 15:40:00,2025-09-08 15:40:00
3639,266,23,4,,2025-09-08 15:40:00,2025-09-08 15:40:00
3640,267,23,3,,2025-09-08 15:40:00,2025-09-08 15:40:00
3641,268,23,5,,2025-09-08 15:40:00,2025-09-08 15:40:00
3642,269,23,4,,2025-09-08 15:40:00,2025-09-08 15:40:00
3643,270,23,5,,2025-09-08 15:40:00,2025-09-08 15:40:00
3644,271,23,5,,2025-09-08 15:40:00,2025-09-08 15:40:00
3645,272,23,4,,2025-09-08 15:40:00,2025-09-08 15:40:00
3646,273,23,3,,2025-09-08 15:40:00,2025-09-08 15:40:00
3647,274,23,3,,2025-09-08 15:40:00,2025-09-08 15:40:00
3648,275,23,4,,2025-09-08 15:40:00,2025-09-08 15:40:00
3649,276,23,6,,2025-09-08 15:40:00,2025-09-08 15:40:00
3650,277,23,4,,2025-09-08 15:40:00,2025-09-08 15:40:00
3651,278,23,3,,2025-09-08 15:40:00,2025-09-08 15:40:00
3652,279,23,3,,2025-09-08 15:40:00,2025-09-08 15:40:00
3653,280,23,6,,2025-09-08 15:40:00,2025-09-08 15:40:00
3654,281,23,6,,2025-09-08 15:40:00,2025-09-08 15:40:00
3655,282,23,5,,2025-09-08 15:40:00,2025-09-08 15:40:00
3656,283,23,7,,2025-09-08 15:40:00,2025-09-08 15:40:00
3657,284,23,5,,2025-09-08 15:40:00,2025-09-08 15:40:00
3658,285,23,3,,2025-09-08 15:40:00,2025-09-08 15:40:00
3659,286,23,7,,2025-09-08 15:40:00,2025-09-08 15:40:00
3660,287,23,4,,2025-09-08 15:40:00,2025-09-08 15:40:00
3661,288,23,6,,2025-09-08 15:40:00,2025-09-08 15:40:00
3662,289,23,5,,2025-09-08 15:40:00,2025-09-08 15:40:00
3663,290,23,4,,2025-09-08 15:40:00,2025-09-08 15:40:00
3664,291,23,5,,2025-09-08 15:40:00,2025-09-08 15:40:00
3665,292,23,5,,2025-09-08 15:40:00,2025-09-08 15:40:00
3666,293,23,6,,2025-09-08 15:40:00,2025-09-08 15:40:00
3667,294,23,7,,2025-09-08 15:40:00,2025-09-08 15:40:00
3668,295,23,5,,2025-09-08 15:40:00,2025-09-08 15:40:00
3669,296,23,5,,2025-09-08 15:40:00,2025-09-08 15:40:00
3670,297,23,5,,2025-09-08 15:40:00,2025-09-08 15:40:00
3671,298,23,4,,2025-09-08 15:40:00,2025-09-08 15:40:00
3672,299,23,5,,2025-09-08 15:40:00,2025-09-08 15:40:00
3673,300,23,4,,2025-09-08 15:40:00,2025-09-08 15:40:00
3674,301,23,2,,2025-09-08 15:40:00,2025-09-08 15:40:00
3675,302,23,4,,2025-09-08 15:40:00,2025-09-08 15:40:00
3676,303,23,5,,2025-09-08 15:40:00,2025-09-08 15:40:00
3677,304,23,7,,2025-09-08 15:40:00,2025-09-08 15:40:00
3678,305,23,5,,2025-09-08 15:40:00,2025-09-08 15:40:00
3679,306,23,6,,2025-09-08 15:40:00,2025-09-08 15:40:00
3680,307,23,4,,2025-09-08 15:40:00,2025-09-08 15:40:00
3681,308,23,6,,2025-09-08 15:40:00,2025-09-08 15:40:00
3682,309,23,6,,2025-09-08 15:40:00,2025-09-08 15:40:00
3683,310,23,3,,2025-09-08 15:40:00,2025-09-08 15:40:00
3684,311,23,5,,2025-09-08 15:40:00,2025-09-08 15:40:00
3685,312,23,5,,2025-09-08 15:40:00,2025-09-08 15:40:00
3686,313,23,5,,2025-09-08 15:40:00,2025-09-08 15:40:00
3687,314,23,4,,2025-09-08 15:40:00,2025-09-08 15:40:00
3688,315,23,6,,2025-09-08 15:40:00,2025-09-08 15:40:00
3689,316,23,7,,2025-09-08 15:40:00,2025-09-08 15:40:00
3690,317,23,6,,2025-09-08 15:40:00,2025-09-08 15:40:00
3691,318,23,4,,2025-09-08 15:40:00,2025-09-08 15:40:00
3692,319,23,3,,2025-09-08 15:40:00,2025-09-08 15:40:00
3693,320,23,5,,2025-09-08 15:40:00,2025-09-08 15:40:00
3694,321,23,6,,2025-09-08 15:40:00,2025-09-08 15:40:00
3695,322,23,5,,2025-09-08 15:40:00,2025-09-08 15:40:00
3696,323,23,5,,2025-09-08 15:40:00,2025-09-08 15:40:00
3697,324,23,5,,2025-09-08 15:40:00,2025-09-08 15:40:00
3698,325,23,5,,2025-09-08 15:40:00,2025-09-08 15:40:00
3699,326,23,4,,2025-09-08 15:40:00,2025-09-08 15:40:00
3700,327,23,2,,2025-09-08 15:40:00,2025-09-08 15:40:00
3701,328,23,4,,2025-09-08 15:40:00,2025-09-08 15:40:00
3702,329,23,6,,2025-09-08 15:40:00,2025-09-08 15:40:00
3703,330,23,4,,2025-09-08 15:40:00,2025-09-08 15:40:00
3704,331,23,3,,2025-09-08 15:40:00,2025-09-08 15:40:00
3705,332,23,4,,2025-09-08 15:40:00,2025-09-08 15:40:00
3706,333,23,4,,2025-09-08 15:40:00,2025-09-08 15:40:00
3707,334,23,5,,2025-09-08 15:40:00,2025-09-08 15:40:00
3708,335,23,4,,2025-09-08 15:40:00,2025-09-08 15:40:00
3709,336,23,5,,2025-09-08 15:40:00,2025-09-08 15:40:00
3710,337,23,4,,2025-09-08 15:40:00,2025-09-08 15:40:00
3711,338,23,6,,2025-09-08 15:40:00,2025-09-08 15:40:00
3712,339,23,5,,2025-09-08 15:40:00,2025-09-08 15:40:00
3713,340,23,4,,2025-09-08 15:40:00,2025-09-08 15:40:00
3714,341,23,5,,2025-09-08 15:40:00,2025-09-08 15:40:00
3715,342,23,7,,2025-09-08 15:40:00,2025-09-08 15:40:00
3716,343,23,5,,2025-09-08 15:40:00,2025-09-08 15:40:00
3717,344,23,5,,2025-09-08 15:40:00,2025-09-08 15:40:00
3718,345,23,5,,2025-09-08 15:40:00,2025-09-08 15:40:00
3719,346,23,7,,2025-09-08 15:40:00,2025-09-08 15:40:00
3720,347,23,4,,2025-09-08 15:40:00,2025-09-08 15:40:00
3721,348,23,6,,2025-09-08 15:40:00,2025-09-08 15:40:00
3722,349,23,4,,2025-09-08 15:40:00,2025-09-08 15:40:00
3723,350,23,5,,2025-09-08 15:40:00,2025-09-08 15:40:00
3724,351,23,4,,2025-09-08 15:40:00,2025-09-08 15:40:00
3725,352,23,4,,2025-09-08 15:40:00,2025-09-08 15:40:00
3726,353,23,5,,2025-09-08 15:40:00,2025-09-08 15:40:00
3727,354,23,6,,2025-09-08 15:40:00,2025-09-08 15:40:00
3728,355,23,2,,2025-09-08 15:40:00,2025-09-08 15:40:00
3729,356,23,3,,2025-09-08 15:40:00,2025-09-08 15:40:00
3730,357,23,5,,2025-09-08 15:40:00,2025-09-08 15:40:00
3731,358,23,4,,2025-09-08 15:40:00,2025-09-08 15:40:00
3732,359,23,5,,2025-09-08 15:40:00,2025-09-08 15:40:00
3733,360,23,5,,2025-09-08 15:40:00,2025-09-08 15:40:00
3734,361,23,5,,2025-09-08 15:40:00,2025-09-08 15:40:00
3735,362,23,6,,2025-09-08 15:40:00,2025-09-08 15:40:00
3736,363,23,5,,2025-09-08 15:40:00,2025-09-08 15:40:00
3737,364,23,5,,2025-09-08 15:40:00,2025-09-08 15:40:00
3738,365,23,6,,2025-09-08 15:40:00,2025-09-08 15:40:00
3739,366,23,6,,2025-09-08 15:40:00,2025-09-08 15:40:00
3740,367,23,3,,2025-09-08 15:40:01.01,2025-09-08 15:40:01.01
3741,368,23,4,,2025-09-08 15:40:01.01,2025-09-08 15:40:01.01
3742,369,23,4,,2025-09-08 15:40:01.01,2025-09-08 15:40:01.01
3743,9,22,7,,2025-09-08 15:40:01.01,2025-09-08 15:40:01.01
3744,10,22,4,,2025-09-08 15:40:01.01,2025-09-08 15:40:01.01
3745,11,22,5,,2025-09-08 15:40:01.01,2025-09-08 15:40:01.01
3746,12,22,3,,2025-09-08 15:40:01.01,2025-09-08 15:40:01.01
3747,13,22,5,,2025-09-08 15:40:01.01,2025-09-08 15:40:01.01
3748,14,22,3,,2025-09-08 15:40:01.01,2025-09-08 15:40:01.01
3749,15,22,5,,2025-09-08 15:40:01.01,2025-09-08 15:40:01.01
3750,16,22,4,,2025-09-08 15:40:01.01,2025-09-08 15:40:01.01
3751,17,22,4,,2025-09-08 15:40:01.01,2025-09-08 15:40:01.01
3752,18,22,7,,2025-09-08 15:40:01.01,2025-09-08 15:40:01.01
3753,19,22,6,,2025-09-08 15:40:01.01,2025-09-08 15:40:01.01
3754,20,22,4,,2025-09-08 15:40:01.01,2025-09-08 15:40:01.01
3755,21,22,5,,2025-09-08 15:40:01.01,2025-09-08 15:40:01.01
3756,22,22,5,,2025-09-08 15:40:01.01,2025-09-08 15:40:01.01
3757,23,22,4,,2025-09-08 15:40:01.01,2025-09-08 15:40:01.01
3758,24,22,4,,2025-09-08 15:40:01.01,2025-09-08 15:40:01.01
3759,25,22,4,,2025-09-08 15:40:01.01,2025-09-08 15:40:01.01
3760,26,22,4,,2025-09-08 15:40:01.01,2025-09-08 15:40:01.01
3761,27,22,2,,2025-09-08 15:40:01.01,2025-09-08 15:40:01.01
3762,28,22,5,,2025-09-08 15:40:01.01,2025-09-08 15:40:01.01
3763,29,22,4,,2025-09-08 15:40:01.01,2025-09-08 15:40:01.01
3764,30,22,5,,2025-09-08 15:40:01.01,2025-09-08 15:40:01.01
3765,31,22,4,,2025-09-08 15:40:01.01,2025-09-08 15:40:01.01
3766,32,22,1,,2025-09-08 15:40:01.01,2025-09-08 15:40:01.01
3767,33,22,5,,2025-09-08 15:40:01.01,2025-09-08 15:40:01.01
3768,34,22,1,,2025-09-08 15:40:01.01,2025-09-08 15:40:01.01
3769,35,22,6,,2025-09-08 15:40:01.01,2025-09-08 15:40:01.01
3770,36,22,4,,2025-09-08 15:40:01.01,2025-09-08 15:40:01.01
3771,37,22,6,,2025-09-08 15:40:01.01,2025-09-08 15:40:01.01
3772,38,22,5,,2025-09-08 15:40:01.01,2025-09-08 15:40:01.01
3773,39,22,4,,2025-09-08 15:40:01.01,2025-09-08 15:40:01.01
3774,40,22,6,,2025-09-08 15:40:01.01,2025-09-08 15:40:01.01
3775,41,22,7,,2025-09-08 15:40:01.01,2025-09-08 15:40:01.01
3776,42,22,6,,2025-09-08 15:40:01.01,2025-09-08 15:40:01.01
3777,43,22,6,,2025-09-08 15:40:01.01,2025-09-08 15:40:01.01
3778,44,22,6,,2025-09-08 15:40:01.01,2025-09-08 15:40:01.01
3779,45,22,5,,2025-09-08 15:40:01.01,2025-09-08 15:40:01.01
3780,46,22,6,,2025-09-08 15:40:01.01,2025-09-08 15:40:01.01
3781,47,22,6,,2025-09-08 15:40:01.01,2025-09-08 15:40:01.01
3782,48,22,4,,2025-09-08 15:40:01.01,2025-09-08 15:40:01.01
3783,49,22,7,,2025-09-08 15:40:01.01,2025-09-08 15:40:01.01
3784,50,22,6,,2025-09-08 15:40:01.01,2025-09-08 15:40:01.01
3785,51,22,5,,2025-09-08 15:40:01.01,2025-09-08 15:40:01.01
3786,52,22,3,,2025-09-08 15:40:01.01,2025-09-08 15:40:01.01
3787,53,22,7,,2025-09-08 15:40:01.01,2025-09-08 15:40:01.01
3788,54,22,7,,2025-09-08 15:40:01.01,2025-09-08 15:40:01.01
3789,55,22,4,,2025-09-08 15:40:01.01,2025-09-08 15:40:01.01
3790,56,22,4,,2025-09-08 15:40:01.01,2025-09-08 15:40:01.01
3791,57,22,6,,2025-09-08 15:40:01.01,2025-09-08 15:40:01.01
3792,58,22,2,,2025-09-08 15:40:01.01,2025-09-08 15:40:01.01
3793,59,22,1,,2025-09-08 15:40:01.01,2025-09-08 15:40:01.01
3794,60,22,4,,2025-09-08 15:40:01.01,2025-09-08 15:40:01.01
3795,61,22,5,,2025-09-08 15:40:01.01,2025-09-08 15:40:01.01
3796,62,22,6,,2025-09-08 15:40:01.01,2025-09-08 15:40:01.01
3797,63,22,5,,2025-09-08 15:40:01.01,2025-09-08 15:40:01.01
3798,64,22,4,,2025-09-08 15:40:01.01,2025-09-08 15:40:01.01
3799,65,22,4,,2025-09-08 15:40:01.01,2025-09-08 15:40:01.01
3800,66,22,6,,2025-09-08 15:40:01.01,2025-09-08 15:40:01.01
3801,67,22,6,,2025-09-08 15:40:01.01,2025-09-08 15:40:01.01
3802,68,22,4,,2025-09-08 15:40:01.01,2025-09-08 15:40:01.01
3803,69,22,5,,2025-09-08 15:40:01.01,2025-09-08 15:40:01.01
3804,70,22,1,,2025-09-08 15:40:01.01,2025-09-08 15:40:01.01
3805,71,22,4,,2025-09-08 15:40:01.01,2025-09-08 15:40:01.01
3806,72,22,6,,2025-09-08 15:40:01.01,2025-09-08 15:40:01.01
3807,73,22,7,,2025-09-08 15:40:01.01,2025-09-08 15:40:01.01
3808,74,22,1,,2025-09-08 15:40:01.01,2025-09-08 15:40:01.01
3809,75,22,5,,2025-09-08 15:40:01.01,2025-09-08 15:40:01.01
3810,76,22,5,,2025-09-08 15:40:01.01,2025-09-08 15:40:01.01
3811,77,22,6,,2025-09-08 15:40:01.01,2025-09-08 15:40:01.01
3812,78,22,6,,2025-09-08 15:40:01.01,2025-09-08 15:40:01.01
3813,79,22,4,,2025-09-08 15:40:01.01,2025-09-08 15:40:01.01
3814,80,22,6,,2025-09-08 15:40:01.01,2025-09-08 15:40:01.01
3815,81,22,5,,2025-09-08 15:40:01.01,2025-09-08 15:40:01.01
3816,82,22,6,,2025-09-08 15:40:01.01,2025-09-08 15:40:01.01
3817,83,22,4,,2025-09-08 15:40:01.01,2025-09-08 15:40:01.01
3818,84,22,5,,2025-09-08 15:40:01.01,2025-09-08 15:40:01.01
3819,85,22,6,,2025-09-08 15:40:01.01,2025-09-08 15:40:01.01
3820,86,22,6,,2025-09-08 15:40:01.01,2025-09-08 15:40:01.01
3821,87,22,4,,2025-09-08 15:40:01.01,2025-09-08 15:40:01.01
3822,88,22,4,,2025-09-08 15:40:01.01,2025-09-08 15:40:01.01
3823,89,22,4,,2025-09-08 15:40:01.01,2025-09-08 15:40:01.01
3824,90,22,5,,2025-09-08 15:40:01.01,2025-09-08 15:40:01.01
3825,91,22,4,,2025-09-08 15:40:01.01,2025-09-08 15:40:01.01
3826,92,22,3,,2025-09-08 15:40:01.01,2025-09-08 15:40:01.01
3827,93,22,6,,2025-09-08 15:40:01.01,2025-09-08 15:40:01.01
3828,94,22,6,,2025-09-08 15:40:01.01,2025-09-08 15:40:01.01
3829,95,22,4,,2025-09-08 15:40:01.01,2025-09-08 15:40:01.01
3830,96,22,5,,2025-09-08 15:40:01.01,2025-09-08 15:40:01.01
3831,97,22,4,,2025-09-08 15:40:01.01,2025-09-08 15:40:01.01
3832,98,22,5,,2025-09-08 15:40:01.01,2025-09-08 15:40:01.01
3833,99,22,4,,2025-09-08 15:40:01.01,2025-09-08 15:40:01.01
3834,100,22,4,,2025-09-08 15:40:01.01,2025-09-08 15:40:01.01
3835,101,22,5,,2025-09-08 15:40:01.01,2025-09-08 15:40:01.01
3836,102,22,6,,2025-09-08 15:40:01.01,2025-09-08 15:40:01.01
3837,103,22,4,,2025-09-08 15:40:01.01,2025-09-08 15:40:01.01
3838,104,22,7,,2025-09-08 15:40:01.01,2025-09-08 15:40:01.01
3839,105,22,5,,2025-09-08 15:40:01.01,2025-09-08 15:40:01.01
3840,106,22,6,,2025-09-08 15:40:01.01,2025-09-08 15:40:01.01
3841,107,22,5,,2025-09-08 15:40:01.01,2025-09-08 15:40:01.01
3842,108,22,5,,2025-09-08 15:40:01.01,2025-09-08 15:40:01.01
3843,109,22,5,,2025-09-08 15:40:01.01,2025-09-08 15:40:01.01
3844,110,22,5,,2025-09-08 15:40:01.01,2025-09-08 15:40:01.01
3845,111,22,6,,2025-09-08 15:40:01.01,2025-09-08 15:40:01.01
3846,112,22,5,,2025-09-08 15:40:01.01,2025-09-08 15:40:01.01
3847,113,22,5,,2025-09-08 15:40:01.01,2025-09-08 15:40:01.01
3848,114,22,4,,2025-09-08 15:40:01.01,2025-09-08 15:40:01.01
3849,115,22,1,,2025-09-08 15:40:01.01,2025-09-08 15:40:01.01
3850,116,22,4,,2025-09-08 15:40:01.01,2025-09-08 15:40:01.01
3851,117,22,5,,2025-09-08 15:40:01.01,2025-09-08 15:40:01.01
3852,118,22,6,,2025-09-08 15:40:01.01,2025-09-08 15:40:01.01
3853,119,22,4,,2025-09-08 15:40:01.01,2025-09-08 15:40:01.01
3854,120,22,5,,2025-09-08 15:40:01.01,2025-09-08 15:40:01.01
3855,121,22,4,,2025-09-08 15:40:01.01,2025-09-08 15:40:01.01
3856,122,22,5,,2025-09-08 15:40:01.01,2025-09-08 15:40:01.01
3857,123,22,6,,2025-09-08 15:40:01.01,2025-09-08 15:40:01.01
3858,124,22,6,,2025-09-08 15:40:01.01,2025-09-08 15:40:01.01
3859,125,22,6,,2025-09-08 15:40:01.01,2025-09-08 15:40:01.01
3860,126,22,4,,2025-09-08 15:40:01.01,2025-09-08 15:40:01.01
3861,127,22,7,,2025-09-08 15:40:01.01,2025-09-08 15:40:01.01
3862,128,22,5,,2025-09-08 15:40:01.01,2025-09-08 15:40:01.01
3863,129,22,3,,2025-09-08 15:40:01.01,2025-09-08 15:40:01.01
3864,130,22,6,,2025-09-08 15:40:01.01,2025-09-08 15:40:01.01
3865,131,22,5,,2025-09-08 15:40:01.01,2025-09-08 15:40:01.01
3866,132,22,4,,2025-09-08 15:40:01.01,2025-09-08 15:40:01.01
3867,133,22,4,,2025-09-08 15:40:01.01,2025-09-08 15:40:01.01
3868,134,22,7,,2025-09-08 15:40:01.01,2025-09-08 15:40:01.01
3869,135,22,5,,2025-09-08 15:40:01.01,2025-09-08 15:40:01.01
3870,136,22,5,,2025-09-08 15:40:01.01,2025-09-08 15:40:01.01
3871,137,22,6,,2025-09-08 15:40:01.01,2025-09-08 15:40:01.01
3872,138,22,2,,2025-09-08 15:40:01.01,2025-09-08 15:40:01.01
3873,139,22,5,,2025-09-08 15:40:02.02,2025-09-08 15:40:02.02
3874,140,22,5,,2025-09-08 15:40:02.02,2025-09-08 15:40:02.02
3875,141,22,5,,2025-09-08 15:40:02.02,2025-09-08 15:40:02.02
3876,142,22,3,,2025-09-08 15:40:02.02,2025-09-08 15:40:02.02
3877,143,22,4,,2025-09-08 15:40:02.02,2025-09-08 15:40:02.02
3878,144,22,4,,2025-09-08 15:40:02.02,2025-09-08 15:40:02.02
3879,145,22,6,,2025-09-08 15:40:02.02,2025-09-08 15:40:02.02
3880,146,22,4,,2025-09-08 15:40:02.02,2025-09-08 15:40:02.02
3881,147,22,5,,2025-09-08 15:40:02.02,2025-09-08 15:40:02.02
3882,148,22,6,,2025-09-08 15:40:02.02,2025-09-08 15:40:02.02
3883,149,22,4,,2025-09-08 15:40:02.02,2025-09-08 15:40:02.02
3884,150,22,6,,2025-09-08 15:40:02.02,2025-09-08 15:40:02.02
3885,151,22,4,,2025-09-08 15:40:02.02,2025-09-08 15:40:02.02
3886,152,22,5,,2025-09-08 15:40:02.02,2025-09-08 15:40:02.02
3887,153,22,1,,2025-09-08 15:40:02.02,2025-09-08 15:40:02.02
3888,154,22,4,,2025-09-08 15:40:02.02,2025-09-08 15:40:02.02
3889,155,22,5,,2025-09-08 15:40:02.02,2025-09-08 15:40:02.02
3890,156,22,4,,2025-09-08 15:40:02.02,2025-09-08 15:40:02.02
3891,157,22,5,,2025-09-08 15:40:02.02,2025-09-08 15:40:02.02
3892,158,22,4,,2025-09-08 15:40:02.02,2025-09-08 15:40:02.02
3893,159,22,3,,2025-09-08 15:40:02.02,2025-09-08 15:40:02.02
3894,160,22,3,,2025-09-08 15:40:02.02,2025-09-08 15:40:02.02
3895,161,22,5,,2025-09-08 15:40:02.02,2025-09-08 15:40:02.02
3896,162,22,5,,2025-09-08 15:40:02.02,2025-09-08 15:40:02.02
3897,163,22,3,,2025-09-08 15:40:02.02,2025-09-08 15:40:02.02
3898,164,22,5,,2025-09-08 15:40:02.02,2025-09-08 15:40:02.02
3899,165,22,5,,2025-09-08 15:40:02.02,2025-09-08 15:40:02.02
3900,166,22,2,,2025-09-08 15:40:02.02,2025-09-08 15:40:02.02
3901,167,22,5,,2025-09-08 15:40:02.02,2025-09-08 15:40:02.02
3902,168,22,4,,2025-09-08 15:40:02.02,2025-09-08 15:40:02.02
3903,169,22,4,,2025-09-08 15:40:02.02,2025-09-08 15:40:02.02
3904,170,22,6,,2025-09-08 15:40:02.02,2025-09-08 15:40:02.02
3905,171,22,4,,2025-09-08 15:40:02.02,2025-09-08 15:40:02.02
3906,172,22,2,,2025-09-08 15:40:02.02,2025-09-08 15:40:02.02
3907,173,22,6,,2025-09-08 15:40:02.02,2025-09-08 15:40:02.02
3908,174,22,4,,2025-09-08 15:40:02.02,2025-09-08 15:40:02.02
3909,175,22,4,,2025-09-08 15:40:02.02,2025-09-08 15:40:02.02
3910,176,22,6,,2025-09-08 15:40:02.02,2025-09-08 15:40:02.02
3911,177,22,4,,2025-09-08 15:40:02.02,2025-09-08 15:40:02.02
3912,178,22,5,,2025-09-08 15:40:02.02,2025-09-08 15:40:02.02
3913,179,22,3,,2025-09-08 15:40:02.02,2025-09-08 15:40:02.02
3914,180,22,6,,2025-09-08 15:40:02.02,2025-09-08 15:40:02.02
3915,181,22,7,,2025-09-08 15:40:02.02,2025-09-08 15:40:02.02
3916,182,22,4,,2025-09-08 15:40:02.02,2025-09-08 15:40:02.02
3917,183,22,6,,2025-09-08 15:40:02.02,2025-09-08 15:40:02.02
3918,184,22,6,,2025-09-08 15:40:02.02,2025-09-08 15:40:02.02
3919,185,22,5,,2025-09-08 15:40:02.02,2025-09-08 15:40:02.02
3920,186,22,6,,2025-09-08 15:40:02.02,2025-09-08 15:40:02.02
3921,187,22,6,,2025-09-08 15:40:02.02,2025-09-08 15:40:02.02
3922,188,22,3,,2025-09-08 15:40:02.02,2025-09-08 15:40:02.02
3923,189,22,4,,2025-09-08 15:40:02.02,2025-09-08 15:40:02.02
3924,190,22,3,,2025-09-08 15:40:02.02,2025-09-08 15:40:02.02
3925,191,22,7,,2025-09-08 15:40:02.02,2025-09-08 15:40:02.02
3926,192,22,5,,2025-09-08 15:40:02.02,2025-09-08 15:40:02.02
3927,193,22,5,,2025-09-08 15:40:02.02,2025-09-08 15:40:02.02
3928,194,22,5,,2025-09-08 15:40:02.02,2025-09-08 15:40:02.02
3929,195,22,5,,2025-09-08 15:40:02.02,2025-09-08 15:40:02.02
3930,196,22,4,,2025-09-08 15:40:02.02,2025-09-08 15:40:02.02
3931,197,22,5,,2025-09-08 15:40:02.02,2025-09-08 15:40:02.02
3932,198,22,4,,2025-09-08 15:40:02.02,2025-09-08 15:40:02.02
3933,199,22,4,,2025-09-08 15:40:02.02,2025-09-08 15:40:02.02
3934,200,22,4,,2025-09-08 15:40:02.02,2025-09-08 15:40:02.02
3935,201,22,4,,2025-09-08 15:40:02.02,2025-09-08 15:40:02.02
3936,202,22,7,,2025-09-08 15:40:02.02,2025-09-08 15:40:02.02
3937,203,22,5,,2025-09-08 15:40:02.02,2025-09-08 15:40:02.02
3938,204,22,6,,2025-09-08 15:40:02.02,2025-09-08 15:40:02.02
3939,205,22,3,,2025-09-08 15:40:02.02,2025-09-08 15:40:02.02
3940,206,22,7,,2025-09-08 15:40:02.02,2025-09-08 15:40:02.02
3941,207,22,6,,2025-09-08 15:40:02.02,2025-09-08 15:40:02.02
3942,208,22,6,,2025-09-08 15:40:02.02,2025-09-08 15:40:02.02
3943,209,22,7,,2025-09-08 15:40:02.02,2025-09-08 15:40:02.02
3944,210,22,6,,2025-09-08 15:40:02.02,2025-09-08 15:40:02.02
3945,211,22,7,,2025-09-08 15:40:02.02,2025-09-08 15:40:02.02
3946,212,22,5,,2025-09-08 15:40:02.02,2025-09-08 15:40:02.02
3947,213,22,4,,2025-09-08 15:40:02.02,2025-09-08 15:40:02.02
3948,214,22,4,,2025-09-08 15:40:02.02,2025-09-08 15:40:02.02
3949,215,22,4,,2025-09-08 15:40:02.02,2025-09-08 15:40:02.02
3950,216,22,5,,2025-09-08 15:40:02.02,2025-09-08 15:40:02.02
3951,217,22,4,,2025-09-08 15:40:02.02,2025-09-08 15:40:02.02
3952,218,22,5,,2025-09-08 15:40:02.02,2025-09-08 15:40:02.02
3953,219,22,6,,2025-09-08 15:40:02.02,2025-09-08 15:40:02.02
3954,220,22,2,,2025-09-08 15:40:02.02,2025-09-08 15:40:02.02
3955,221,22,2,,2025-09-08 15:40:02.02,2025-09-08 15:40:02.02
3956,222,22,4,,2025-09-08 15:40:02.02,2025-09-08 15:40:02.02
3957,223,22,4,,2025-09-08 15:40:02.02,2025-09-08 15:40:02.02
3958,224,22,4,,2025-09-08 15:40:02.02,2025-09-08 15:40:02.02
3959,225,22,5,,2025-09-08 15:40:02.02,2025-09-08 15:40:02.02
3960,226,22,6,,2025-09-08 15:40:02.02,2025-09-08 15:40:02.02
3961,227,22,3,,2025-09-08 15:40:02.02,2025-09-08 15:40:02.02
3962,228,22,5,,2025-09-08 15:40:02.02,2025-09-08 15:40:02.02
3963,229,22,6,,2025-09-08 15:40:02.02,2025-09-08 15:40:02.02
3964,230,22,5,,2025-09-08 15:40:02.02,2025-09-08 15:40:02.02
3965,231,22,5,,2025-09-08 15:40:02.02,2025-09-08 15:40:02.02
3966,232,22,4,,2025-09-08 15:40:02.02,2025-09-08 15:40:02.02
3967,233,22,5,,2025-09-08 15:40:02.02,2025-09-08 15:40:02.02
3968,234,22,2,,2025-09-08 15:40:02.02,2025-09-08 15:40:02.02
3969,235,22,6,,2025-09-08 15:40:02.02,2025-09-08 15:40:02.02
3970,236,22,7,,2025-09-08 15:40:02.02,2025-09-08 15:40:02.02
3971,237,22,6,,2025-09-08 15:40:02.02,2025-09-08 15:40:02.02
3972,238,22,6,,2025-09-08 15:40:02.02,2025-09-08 15:40:02.02
3973,239,22,1,,2025-09-08 15:40:02.02,2025-09-08 15:40:02.02
3974,240,22,6,,2025-09-08 15:40:02.02,2025-09-08 15:40:02.02
3975,241,22,5,,2025-09-08 15:40:02.02,2025-09-08 15:40:02.02
3976,242,22,4,,2025-09-08 15:40:02.02,2025-09-08 15:40:02.02
3977,243,22,4,,2025-09-08 15:40:02.02,2025-09-08 15:40:02.02
3978,244,22,7,,2025-09-08 15:40:02.02,2025-09-08 15:40:02.02
3979,245,22,4,,2025-09-08 15:40:02.02,2025-09-08 15:40:02.02
3980,246,22,5,,2025-09-08 15:40:02.02,2025-09-08 15:40:02.02
3981,247,22,6,,2025-09-08 15:40:02.02,2025-09-08 15:40:02.02
3982,248,22,4,,2025-09-08 15:40:02.02,2025-09-08 15:40:02.02
3983,249,22,5,,2025-09-08 15:40:02.02,2025-09-08 15:40:02.02
3984,250,22,6,,2025-09-08 15:40:02.02,2025-09-08 15:40:02.02
3985,251,22,7,,2025-09-08 15:40:02.02,2025-09-08 15:40:02.02
3986,252,22,4,,2025-09-08 15:40:02.02,2025-09-08 15:40:02.02
3987,253,22,6,,2025-09-08 15:40:02.02,2025-09-08 15:40:02.02
3988,254,22,6,,2025-09-08 15:40:02.02,2025-09-08 15:40:02.02
3989,255,22,5,,2025-09-08 15:40:02.02,2025-09-08 15:40:02.02
3990,256,22,5,,2025-09-08 15:40:02.02,2025-09-08 15:40:02.02
3991,257,22,6,,2025-09-08 15:40:02.02,2025-09-08 15:40:02.02
3992,258,22,4,,2025-09-08 15:40:02.02,2025-09-08 15:40:02.02
3993,259,22,4,,2025-09-08 15:40:02.02,2025-09-08 15:40:02.02
3994,260,22,7,,2025-09-08 15:40:02.02,2025-09-08 15:40:02.02
3995,261,22,5,,2025-09-08 15:40:02.02,2025-09-08 15:40:02.02
3996,262,22,6,,2025-09-08 15:40:02.02,2025-09-08 15:40:02.02
3997,263,22,6,,2025-09-08 15:40:02.02,2025-09-08 15:40:02.02
3998,264,22,4,,2025-09-08 15:40:02.02,2025-09-08 15:40:02.02
3999,265,22,4,,2025-09-08 15:40:02.02,2025-09-08 15:40:02.02
4000,266,22,4,,2025-09-08 15:40:02.02,2025-09-08 15:40:02.02
4001,267,22,4,,2025-09-08 15:40:02.02,2025-09-08 15:40:02.02
4002,268,22,5,,2025-09-08 15:40:02.02,2025-09-08 15:40:02.02
4003,269,22,4,,2025-09-08 15:40:02.02,2025-09-08 15:40:02.02
4004,270,22,5,,2025-09-08 15:40:02.02,2025-09-08 15:40:02.02
4005,271,22,6,,2025-09-08 15:40:02.02,2025-09-08 15:40:02.02
4006,272,22,4,,2025-09-08 15:40:02.02,2025-09-08 15:40:02.02
4007,273,22,4,,2025-09-08 15:40:02.02,2025-09-08 15:40:02.02
4008,274,22,4,,2025-09-08 15:40:02.02,2025-09-08 15:40:02.02
4009,275,22,3,,2025-09-08 15:40:02.02,2025-09-08 15:40:02.02
4010,276,22,6,,2025-09-08 15:40:02.02,2025-09-08 15:40:02.02
4011,277,22,4,,2025-09-08 15:40:02.02,2025-09-08 15:40:02.02
4012,278,22,3,,2025-09-08 15:40:02.02,2025-09-08 15:40:02.02
4013,279,22,3,,2025-09-08 15:40:02.02,2025-09-08 15:40:02.02
4014,280,22,6,,2025-09-08 15:40:02.02,2025-09-08 15:40:02.02
4015,281,22,6,,2025-09-08 15:40:02.02,2025-09-08 15:40:02.02
4016,282,22,5,,2025-09-08 15:40:02.02,2025-09-08 15:40:02.02
4017,283,22,7,,2025-09-08 15:40:02.02,2025-09-08 15:40:02.02
4018,284,22,5,,2025-09-08 15:40:02.02,2025-09-08 15:40:02.02
4019,285,22,3,,2025-09-08 15:40:02.02,2025-09-08 15:40:02.02
4020,286,22,7,,2025-09-08 15:40:02.02,2025-09-08 15:40:02.02
4021,287,22,4,,2025-09-08 15:40:02.02,2025-09-08 15:40:02.02
4022,288,22,6,,2025-09-08 15:40:02.02,2025-09-08 15:40:02.02
4023,289,22,4,,2025-09-08 15:40:02.02,2025-09-08 15:40:02.02
4024,290,22,4,,2025-09-08 15:40:03.03,2025-09-08 15:40:03.03
4025,291,22,5,,2025-09-08 15:40:03.03,2025-09-08 15:40:03.03
4026,292,22,5,,2025-09-08 15:40:03.03,2025-09-08 15:40:03.03
4027,293,22,6,,2025-09-08 15:40:03.03,2025-09-08 15:40:03.03
4028,294,22,7,,2025-09-08 15:40:03.03,2025-09-08 15:40:03.03
4029,295,22,5,,2025-09-08 15:40:03.03,2025-09-08 15:40:03.03
4030,296,22,6,,2025-09-08 15:40:03.03,2025-09-08 15:40:03.03
4031,297,22,5,,2025-09-08 15:40:03.03,2025-09-08 15:40:03.03
4032,298,22,4,,2025-09-08 15:40:03.03,2025-09-08 15:40:03.03
4033,299,22,6,,2025-09-08 15:40:03.03,2025-09-08 15:40:03.03
4034,300,22,4,,2025-09-08 15:40:03.03,2025-09-08 15:40:03.03
4035,301,22,2,,2025-09-08 15:40:03.03,2025-09-08 15:40:03.03
4036,302,22,4,,2025-09-08 15:40:03.03,2025-09-08 15:40:03.03
4037,303,22,5,,2025-09-08 15:40:03.03,2025-09-08 15:40:03.03
4038,304,22,7,,2025-09-08 15:40:03.03,2025-09-08 15:40:03.03
4039,305,22,4,,2025-09-08 15:40:03.03,2025-09-08 15:40:03.03
4040,306,22,6,,2025-09-08 15:40:03.03,2025-09-08 15:40:03.03
4041,307,22,4,,2025-09-08 15:40:03.03,2025-09-08 15:40:03.03
4042,308,22,6,,2025-09-08 15:40:03.03,2025-09-08 15:40:03.03
4043,309,22,6,,2025-09-08 15:40:03.03,2025-09-08 15:40:03.03
4044,310,22,4,,2025-09-08 15:40:03.03,2025-09-08 15:40:03.03
4045,311,22,5,,2025-09-08 15:40:03.03,2025-09-08 15:40:03.03
4046,312,22,4,,2025-09-08 15:40:03.03,2025-09-08 15:40:03.03
4047,313,22,5,,2025-09-08 15:40:03.03,2025-09-08 15:40:03.03
4048,314,22,4,,2025-09-08 15:40:03.03,2025-09-08 15:40:03.03
4049,315,22,6,,2025-09-08 15:40:03.03,2025-09-08 15:40:03.03
4050,316,22,7,,2025-09-08 15:40:03.03,2025-09-08 15:40:03.03
4051,317,22,6,,2025-09-08 15:40:03.03,2025-09-08 15:40:03.03
4052,318,22,5,,2025-09-08 15:40:03.03,2025-09-08 15:40:03.03
4053,319,22,3,,2025-09-08 15:40:03.03,2025-09-08 15:40:03.03
4054,320,22,5,,2025-09-08 15:40:03.03,2025-09-08 15:40:03.03
4055,321,22,6,,2025-09-08 15:40:03.03,2025-09-08 15:40:03.03
4056,322,22,6,,2025-09-08 15:40:03.03,2025-09-08 15:40:03.03
4057,323,22,5,,2025-09-08 15:40:03.03,2025-09-08 15:40:03.03
4058,324,22,5,,2025-09-08 15:40:03.03,2025-09-08 15:40:03.03
4059,325,22,5,,2025-09-08 15:40:03.03,2025-09-08 15:40:03.03
4060,326,22,4,,2025-09-08 15:40:03.03,2025-09-08 15:40:03.03
4061,327,22,2,,2025-09-08 15:40:03.03,2025-09-08 15:40:03.03
4062,328,22,4,,2025-09-08 15:40:03.03,2025-09-08 15:40:03.03
4063,329,22,6,,2025-09-08 15:40:03.03,2025-09-08 15:40:03.03
4064,330,22,4,,2025-09-08 15:40:03.03,2025-09-08 15:40:03.03
4065,331,22,3,,2025-09-08 15:40:03.03,2025-09-08 15:40:03.03
4066,332,22,4,,2025-09-08 15:40:03.03,2025-09-08 15:40:03.03
4067,333,22,4,,2025-09-08 15:40:03.03,2025-09-08 15:40:03.03
4068,334,22,5,,2025-09-08 15:40:03.03,2025-09-08 15:40:03.03
4069,335,22,4,,2025-09-08 15:40:03.03,2025-09-08 15:40:03.03
4070,336,22,5,,2025-09-08 15:40:03.03,2025-09-08 15:40:03.03
4071,337,22,4,,2025-09-08 15:40:03.03,2025-09-08 15:40:03.03
4072,338,22,6,,2025-09-08 15:40:03.03,2025-09-08 15:40:03.03
4073,339,22,5,,2025-09-08 15:40:03.03,2025-09-08 15:40:03.03
4074,340,22,6,,2025-09-08 15:40:03.03,2025-09-08 15:40:03.03
4075,341,22,5,,2025-09-08 15:40:03.03,2025-09-08 15:40:03.03
4076,342,22,7,,2025-09-08 15:40:03.03,2025-09-08 15:40:03.03
4077,343,22,5,,2025-09-08 15:40:03.03,2025-09-08 15:40:03.03
4078,344,22,5,,2025-09-08 15:40:03.03,2025-09-08 15:40:03.03
4079,345,22,5,,2025-09-08 15:40:03.03,2025-09-08 15:40:03.03
4080,346,22,6,,2025-09-08 15:40:03.03,2025-09-08 15:40:03.03
4081,347,22,4,,2025-09-08 15:40:03.03,2025-09-08 15:40:03.03
4082,348,22,5,,2025-09-08 15:40:03.03,2025-09-08 15:40:03.03
4083,349,22,4,,2025-09-08 15:40:03.03,2025-09-08 15:40:03.03
4084,350,22,5,,2025-09-08 15:40:03.03,2025-09-08 15:40:03.03
4085,351,22,4,,2025-09-08 15:40:03.03,2025-09-08 15:40:03.03
4086,352,22,4,,2025-09-08 15:40:03.03,2025-09-08 15:40:03.03
4087,353,22,5,,2025-09-08 15:40:03.03,2025-09-08 15:40:03.03
4088,354,22,6,,2025-09-08 15:40:03.03,2025-09-08 15:40:03.03
4089,355,22,2,,2025-09-08 15:40:03.03,2025-09-08 15:40:03.03
4090,356,22,3,,2025-09-08 15:40:03.03,2025-09-08 15:40:03.03
4091,357,22,4,,2025-09-08 15:40:03.03,2025-09-08 15:40:03.03
4092,358,22,4,,2025-09-08 15:40:03.03,2025-09-08 15:40:03.03
4093,359,22,6,,2025-09-08 15:40:03.03,2025-09-08 15:40:03.03
4094,360,22,5,,2025-09-08 15:40:03.03,2025-09-08 15:40:03.03
4095,361,22,5,,2025-09-08 15:40:03.03,2025-09-08 15:40:03.03
4096,362,22,6,,2025-09-08 15:40:03.03,2025-09-08 15:40:03.03
4097,363,22,4,,2025-09-08 15:40:03.03,2025-09-08 15:40:03.03
4098,364,22,5,,2025-09-08 15:40:03.03,2025-09-08 15:40:03.03
4099,365,22,4,,2025-09-08 15:40:03.03,2025-09-08 15:40:03.03
4100,366,22,6,,2025-09-08 15:40:03.03,2025-09-08 15:40:03.03
4101,367,22,4,,2025-09-08 15:40:03.03,2025-09-08 15:40:03.03
4102,368,22,4,,2025-09-08 15:40:03.03,2025-09-08 15:40:03.03
4103,369,22,4,,2025-09-08 15:40:03.03,2025-09-08 15:40:03.03
4104,9,31,5,,2025-09-08 15:40:03.03,2025-09-08 15:40:03.03
4105,10,31,3,,2025-09-08 15:40:03.03,2025-09-08 15:40:03.03
4106,11,31,3,,2025-09-08 15:40:03.03,2025-09-08 15:40:03.03
4107,12,31,3,,2025-09-08 15:40:03.03,2025-09-08 15:40:03.03
4108,13,31,5,,2025-09-08 15:40:03.03,2025-09-08 15:40:03.03
4109,14,31,4,,2025-09-08 15:40:03.03,2025-09-08 15:40:03.03
4110,15,31,5,,2025-09-08 15:40:03.03,2025-09-08 15:40:03.03
4111,16,31,5,,2025-09-08 15:40:03.03,2025-09-08 15:40:03.03
4112,17,31,4,,2025-09-08 15:40:03.03,2025-09-08 15:40:03.03
4113,18,31,4,,2025-09-08 15:40:03.03,2025-09-08 15:40:03.03
4114,19,31,5,,2025-09-08 15:40:03.03,2025-09-08 15:40:03.03
4115,20,31,4,,2025-09-08 15:40:03.03,2025-09-08 15:40:03.03
4116,21,31,5,,2025-09-08 15:40:03.03,2025-09-08 15:40:03.03
4117,22,31,5,,2025-09-08 15:40:03.03,2025-09-08 15:40:03.03
4118,23,31,4,,2025-09-08 15:40:03.03,2025-09-08 15:40:03.03
4119,24,31,4,,2025-09-08 15:40:03.03,2025-09-08 15:40:03.03
4120,25,31,4,,2025-09-08 15:40:03.03,2025-09-08 15:40:03.03
4121,26,31,5,,2025-09-08 15:40:03.03,2025-09-08 15:40:03.03
4122,27,31,3,,2025-09-08 15:40:03.03,2025-09-08 15:40:03.03
4123,28,31,5,,2025-09-08 15:40:03.03,2025-09-08 15:40:03.03
4124,29,31,4,,2025-09-08 15:40:03.03,2025-09-08 15:40:03.03
4125,30,31,6,,2025-09-08 15:40:03.03,2025-09-08 15:40:03.03
4126,31,31,4,,2025-09-08 15:40:03.03,2025-09-08 15:40:03.03
4127,32,31,5,,2025-09-08 15:40:03.03,2025-09-08 15:40:03.03
4128,33,31,4,,2025-09-08 15:40:03.03,2025-09-08 15:40:03.03
4129,34,31,4,,2025-09-08 15:40:03.03,2025-09-08 15:40:03.03
4130,35,31,6,,2025-09-08 15:40:03.03,2025-09-08 15:40:03.03
4131,36,31,4,,2025-09-08 15:40:03.03,2025-09-08 15:40:03.03
4132,37,31,6,,2025-09-08 15:40:03.03,2025-09-08 15:40:03.03
4133,38,31,5,,2025-09-08 15:40:03.03,2025-09-08 15:40:03.03
4134,39,31,4,,2025-09-08 15:40:03.03,2025-09-08 15:40:03.03
4135,40,31,5,,2025-09-08 15:40:03.03,2025-09-08 15:40:03.03
4136,41,31,5,,2025-09-08 15:40:03.03,2025-09-08 15:40:03.03
4137,42,31,6,,2025-09-08 15:40:03.03,2025-09-08 15:40:03.03
4138,43,31,4,,2025-09-08 15:40:03.03,2025-09-08 15:40:03.03
4139,44,31,5,,2025-09-08 15:40:03.03,2025-09-08 15:40:03.03
4140,45,31,6,,2025-09-08 15:40:03.03,2025-09-08 15:40:03.03
4141,46,31,5,,2025-09-08 15:40:03.03,2025-09-08 15:40:03.03
4142,47,31,6,,2025-09-08 15:40:03.03,2025-09-08 15:40:03.03
4143,48,31,4,,2025-09-08 15:40:03.03,2025-09-08 15:40:03.03
4144,49,31,6,,2025-09-08 15:40:03.03,2025-09-08 15:40:03.03
4145,50,31,6,,2025-09-08 15:40:03.03,2025-09-08 15:40:03.03
4146,51,31,3,,2025-09-08 15:40:03.03,2025-09-08 15:40:03.03
4147,52,31,6,,2025-09-08 15:40:03.03,2025-09-08 15:40:03.03
4148,53,31,5,,2025-09-08 15:40:03.03,2025-09-08 15:40:03.03
4149,54,31,6,,2025-09-08 15:40:03.03,2025-09-08 15:40:03.03
4150,55,31,4,,2025-09-08 15:40:03.03,2025-09-08 15:40:03.03
4151,56,31,4,,2025-09-08 15:40:03.03,2025-09-08 15:40:03.03
4152,57,31,6,,2025-09-08 15:40:03.03,2025-09-08 15:40:03.03
4153,58,31,4,,2025-09-08 15:40:03.03,2025-09-08 15:40:03.03
4154,59,31,1,,2025-09-08 15:40:03.03,2025-09-08 15:40:03.03
4155,60,31,4,,2025-09-08 15:40:03.03,2025-09-08 15:40:03.03
4156,61,31,6,,2025-09-08 15:40:03.03,2025-09-08 15:40:03.03
4157,62,31,7,,2025-09-08 15:40:03.03,2025-09-08 15:40:03.03
4158,63,31,5,,2025-09-08 15:40:03.03,2025-09-08 15:40:03.03
4159,64,31,4,,2025-09-08 15:40:03.03,2025-09-08 15:40:03.03
4160,65,31,4,,2025-09-08 15:40:03.03,2025-09-08 15:40:03.03
4161,66,31,6,,2025-09-08 15:40:03.03,2025-09-08 15:40:03.03
4162,67,31,6,,2025-09-08 15:40:03.03,2025-09-08 15:40:03.03
4163,68,31,6,,2025-09-08 15:40:03.03,2025-09-08 15:40:03.03
4164,69,31,5,,2025-09-08 15:40:04.04,2025-09-08 15:40:04.04
4165,70,31,2,,2025-09-08 15:40:04.04,2025-09-08 15:40:04.04
4166,71,31,4,,2025-09-08 15:40:04.04,2025-09-08 15:40:04.04
4167,72,31,6,,2025-09-08 15:40:04.04,2025-09-08 15:40:04.04
4168,73,31,7,,2025-09-08 15:40:04.04,2025-09-08 15:40:04.04
4169,74,31,2,,2025-09-08 15:40:04.04,2025-09-08 15:40:04.04
4170,75,31,3,,2025-09-08 15:40:04.04,2025-09-08 15:40:04.04
4171,76,31,6,,2025-09-08 15:40:04.04,2025-09-08 15:40:04.04
4172,77,31,6,,2025-09-08 15:40:04.04,2025-09-08 15:40:04.04
4173,78,31,5,,2025-09-08 15:40:04.04,2025-09-08 15:40:04.04
4174,79,31,4,,2025-09-08 15:40:04.04,2025-09-08 15:40:04.04
4175,80,31,6,,2025-09-08 15:40:04.04,2025-09-08 15:40:04.04
4176,81,31,5,,2025-09-08 15:40:04.04,2025-09-08 15:40:04.04
4177,82,31,6,,2025-09-08 15:40:04.04,2025-09-08 15:40:04.04
4178,83,31,4,,2025-09-08 15:40:04.04,2025-09-08 15:40:04.04
4179,84,31,5,,2025-09-08 15:40:04.04,2025-09-08 15:40:04.04
4180,85,31,5,,2025-09-08 15:40:04.04,2025-09-08 15:40:04.04
4181,86,31,7,,2025-09-08 15:40:04.04,2025-09-08 15:40:04.04
4182,87,31,4,,2025-09-08 15:40:04.04,2025-09-08 15:40:04.04
4183,88,31,2,,2025-09-08 15:40:04.04,2025-09-08 15:40:04.04
4184,89,31,5,,2025-09-08 15:40:04.04,2025-09-08 15:40:04.04
4185,90,31,4,,2025-09-08 15:40:04.04,2025-09-08 15:40:04.04
4186,91,31,5,,2025-09-08 15:40:04.04,2025-09-08 15:40:04.04
4187,92,31,5,,2025-09-08 15:40:04.04,2025-09-08 15:40:04.04
4188,93,31,6,,2025-09-08 15:40:04.04,2025-09-08 15:40:04.04
4189,94,31,5,,2025-09-08 15:40:04.04,2025-09-08 15:40:04.04
4190,95,31,4,,2025-09-08 15:40:04.04,2025-09-08 15:40:04.04
4191,96,31,6,,2025-09-08 15:40:04.04,2025-09-08 15:40:04.04
4192,97,31,4,,2025-09-08 15:40:04.04,2025-09-08 15:40:04.04
4193,98,31,5,,2025-09-08 15:40:04.04,2025-09-08 15:40:04.04
4194,99,31,4,,2025-09-08 15:40:04.04,2025-09-08 15:40:04.04
4195,100,31,4,,2025-09-08 15:40:04.04,2025-09-08 15:40:04.04
4196,101,31,5,,2025-09-08 15:40:04.04,2025-09-08 15:40:04.04
4197,102,31,4,,2025-09-08 15:40:04.04,2025-09-08 15:40:04.04
4198,103,31,5,,2025-09-08 15:40:04.04,2025-09-08 15:40:04.04
4199,104,31,7,,2025-09-08 15:40:04.04,2025-09-08 15:40:04.04
4200,105,31,4,,2025-09-08 15:40:04.04,2025-09-08 15:40:04.04
4201,106,31,6,,2025-09-08 15:40:04.04,2025-09-08 15:40:04.04
4202,107,31,5,,2025-09-08 15:40:04.04,2025-09-08 15:40:04.04
4203,108,31,4,,2025-09-08 15:40:04.04,2025-09-08 15:40:04.04
4204,109,31,5,,2025-09-08 15:40:04.04,2025-09-08 15:40:04.04
4205,110,31,5,,2025-09-08 15:40:04.04,2025-09-08 15:40:04.04
4206,111,31,2,,2025-09-08 15:40:04.04,2025-09-08 15:40:04.04
4207,112,31,5,,2025-09-08 15:40:04.04,2025-09-08 15:40:04.04
4208,113,31,4,,2025-09-08 15:40:04.04,2025-09-08 15:40:04.04
4209,114,31,5,,2025-09-08 15:40:04.04,2025-09-08 15:40:04.04
4210,115,31,1,,2025-09-08 15:40:04.04,2025-09-08 15:40:04.04
4211,116,31,5,,2025-09-08 15:40:04.04,2025-09-08 15:40:04.04
4212,117,31,5,,2025-09-08 15:40:04.04,2025-09-08 15:40:04.04
4213,118,31,6,,2025-09-08 15:40:04.04,2025-09-08 15:40:04.04
4214,119,31,4,,2025-09-08 15:40:04.04,2025-09-08 15:40:04.04
4215,120,31,5,,2025-09-08 15:40:04.04,2025-09-08 15:40:04.04
4216,121,31,4,,2025-09-08 15:40:04.04,2025-09-08 15:40:04.04
4217,122,31,5,,2025-09-08 15:40:04.04,2025-09-08 15:40:04.04
4218,123,31,6,,2025-09-08 15:40:04.04,2025-09-08 15:40:04.04
4219,124,31,6,,2025-09-08 15:40:04.04,2025-09-08 15:40:04.04
4220,125,31,4,,2025-09-08 15:40:04.04,2025-09-08 15:40:04.04
4221,126,31,4,,2025-09-08 15:40:04.04,2025-09-08 15:40:04.04
4222,127,31,3,,2025-09-08 15:40:04.04,2025-09-08 15:40:04.04
4223,128,31,5,,2025-09-08 15:40:04.04,2025-09-08 15:40:04.04
4224,129,31,5,,2025-09-08 15:40:04.04,2025-09-08 15:40:04.04
4225,130,31,5,,2025-09-08 15:40:04.04,2025-09-08 15:40:04.04
4226,131,31,4,,2025-09-08 15:40:04.04,2025-09-08 15:40:04.04
4227,132,31,4,,2025-09-08 15:40:04.04,2025-09-08 15:40:04.04
4228,133,31,4,,2025-09-08 15:40:04.04,2025-09-08 15:40:04.04
4229,134,31,7,,2025-09-08 15:40:04.04,2025-09-08 15:40:04.04
4230,135,31,5,,2025-09-08 15:40:04.04,2025-09-08 15:40:04.04
4231,136,31,5,,2025-09-08 15:40:04.04,2025-09-08 15:40:04.04
4232,137,31,6,,2025-09-08 15:40:04.04,2025-09-08 15:40:04.04
4233,138,31,4,,2025-09-08 15:40:04.04,2025-09-08 15:40:04.04
4234,139,31,4,,2025-09-08 15:40:04.04,2025-09-08 15:40:04.04
4235,140,31,5,,2025-09-08 15:40:04.04,2025-09-08 15:40:04.04
4236,141,31,4,,2025-09-08 15:40:04.04,2025-09-08 15:40:04.04
4237,142,31,5,,2025-09-08 15:40:04.04,2025-09-08 15:40:04.04
4238,143,31,3,,2025-09-08 15:40:04.04,2025-09-08 15:40:04.04
4239,144,31,4,,2025-09-08 15:40:04.04,2025-09-08 15:40:04.04
4240,145,31,5,,2025-09-08 15:40:04.04,2025-09-08 15:40:04.04
4241,146,31,4,,2025-09-08 15:40:04.04,2025-09-08 15:40:04.04
4242,147,31,5,,2025-09-08 15:40:04.04,2025-09-08 15:40:04.04
4243,148,31,6,,2025-09-08 15:40:04.04,2025-09-08 15:40:04.04
4244,149,31,4,,2025-09-08 15:40:04.04,2025-09-08 15:40:04.04
4245,150,31,6,,2025-09-08 15:40:04.04,2025-09-08 15:40:04.04
4246,151,31,6,,2025-09-08 15:40:04.04,2025-09-08 15:40:04.04
4247,152,31,3,,2025-09-08 15:40:04.04,2025-09-08 15:40:04.04
4248,153,31,4,,2025-09-08 15:40:04.04,2025-09-08 15:40:04.04
4249,154,31,4,,2025-09-08 15:40:04.04,2025-09-08 15:40:04.04
4250,155,31,5,,2025-09-08 15:40:04.04,2025-09-08 15:40:04.04
4251,156,31,4,,2025-09-08 15:40:04.04,2025-09-08 15:40:04.04
4252,157,31,5,,2025-09-08 15:40:04.04,2025-09-08 15:40:04.04
4253,158,31,4,,2025-09-08 15:40:04.04,2025-09-08 15:40:04.04
4254,159,31,6,,2025-09-08 15:40:04.04,2025-09-08 15:40:04.04
4255,160,31,6,,2025-09-08 15:40:04.04,2025-09-08 15:40:04.04
4256,161,31,5,,2025-09-08 15:40:04.04,2025-09-08 15:40:04.04
4257,162,31,5,,2025-09-08 15:40:04.04,2025-09-08 15:40:04.04
4258,163,31,1,,2025-09-08 15:40:04.04,2025-09-08 15:40:04.04
4259,164,31,6,,2025-09-08 15:40:04.04,2025-09-08 15:40:04.04
4260,165,31,6,,2025-09-08 15:40:04.04,2025-09-08 15:40:04.04
4261,166,31,3,,2025-09-08 15:40:04.04,2025-09-08 15:40:04.04
4262,167,31,4,,2025-09-08 15:40:04.04,2025-09-08 15:40:04.04
4263,168,31,7,,2025-09-08 15:40:04.04,2025-09-08 15:40:04.04
4264,169,31,5,,2025-09-08 15:40:04.04,2025-09-08 15:40:04.04
4265,170,31,5,,2025-09-08 15:40:04.04,2025-09-08 15:40:04.04
4266,171,31,4,,2025-09-08 15:40:04.04,2025-09-08 15:40:04.04
4267,172,31,2,,2025-09-08 15:40:04.04,2025-09-08 15:40:04.04
4268,173,31,4,,2025-09-08 15:40:04.04,2025-09-08 15:40:04.04
4269,174,31,4,,2025-09-08 15:40:04.04,2025-09-08 15:40:04.04
4270,175,31,3,,2025-09-08 15:40:04.04,2025-09-08 15:40:04.04
4271,176,31,5,,2025-09-08 15:40:04.04,2025-09-08 15:40:04.04
4272,177,31,6,,2025-09-08 15:40:04.04,2025-09-08 15:40:04.04
4273,178,31,5,,2025-09-08 15:40:04.04,2025-09-08 15:40:04.04
4274,179,31,5,,2025-09-08 15:40:04.04,2025-09-08 15:40:04.04
4275,180,31,6,,2025-09-08 15:40:04.04,2025-09-08 15:40:04.04
4276,181,31,7,,2025-09-08 15:40:04.04,2025-09-08 15:40:04.04
4277,182,31,4,,2025-09-08 15:40:04.04,2025-09-08 15:40:04.04
4278,183,31,6,,2025-09-08 15:40:04.04,2025-09-08 15:40:04.04
4279,184,31,6,,2025-09-08 15:40:04.04,2025-09-08 15:40:04.04
4280,185,31,6,,2025-09-08 15:40:04.04,2025-09-08 15:40:04.04
4281,186,31,6,,2025-09-08 15:40:04.04,2025-09-08 15:40:04.04
4282,187,31,5,,2025-09-08 15:40:04.04,2025-09-08 15:40:04.04
4283,188,31,4,,2025-09-08 15:40:04.04,2025-09-08 15:40:04.04
4284,189,31,5,,2025-09-08 15:40:04.04,2025-09-08 15:40:04.04
4285,190,31,3,,2025-09-08 15:40:04.04,2025-09-08 15:40:04.04
4286,191,31,7,,2025-09-08 15:40:04.04,2025-09-08 15:40:04.04
4287,192,31,5,,2025-09-08 15:40:04.04,2025-09-08 15:40:04.04
4288,193,31,4,,2025-09-08 15:40:04.04,2025-09-08 15:40:04.04
4289,194,31,4,,2025-09-08 15:40:04.04,2025-09-08 15:40:04.04
4290,195,31,5,,2025-09-08 15:40:04.04,2025-09-08 15:40:04.04
4291,196,31,4,,2025-09-08 15:40:04.04,2025-09-08 15:40:04.04
4292,197,31,5,,2025-09-08 15:40:05.05,2025-09-08 15:40:05.05
4293,198,31,4,,2025-09-08 15:40:05.05,2025-09-08 15:40:05.05
4294,199,31,4,,2025-09-08 15:40:05.05,2025-09-08 15:40:05.05
4295,200,31,5,,2025-09-08 15:40:05.05,2025-09-08 15:40:05.05
4296,201,31,4,,2025-09-08 15:40:05.05,2025-09-08 15:40:05.05
4297,202,31,5,,2025-09-08 15:40:05.05,2025-09-08 15:40:05.05
4298,203,31,5,,2025-09-08 15:40:05.05,2025-09-08 15:40:05.05
4299,204,31,7,,2025-09-08 15:40:05.05,2025-09-08 15:40:05.05
4300,205,31,3,,2025-09-08 15:40:05.05,2025-09-08 15:40:05.05
4301,206,31,6,,2025-09-08 15:40:05.05,2025-09-08 15:40:05.05
4302,207,31,6,,2025-09-08 15:40:05.05,2025-09-08 15:40:05.05
4303,208,31,6,,2025-09-08 15:40:05.05,2025-09-08 15:40:05.05
4304,209,31,4,,2025-09-08 15:40:05.05,2025-09-08 15:40:05.05
4305,210,31,5,,2025-09-08 15:40:05.05,2025-09-08 15:40:05.05
4306,211,31,7,,2025-09-08 15:40:05.05,2025-09-08 15:40:05.05
4307,212,31,5,,2025-09-08 15:40:05.05,2025-09-08 15:40:05.05
4308,213,31,1,,2025-09-08 15:40:05.05,2025-09-08 15:40:05.05
4309,214,31,5,,2025-09-08 15:40:05.05,2025-09-08 15:40:05.05
4310,215,31,4,,2025-09-08 15:40:05.05,2025-09-08 15:40:05.05
4311,216,31,5,,2025-09-08 15:40:05.05,2025-09-08 15:40:05.05
4312,217,31,4,,2025-09-08 15:40:05.05,2025-09-08 15:40:05.05
4313,218,31,5,,2025-09-08 15:40:05.05,2025-09-08 15:40:05.05
4314,219,31,6,,2025-09-08 15:40:05.05,2025-09-08 15:40:05.05
4315,220,31,4,,2025-09-08 15:40:05.05,2025-09-08 15:40:05.05
4316,221,31,3,,2025-09-08 15:40:05.05,2025-09-08 15:40:05.05
4317,222,31,4,,2025-09-08 15:40:05.05,2025-09-08 15:40:05.05
4318,223,31,5,,2025-09-08 15:40:05.05,2025-09-08 15:40:05.05
4319,224,31,4,,2025-09-08 15:40:05.05,2025-09-08 15:40:05.05
4320,225,31,5,,2025-09-08 15:40:05.05,2025-09-08 15:40:05.05
4321,226,31,6,,2025-09-08 15:40:05.05,2025-09-08 15:40:05.05
4322,227,31,5,,2025-09-08 15:40:05.05,2025-09-08 15:40:05.05
4323,228,31,4,,2025-09-08 15:40:05.05,2025-09-08 15:40:05.05
4324,229,31,6,,2025-09-08 15:40:05.05,2025-09-08 15:40:05.05
4325,230,31,5,,2025-09-08 15:40:05.05,2025-09-08 15:40:05.05
4326,231,31,5,,2025-09-08 15:40:05.05,2025-09-08 15:40:05.05
4327,232,31,6,,2025-09-08 15:40:05.05,2025-09-08 15:40:05.05
4328,233,31,4,,2025-09-08 15:40:05.05,2025-09-08 15:40:05.05
4329,234,31,4,,2025-09-08 15:40:05.05,2025-09-08 15:40:05.05
4330,235,31,6,,2025-09-08 15:40:05.05,2025-09-08 15:40:05.05
4331,236,31,7,,2025-09-08 15:40:05.05,2025-09-08 15:40:05.05
4332,237,31,6,,2025-09-08 15:40:05.05,2025-09-08 15:40:05.05
4333,238,31,6,,2025-09-08 15:40:05.05,2025-09-08 15:40:05.05
4334,239,31,5,,2025-09-08 15:40:05.05,2025-09-08 15:40:05.05
4335,240,31,6,,2025-09-08 15:40:05.05,2025-09-08 15:40:05.05
4336,241,31,6,,2025-09-08 15:40:05.05,2025-09-08 15:40:05.05
4337,242,31,5,,2025-09-08 15:40:05.05,2025-09-08 15:40:05.05
4338,243,31,5,,2025-09-08 15:40:05.05,2025-09-08 15:40:05.05
4339,244,31,6,,2025-09-08 15:40:05.05,2025-09-08 15:40:05.05
4340,245,31,5,,2025-09-08 15:40:05.05,2025-09-08 15:40:05.05
4341,246,31,5,,2025-09-08 15:40:05.05,2025-09-08 15:40:05.05
4342,247,31,7,,2025-09-08 15:40:05.05,2025-09-08 15:40:05.05
4343,248,31,4,,2025-09-08 15:40:05.05,2025-09-08 15:40:05.05
4344,249,31,6,,2025-09-08 15:40:05.05,2025-09-08 15:40:05.05
4345,250,31,6,,2025-09-08 15:40:05.05,2025-09-08 15:40:05.05
4346,251,31,6,,2025-09-08 15:40:05.05,2025-09-08 15:40:05.05
4347,252,31,4,,2025-09-08 15:40:05.05,2025-09-08 15:40:05.05
4348,253,31,5,,2025-09-08 15:40:05.05,2025-09-08 15:40:05.05
4349,254,31,7,,2025-09-08 15:40:05.05,2025-09-08 15:40:05.05
4350,255,31,5,,2025-09-08 15:40:05.05,2025-09-08 15:40:05.05
4351,256,31,5,,2025-09-08 15:40:05.05,2025-09-08 15:40:05.05
4352,257,31,7,,2025-09-08 15:40:05.05,2025-09-08 15:40:05.05
4353,258,31,4,,2025-09-08 15:40:05.05,2025-09-08 15:40:05.05
4354,259,31,4,,2025-09-08 15:40:05.05,2025-09-08 15:40:05.05
4355,260,31,4,,2025-09-08 15:40:05.05,2025-09-08 15:40:05.05
4356,261,31,5,,2025-09-08 15:40:05.05,2025-09-08 15:40:05.05
4357,262,31,6,,2025-09-08 15:40:05.05,2025-09-08 15:40:05.05
4358,263,31,6,,2025-09-08 15:40:05.05,2025-09-08 15:40:05.05
4359,264,31,4,,2025-09-08 15:40:05.05,2025-09-08 15:40:05.05
4360,265,31,4,,2025-09-08 15:40:05.05,2025-09-08 15:40:05.05
4361,266,31,4,,2025-09-08 15:40:05.05,2025-09-08 15:40:05.05
4362,267,31,3,,2025-09-08 15:40:05.05,2025-09-08 15:40:05.05
4363,268,31,5,,2025-09-08 15:40:05.05,2025-09-08 15:40:05.05
4364,269,31,4,,2025-09-08 15:40:05.05,2025-09-08 15:40:05.05
4365,270,31,4,,2025-09-08 15:40:05.05,2025-09-08 15:40:05.05
4366,271,31,4,,2025-09-08 15:40:05.05,2025-09-08 15:40:05.05
4367,272,31,4,,2025-09-08 15:40:05.05,2025-09-08 15:40:05.05
4368,273,31,3,,2025-09-08 15:40:05.05,2025-09-08 15:40:05.05
4369,274,31,4,,2025-09-08 15:40:05.05,2025-09-08 15:40:05.05
4370,275,31,4,,2025-09-08 15:40:05.05,2025-09-08 15:40:05.05
4371,276,31,6,,2025-09-08 15:40:05.05,2025-09-08 15:40:05.05
4372,277,31,4,,2025-09-08 15:40:05.05,2025-09-08 15:40:05.05
4373,278,31,4,,2025-09-08 15:40:05.05,2025-09-08 15:40:05.05
4374,279,31,1,,2025-09-08 15:40:05.05,2025-09-08 15:40:05.05
4375,280,31,5,,2025-09-08 15:40:05.05,2025-09-08 15:40:05.05
4376,281,31,4,,2025-09-08 15:40:05.05,2025-09-08 15:40:05.05
4377,282,31,5,,2025-09-08 15:40:05.05,2025-09-08 15:40:05.05
4378,283,31,6,,2025-09-08 15:40:05.05,2025-09-08 15:40:05.05
4379,284,31,5,,2025-09-08 15:40:05.05,2025-09-08 15:40:05.05
4380,285,31,4,,2025-09-08 15:40:05.05,2025-09-08 15:40:05.05
4381,286,31,6,,2025-09-08 15:40:05.05,2025-09-08 15:40:05.05
4382,287,31,5,,2025-09-08 15:40:05.05,2025-09-08 15:40:05.05
4383,288,31,6,,2025-09-08 15:40:05.05,2025-09-08 15:40:05.05
4384,289,31,4,,2025-09-08 15:40:05.05,2025-09-08 15:40:05.05
4385,290,31,4,,2025-09-08 15:40:05.05,2025-09-08 15:40:05.05
4386,291,31,5,,2025-09-08 15:40:05.05,2025-09-08 15:40:05.05
4387,292,31,4,,2025-09-08 15:40:05.05,2025-09-08 15:40:05.05
4388,293,31,6,,2025-09-08 15:40:05.05,2025-09-08 15:40:05.05
4389,294,31,5,,2025-09-08 15:40:05.05,2025-09-08 15:40:05.05
4390,295,31,4,,2025-09-08 15:40:05.05,2025-09-08 15:40:05.05
4391,296,31,5,,2025-09-08 15:40:05.05,2025-09-08 15:40:05.05
4392,297,31,6,,2025-09-08 15:40:05.05,2025-09-08 15:40:05.05
4393,298,31,5,,2025-09-08 15:40:05.05,2025-09-08 15:40:05.05
4394,299,31,4,,2025-09-08 15:40:05.05,2025-09-08 15:40:05.05
4395,300,31,5,,2025-09-08 15:40:05.05,2025-09-08 15:40:05.05
4396,301,31,1,,2025-09-08 15:40:05.05,2025-09-08 15:40:05.05
4397,302,31,7,,2025-09-08 15:40:05.05,2025-09-08 15:40:05.05
4398,303,31,4,,2025-09-08 15:40:05.05,2025-09-08 15:40:05.05
4399,304,31,7,,2025-09-08 15:40:05.05,2025-09-08 15:40:05.05
4400,305,31,5,,2025-09-08 15:40:05.05,2025-09-08 15:40:05.05
4401,306,31,5,,2025-09-08 15:40:05.05,2025-09-08 15:40:05.05
4402,307,31,4,,2025-09-08 15:40:05.05,2025-09-08 15:40:05.05
4403,308,31,4,,2025-09-08 15:40:05.05,2025-09-08 15:40:05.05
4404,309,31,6,,2025-09-08 15:40:05.05,2025-09-08 15:40:05.05
4405,310,31,4,,2025-09-08 15:40:05.05,2025-09-08 15:40:05.05
4406,311,31,5,,2025-09-08 15:40:05.05,2025-09-08 15:40:05.05
4407,312,31,5,,2025-09-08 15:40:05.05,2025-09-08 15:40:05.05
4408,313,31,5,,2025-09-08 15:40:05.05,2025-09-08 15:40:05.05
4409,314,31,4,,2025-09-08 15:40:05.05,2025-09-08 15:40:05.05
4410,315,31,6,,2025-09-08 15:40:05.05,2025-09-08 15:40:05.05
4411,316,31,7,,2025-09-08 15:40:05.05,2025-09-08 15:40:05.05
4412,317,31,5,,2025-09-08 15:40:05.05,2025-09-08 15:40:05.05
4413,318,31,6,,2025-09-08 15:40:05.05,2025-09-08 15:40:05.05
4414,319,31,3,,2025-09-08 15:40:05.05,2025-09-08 15:40:05.05
4415,320,31,6,,2025-09-08 15:40:05.05,2025-09-08 15:40:05.05
4416,321,31,6,,2025-09-08 15:40:05.05,2025-09-08 15:40:05.05
4417,322,31,6,,2025-09-08 15:40:05.05,2025-09-08 15:40:05.05
4418,323,31,5,,2025-09-08 15:40:05.05,2025-09-08 15:40:05.05
4419,324,31,4,,2025-09-08 15:40:05.05,2025-09-08 15:40:05.05
4420,325,31,5,,2025-09-08 15:40:05.05,2025-09-08 15:40:05.05
4421,326,31,4,,2025-09-08 15:40:05.05,2025-09-08 15:40:05.05
4422,327,31,4,,2025-09-08 15:40:05.05,2025-09-08 15:40:05.05
4423,328,31,4,,2025-09-08 15:40:05.05,2025-09-08 15:40:05.05
4424,329,31,6,,2025-09-08 15:40:05.05,2025-09-08 15:40:05.05
4425,330,31,4,,2025-09-08 15:40:05.05,2025-09-08 15:40:05.05
4426,331,31,3,,2025-09-08 15:40:05.05,2025-09-08 15:40:05.05
4427,332,31,5,,2025-09-08 15:40:05.05,2025-09-08 15:40:05.05
4428,333,31,4,,2025-09-08 15:40:05.05,2025-09-08 15:40:05.05
4429,334,31,4,,2025-09-08 15:40:06.06,2025-09-08 15:40:06.06
4430,335,31,4,,2025-09-08 15:40:06.06,2025-09-08 15:40:06.06
4431,336,31,5,,2025-09-08 15:40:06.06,2025-09-08 15:40:06.06
4432,337,31,4,,2025-09-08 15:40:06.06,2025-09-08 15:40:06.06
4433,338,31,6,,2025-09-08 15:40:06.06,2025-09-08 15:40:06.06
4434,339,31,5,,2025-09-08 15:40:06.06,2025-09-08 15:40:06.06
4435,340,31,6,,2025-09-08 15:40:06.06,2025-09-08 15:40:06.06
4436,341,31,6,,2025-09-08 15:40:06.06,2025-09-08 15:40:06.06
4437,342,31,7,,2025-09-08 15:40:06.06,2025-09-08 15:40:06.06
4438,343,31,5,,2025-09-08 15:40:06.06,2025-09-08 15:40:06.06
4439,344,31,4,,2025-09-08 15:40:06.06,2025-09-08 15:40:06.06
4440,345,31,5,,2025-09-08 15:40:06.06,2025-09-08 15:40:06.06
4441,346,31,5,,2025-09-08 15:40:06.06,2025-09-08 15:40:06.06
4442,347,31,4,,2025-09-08 15:40:06.06,2025-09-08 15:40:06.06
4443,348,31,4,,2025-09-08 15:40:06.06,2025-09-08 15:40:06.06
4444,349,31,4,,2025-09-08 15:40:06.06,2025-09-08 15:40:06.06
4445,350,31,5,,2025-09-08 15:40:06.06,2025-09-08 15:40:06.06
4446,351,31,4,,2025-09-08 15:40:06.06,2025-09-08 15:40:06.06
4447,352,31,4,,2025-09-08 15:40:06.06,2025-09-08 15:40:06.06
4448,353,31,5,,2025-09-08 15:40:06.06,2025-09-08 15:40:06.06
4449,354,31,6,,2025-09-08 15:40:06.06,2025-09-08 15:40:06.06
4450,355,31,2,,2025-09-08 15:40:06.06,2025-09-08 15:40:06.06
4451,356,31,3,,2025-09-08 15:40:06.06,2025-09-08 15:40:06.06
4452,357,31,5,,2025-09-08 15:40:06.06,2025-09-08 15:40:06.06
4453,358,31,4,,2025-09-08 15:40:06.06,2025-09-08 15:40:06.06
4454,359,31,5,,2025-09-08 15:40:06.06,2025-09-08 15:40:06.06
4455,360,31,5,,2025-09-08 15:40:06.06,2025-09-08 15:40:06.06
4456,361,31,5,,2025-09-08 15:40:06.06,2025-09-08 15:40:06.06
4457,362,31,4,,2025-09-08 15:40:06.06,2025-09-08 15:40:06.06
4458,363,31,4,,2025-09-08 15:40:06.06,2025-09-08 15:40:06.06
4459,364,31,5,,2025-09-08 15:40:06.06,2025-09-08 15:40:06.06
4460,365,31,5,,2025-09-08 15:40:06.06,2025-09-08 15:40:06.06
4461,366,31,6,,2025-09-08 15:40:06.06,2025-09-08 15:40:06.06
4462,367,31,4,,2025-09-08 15:40:06.06,2025-09-08 15:40:06.06
4463,368,31,4,,2025-09-08 15:40:06.06,2025-09-08 15:40:06.06
4464,369,31,4,,2025-09-08 15:40:06.06,2025-09-08 15:40:06.06
4465,9,30,5,,2025-09-08 15:40:06.06,2025-09-08 15:40:06.06
4466,10,30,4,,2025-09-08 15:40:06.06,2025-09-08 15:40:06.06
4467,11,30,5,,2025-09-08 15:40:06.06,2025-09-08 15:40:06.06
4468,12,30,3,,2025-09-08 15:40:06.06,2025-09-08 15:40:06.06
4469,13,30,5,,2025-09-08 15:40:06.06,2025-09-08 15:40:06.06
4470,14,30,4,,2025-09-08 15:40:06.06,2025-09-08 15:40:06.06
4471,15,30,5,,2025-09-08 15:40:06.06,2025-09-08 15:40:06.06
4472,16,30,4,,2025-09-08 15:40:06.06,2025-09-08 15:40:06.06
4473,17,30,4,,2025-09-08 15:40:06.06,2025-09-08 15:40:06.06
4474,18,30,4,,2025-09-08 15:40:06.06,2025-09-08 15:40:06.06
4475,19,30,4,,2025-09-08 15:40:06.06,2025-09-08 15:40:06.06
4476,20,30,4,,2025-09-08 15:40:06.06,2025-09-08 15:40:06.06
4477,21,30,5,,2025-09-08 15:40:06.06,2025-09-08 15:40:06.06
4478,22,30,5,,2025-09-08 15:40:06.06,2025-09-08 15:40:06.06
4479,23,30,4,,2025-09-08 15:40:06.06,2025-09-08 15:40:06.06
4480,24,30,4,,2025-09-08 15:40:06.06,2025-09-08 15:40:06.06
4481,25,30,4,,2025-09-08 15:40:06.06,2025-09-08 15:40:06.06
4482,26,30,5,,2025-09-08 15:40:06.06,2025-09-08 15:40:06.06
4483,27,30,4,,2025-09-08 15:40:06.06,2025-09-08 15:40:06.06
4484,28,30,5,,2025-09-08 15:40:06.06,2025-09-08 15:40:06.06
4485,29,30,4,,2025-09-08 15:40:06.06,2025-09-08 15:40:06.06
4486,30,30,6,,2025-09-08 15:40:06.06,2025-09-08 15:40:06.06
4487,31,30,4,,2025-09-08 15:40:06.06,2025-09-08 15:40:06.06
4488,32,30,5,,2025-09-08 15:40:06.06,2025-09-08 15:40:06.06
4489,33,30,5,,2025-09-08 15:40:06.06,2025-09-08 15:40:06.06
4490,34,30,4,,2025-09-08 15:40:06.06,2025-09-08 15:40:06.06
4491,35,30,6,,2025-09-08 15:40:06.06,2025-09-08 15:40:06.06
4492,36,30,4,,2025-09-08 15:40:06.06,2025-09-08 15:40:06.06
4493,37,30,6,,2025-09-08 15:40:06.06,2025-09-08 15:40:06.06
4494,38,30,5,,2025-09-08 15:40:06.06,2025-09-08 15:40:06.06
4495,39,30,4,,2025-09-08 15:40:06.06,2025-09-08 15:40:06.06
4496,40,30,6,,2025-09-08 15:40:06.06,2025-09-08 15:40:06.06
4497,41,30,7,,2025-09-08 15:40:06.06,2025-09-08 15:40:06.06
4498,42,30,6,,2025-09-08 15:40:06.06,2025-09-08 15:40:06.06
4499,43,30,3,,2025-09-08 15:40:06.06,2025-09-08 15:40:06.06
4500,44,30,6,,2025-09-08 15:40:06.06,2025-09-08 15:40:06.06
4501,45,30,5,,2025-09-08 15:40:06.06,2025-09-08 15:40:06.06
4502,46,30,5,,2025-09-08 15:40:06.06,2025-09-08 15:40:06.06
4503,47,30,6,,2025-09-08 15:40:06.06,2025-09-08 15:40:06.06
4504,48,30,4,,2025-09-08 15:40:06.06,2025-09-08 15:40:06.06
4505,49,30,6,,2025-09-08 15:40:06.06,2025-09-08 15:40:06.06
4506,50,30,6,,2025-09-08 15:40:06.06,2025-09-08 15:40:06.06
4507,51,30,3,,2025-09-08 15:40:06.06,2025-09-08 15:40:06.06
4508,52,30,6,,2025-09-08 15:40:06.06,2025-09-08 15:40:06.06
4509,53,30,7,,2025-09-08 15:40:06.06,2025-09-08 15:40:06.06
4510,54,30,6,,2025-09-08 15:40:06.06,2025-09-08 15:40:06.06
4511,55,30,5,,2025-09-08 15:40:06.06,2025-09-08 15:40:06.06
4512,56,30,4,,2025-09-08 15:40:06.06,2025-09-08 15:40:06.06
4513,57,30,6,,2025-09-08 15:40:06.06,2025-09-08 15:40:06.06
4514,58,30,4,,2025-09-08 15:40:06.06,2025-09-08 15:40:06.06
4515,59,30,3,,2025-09-08 15:40:06.06,2025-09-08 15:40:06.06
4516,60,30,5,,2025-09-08 15:40:06.06,2025-09-08 15:40:06.06
4517,61,30,6,,2025-09-08 15:40:06.06,2025-09-08 15:40:06.06
4518,62,30,7,,2025-09-08 15:40:06.06,2025-09-08 15:40:06.06
4519,63,30,5,,2025-09-08 15:40:06.06,2025-09-08 15:40:06.06
4520,64,30,4,,2025-09-08 15:40:06.06,2025-09-08 15:40:06.06
4521,65,30,4,,2025-09-08 15:40:06.06,2025-09-08 15:40:06.06
4522,66,30,6,,2025-09-08 15:40:06.06,2025-09-08 15:40:06.06
4523,67,30,6,,2025-09-08 15:40:06.06,2025-09-08 15:40:06.06
4524,68,30,5,,2025-09-08 15:40:06.06,2025-09-08 15:40:06.06
4525,69,30,5,,2025-09-08 15:40:06.06,2025-09-08 15:40:06.06
4526,70,30,4,,2025-09-08 15:40:06.06,2025-09-08 15:40:06.06
4527,71,30,6,,2025-09-08 15:40:06.06,2025-09-08 15:40:06.06
4528,72,30,6,,2025-09-08 15:40:06.06,2025-09-08 15:40:06.06
4529,73,30,7,,2025-09-08 15:40:06.06,2025-09-08 15:40:06.06
4530,74,30,1,,2025-09-08 15:40:06.06,2025-09-08 15:40:06.06
4531,75,30,3,,2025-09-08 15:40:06.06,2025-09-08 15:40:06.06
4532,76,30,5,,2025-09-08 15:40:06.06,2025-09-08 15:40:06.06
4533,77,30,6,,2025-09-08 15:40:06.06,2025-09-08 15:40:06.06
4534,78,30,6,,2025-09-08 15:40:06.06,2025-09-08 15:40:06.06
4535,79,30,4,,2025-09-08 15:40:06.06,2025-09-08 15:40:06.06
4536,80,30,6,,2025-09-08 15:40:06.06,2025-09-08 15:40:06.06
4537,81,30,5,,2025-09-08 15:40:06.06,2025-09-08 15:40:06.06
4538,82,30,6,,2025-09-08 15:40:06.06,2025-09-08 15:40:06.06
4539,83,30,4,,2025-09-08 15:40:06.06,2025-09-08 15:40:06.06
4540,84,30,5,,2025-09-08 15:40:06.06,2025-09-08 15:40:06.06
4541,85,30,6,,2025-09-08 15:40:06.06,2025-09-08 15:40:06.06
4542,86,30,7,,2025-09-08 15:40:06.06,2025-09-08 15:40:06.06
4543,87,30,4,,2025-09-08 15:40:06.06,2025-09-08 15:40:06.06
4544,88,30,5,,2025-09-08 15:40:06.06,2025-09-08 15:40:06.06
4545,89,30,5,,2025-09-08 15:40:06.06,2025-09-08 15:40:06.06
4546,90,30,4,,2025-09-08 15:40:06.06,2025-09-08 15:40:06.06
4547,91,30,5,,2025-09-08 15:40:06.06,2025-09-08 15:40:06.06
4548,92,30,5,,2025-09-08 15:40:06.06,2025-09-08 15:40:06.06
4549,93,30,4,,2025-09-08 15:40:06.06,2025-09-08 15:40:06.06
4550,94,30,6,,2025-09-08 15:40:06.06,2025-09-08 15:40:06.06
4551,95,30,4,,2025-09-08 15:40:06.06,2025-09-08 15:40:06.06
4552,96,30,7,,2025-09-08 15:40:06.06,2025-09-08 15:40:06.06
4553,97,30,4,,2025-09-08 15:40:06.06,2025-09-08 15:40:06.06
4554,98,30,5,,2025-09-08 15:40:06.06,2025-09-08 15:40:06.06
4555,99,30,4,,2025-09-08 15:40:06.06,2025-09-08 15:40:06.06
4556,100,30,4,,2025-09-08 15:40:06.06,2025-09-08 15:40:06.06
4557,101,30,6,,2025-09-08 15:40:06.06,2025-09-08 15:40:06.06
4558,102,30,4,,2025-09-08 15:40:06.06,2025-09-08 15:40:06.06
4559,103,30,5,,2025-09-08 15:40:06.06,2025-09-08 15:40:06.06
4560,104,30,7,,2025-09-08 15:40:06.06,2025-09-08 15:40:06.06
4561,105,30,5,,2025-09-08 15:40:06.06,2025-09-08 15:40:06.06
4562,106,30,6,,2025-09-08 15:40:06.06,2025-09-08 15:40:06.06
4563,107,30,5,,2025-09-08 15:40:06.06,2025-09-08 15:40:06.06
4564,108,30,4,,2025-09-08 15:40:06.06,2025-09-08 15:40:06.06
4565,109,30,5,,2025-09-08 15:40:06.06,2025-09-08 15:40:06.06
4566,110,30,5,,2025-09-08 15:40:06.06,2025-09-08 15:40:06.06
4567,111,30,5,,2025-09-08 15:40:07.07,2025-09-08 15:40:07.07
4568,112,30,5,,2025-09-08 15:40:07.07,2025-09-08 15:40:07.07
4569,113,30,4,,2025-09-08 15:40:07.07,2025-09-08 15:40:07.07
4570,114,30,4,,2025-09-08 15:40:07.07,2025-09-08 15:40:07.07
4571,115,30,1,,2025-09-08 15:40:07.07,2025-09-08 15:40:07.07
4572,116,30,5,,2025-09-08 15:40:07.07,2025-09-08 15:40:07.07
4573,117,30,5,,2025-09-08 15:40:07.07,2025-09-08 15:40:07.07
4574,118,30,6,,2025-09-08 15:40:07.07,2025-09-08 15:40:07.07
4575,119,30,5,,2025-09-08 15:40:07.07,2025-09-08 15:40:07.07
4576,120,30,5,,2025-09-08 15:40:07.07,2025-09-08 15:40:07.07
4577,121,30,4,,2025-09-08 15:40:07.07,2025-09-08 15:40:07.07
4578,122,30,5,,2025-09-08 15:40:07.07,2025-09-08 15:40:07.07
4579,123,30,6,,2025-09-08 15:40:07.07,2025-09-08 15:40:07.07
4580,124,30,6,,2025-09-08 15:40:07.07,2025-09-08 15:40:07.07
4581,125,30,4,,2025-09-08 15:40:07.07,2025-09-08 15:40:07.07
4582,126,30,4,,2025-09-08 15:40:07.07,2025-09-08 15:40:07.07
4583,127,30,4,,2025-09-08 15:40:07.07,2025-09-08 15:40:07.07
4584,128,30,5,,2025-09-08 15:40:07.07,2025-09-08 15:40:07.07
4585,129,30,4,,2025-09-08 15:40:07.07,2025-09-08 15:40:07.07
4586,130,30,5,,2025-09-08 15:40:07.07,2025-09-08 15:40:07.07
4587,131,30,4,,2025-09-08 15:40:07.07,2025-09-08 15:40:07.07
4588,132,30,4,,2025-09-08 15:40:07.07,2025-09-08 15:40:07.07
4589,133,30,4,,2025-09-08 15:40:07.07,2025-09-08 15:40:07.07
4590,134,30,7,,2025-09-08 15:40:07.07,2025-09-08 15:40:07.07
4591,135,30,5,,2025-09-08 15:40:07.07,2025-09-08 15:40:07.07
4592,136,30,5,,2025-09-08 15:40:07.07,2025-09-08 15:40:07.07
4593,137,30,6,,2025-09-08 15:40:07.07,2025-09-08 15:40:07.07
4594,138,30,4,,2025-09-08 15:40:07.07,2025-09-08 15:40:07.07
4595,139,30,4,,2025-09-08 15:40:07.07,2025-09-08 15:40:07.07
4596,140,30,5,,2025-09-08 15:40:07.07,2025-09-08 15:40:07.07
4597,141,30,5,,2025-09-08 15:40:07.07,2025-09-08 15:40:07.07
4598,142,30,6,,2025-09-08 15:40:07.07,2025-09-08 15:40:07.07
4599,143,30,4,,2025-09-08 15:40:07.07,2025-09-08 15:40:07.07
4600,144,30,4,,2025-09-08 15:40:07.07,2025-09-08 15:40:07.07
4601,145,30,5,,2025-09-08 15:40:07.07,2025-09-08 15:40:07.07
4602,146,30,4,,2025-09-08 15:40:07.07,2025-09-08 15:40:07.07
4603,147,30,5,,2025-09-08 15:40:07.07,2025-09-08 15:40:07.07
4604,148,30,6,,2025-09-08 15:40:07.07,2025-09-08 15:40:07.07
4605,149,30,4,,2025-09-08 15:40:07.07,2025-09-08 15:40:07.07
4606,150,30,6,,2025-09-08 15:40:07.07,2025-09-08 15:40:07.07
4607,151,30,6,,2025-09-08 15:40:07.07,2025-09-08 15:40:07.07
4608,152,30,3,,2025-09-08 15:40:07.07,2025-09-08 15:40:07.07
4609,153,30,4,,2025-09-08 15:40:07.07,2025-09-08 15:40:07.07
4610,154,30,5,,2025-09-08 15:40:07.07,2025-09-08 15:40:07.07
4611,155,30,5,,2025-09-08 15:40:07.07,2025-09-08 15:40:07.07
4612,156,30,4,,2025-09-08 15:40:07.07,2025-09-08 15:40:07.07
4613,157,30,6,,2025-09-08 15:40:07.07,2025-09-08 15:40:07.07
4614,158,30,4,,2025-09-08 15:40:07.07,2025-09-08 15:40:07.07
4615,159,30,6,,2025-09-08 15:40:07.07,2025-09-08 15:40:07.07
4616,160,30,6,,2025-09-08 15:40:07.07,2025-09-08 15:40:07.07
4617,161,30,5,,2025-09-08 15:40:07.07,2025-09-08 15:40:07.07
4618,162,30,5,,2025-09-08 15:40:07.07,2025-09-08 15:40:07.07
4619,163,30,2,,2025-09-08 15:40:07.07,2025-09-08 15:40:07.07
4620,164,30,6,,2025-09-08 15:40:07.07,2025-09-08 15:40:07.07
4621,165,30,6,,2025-09-08 15:40:07.07,2025-09-08 15:40:07.07
4622,166,30,3,,2025-09-08 15:40:07.07,2025-09-08 15:40:07.07
4623,167,30,4,,2025-09-08 15:40:07.07,2025-09-08 15:40:07.07
4624,168,30,7,,2025-09-08 15:40:07.07,2025-09-08 15:40:07.07
4625,169,30,5,,2025-09-08 15:40:07.07,2025-09-08 15:40:07.07
4626,170,30,6,,2025-09-08 15:40:07.07,2025-09-08 15:40:07.07
4627,171,30,4,,2025-09-08 15:40:07.07,2025-09-08 15:40:07.07
4628,172,30,3,,2025-09-08 15:40:07.07,2025-09-08 15:40:07.07
4629,173,30,4,,2025-09-08 15:40:07.07,2025-09-08 15:40:07.07
4630,174,30,4,,2025-09-08 15:40:07.07,2025-09-08 15:40:07.07
4631,175,30,3,,2025-09-08 15:40:07.07,2025-09-08 15:40:07.07
4632,176,30,6,,2025-09-08 15:40:07.07,2025-09-08 15:40:07.07
4633,177,30,6,,2025-09-08 15:40:07.07,2025-09-08 15:40:07.07
4634,178,30,5,,2025-09-08 15:40:07.07,2025-09-08 15:40:07.07
4635,179,30,5,,2025-09-08 15:40:07.07,2025-09-08 15:40:07.07
4636,180,30,6,,2025-09-08 15:40:07.07,2025-09-08 15:40:07.07
4637,181,30,7,,2025-09-08 15:40:07.07,2025-09-08 15:40:07.07
4638,182,30,4,,2025-09-08 15:40:07.07,2025-09-08 15:40:07.07
4639,183,30,6,,2025-09-08 15:40:07.07,2025-09-08 15:40:07.07
4640,184,30,5,,2025-09-08 15:40:07.07,2025-09-08 15:40:07.07
4641,185,30,5,,2025-09-08 15:40:07.07,2025-09-08 15:40:07.07
4642,186,30,6,,2025-09-08 15:40:07.07,2025-09-08 15:40:07.07
4643,187,30,5,,2025-09-08 15:40:07.07,2025-09-08 15:40:07.07
4644,188,30,4,,2025-09-08 15:40:07.07,2025-09-08 15:40:07.07
4645,189,30,5,,2025-09-08 15:40:07.07,2025-09-08 15:40:07.07
4646,190,30,3,,2025-09-08 15:40:07.07,2025-09-08 15:40:07.07
4647,191,30,7,,2025-09-08 15:40:07.07,2025-09-08 15:40:07.07
4648,192,30,5,,2025-09-08 15:40:07.07,2025-09-08 15:40:07.07
4649,193,30,4,,2025-09-08 15:40:07.07,2025-09-08 15:40:07.07
4650,194,30,4,,2025-09-08 15:40:07.07,2025-09-08 15:40:07.07
4651,195,30,5,,2025-09-08 15:40:07.07,2025-09-08 15:40:07.07
4652,196,30,4,,2025-09-08 15:40:07.07,2025-09-08 15:40:07.07
4653,197,30,6,,2025-09-08 15:40:07.07,2025-09-08 15:40:07.07
4654,198,30,4,,2025-09-08 15:40:07.07,2025-09-08 15:40:07.07
4655,199,30,4,,2025-09-08 15:40:07.07,2025-09-08 15:40:07.07
4656,200,30,4,,2025-09-08 15:40:07.07,2025-09-08 15:40:07.07
4657,201,30,4,,2025-09-08 15:40:07.07,2025-09-08 15:40:07.07
4658,202,30,4,,2025-09-08 15:40:07.07,2025-09-08 15:40:07.07
4659,203,30,5,,2025-09-08 15:40:07.07,2025-09-08 15:40:07.07
4660,204,30,7,,2025-09-08 15:40:07.07,2025-09-08 15:40:07.07
4661,205,30,3,,2025-09-08 15:40:07.07,2025-09-08 15:40:07.07
4662,206,30,6,,2025-09-08 15:40:07.07,2025-09-08 15:40:07.07
4663,207,30,6,,2025-09-08 15:40:07.07,2025-09-08 15:40:07.07
4664,208,30,6,,2025-09-08 15:40:07.07,2025-09-08 15:40:07.07
4665,209,30,4,,2025-09-08 15:40:07.07,2025-09-08 15:40:07.07
4666,210,30,5,,2025-09-08 15:40:07.07,2025-09-08 15:40:07.07
4667,211,30,7,,2025-09-08 15:40:07.07,2025-09-08 15:40:07.07
4668,212,30,5,,2025-09-08 15:40:07.07,2025-09-08 15:40:07.07
4669,213,30,1,,2025-09-08 15:40:07.07,2025-09-08 15:40:07.07
4670,214,30,5,,2025-09-08 15:40:07.07,2025-09-08 15:40:07.07
4671,215,30,4,,2025-09-08 15:40:07.07,2025-09-08 15:40:07.07
4672,216,30,6,,2025-09-08 15:40:07.07,2025-09-08 15:40:07.07
4673,217,30,4,,2025-09-08 15:40:07.07,2025-09-08 15:40:07.07
4674,218,30,5,,2025-09-08 15:40:07.07,2025-09-08 15:40:07.07
4675,219,30,6,,2025-09-08 15:40:07.07,2025-09-08 15:40:07.07
4676,220,30,4,,2025-09-08 15:40:07.07,2025-09-08 15:40:07.07
4677,221,30,3,,2025-09-08 15:40:07.07,2025-09-08 15:40:07.07
4678,222,30,4,,2025-09-08 15:40:07.07,2025-09-08 15:40:07.07
4679,223,30,5,,2025-09-08 15:40:07.07,2025-09-08 15:40:07.07
4680,224,30,4,,2025-09-08 15:40:07.07,2025-09-08 15:40:07.07
4681,225,30,5,,2025-09-08 15:40:07.07,2025-09-08 15:40:07.07
4682,226,30,6,,2025-09-08 15:40:07.07,2025-09-08 15:40:07.07
4683,227,30,5,,2025-09-08 15:40:07.07,2025-09-08 15:40:07.07
4684,228,30,4,,2025-09-08 15:40:07.07,2025-09-08 15:40:07.07
4685,229,30,6,,2025-09-08 15:40:07.07,2025-09-08 15:40:07.07
4686,230,30,5,,2025-09-08 15:40:07.07,2025-09-08 15:40:07.07
4687,231,30,5,,2025-09-08 15:40:07.07,2025-09-08 15:40:07.07
4688,232,30,6,,2025-09-08 15:40:07.07,2025-09-08 15:40:07.07
4689,233,30,4,,2025-09-08 15:40:07.07,2025-09-08 15:40:07.07
4690,234,30,5,,2025-09-08 15:40:07.07,2025-09-08 15:40:07.07
4691,235,30,6,,2025-09-08 15:40:07.07,2025-09-08 15:40:07.07
4692,236,30,7,,2025-09-08 15:40:07.07,2025-09-08 15:40:07.07
4693,237,30,6,,2025-09-08 15:40:07.07,2025-09-08 15:40:07.07
4694,238,30,6,,2025-09-08 15:40:07.07,2025-09-08 15:40:07.07
4695,239,30,5,,2025-09-08 15:40:07.07,2025-09-08 15:40:07.07
4696,240,30,6,,2025-09-08 15:40:07.07,2025-09-08 15:40:07.07
4697,241,30,6,,2025-09-08 15:40:07.07,2025-09-08 15:40:07.07
4698,242,30,5,,2025-09-08 15:40:07.07,2025-09-08 15:40:07.07
4699,243,30,5,,2025-09-08 15:40:07.07,2025-09-08 15:40:07.07
4700,244,30,7,,2025-09-08 15:40:07.07,2025-09-08 15:40:07.07
4701,245,30,5,,2025-09-08 15:40:07.07,2025-09-08 15:40:07.07
4702,246,30,5,,2025-09-08 15:40:08.08,2025-09-08 15:40:08.08
4703,247,30,7,,2025-09-08 15:40:08.08,2025-09-08 15:40:08.08
4704,248,30,4,,2025-09-08 15:40:08.08,2025-09-08 15:40:08.08
4705,249,30,6,,2025-09-08 15:40:08.08,2025-09-08 15:40:08.08
4706,250,30,6,,2025-09-08 15:40:08.08,2025-09-08 15:40:08.08
4707,251,30,6,,2025-09-08 15:40:08.08,2025-09-08 15:40:08.08
4708,252,30,4,,2025-09-08 15:40:08.08,2025-09-08 15:40:08.08
4709,253,30,5,,2025-09-08 15:40:08.08,2025-09-08 15:40:08.08
4710,254,30,6,,2025-09-08 15:40:08.08,2025-09-08 15:40:08.08
4711,255,30,5,,2025-09-08 15:40:08.08,2025-09-08 15:40:08.08
4712,256,30,5,,2025-09-08 15:40:08.08,2025-09-08 15:40:08.08
4713,257,30,7,,2025-09-08 15:40:08.08,2025-09-08 15:40:08.08
4714,258,30,4,,2025-09-08 15:40:08.08,2025-09-08 15:40:08.08
4715,259,30,4,,2025-09-08 15:40:08.08,2025-09-08 15:40:08.08
4716,260,30,4,,2025-09-08 15:40:08.08,2025-09-08 15:40:08.08
4717,261,30,5,,2025-09-08 15:40:08.08,2025-09-08 15:40:08.08
4718,262,30,6,,2025-09-08 15:40:08.08,2025-09-08 15:40:08.08
4719,263,30,6,,2025-09-08 15:40:08.08,2025-09-08 15:40:08.08
4720,264,30,4,,2025-09-08 15:40:08.08,2025-09-08 15:40:08.08
4721,265,30,2,,2025-09-08 15:40:08.08,2025-09-08 15:40:08.08
4722,266,30,5,,2025-09-08 15:40:08.08,2025-09-08 15:40:08.08
4723,267,30,3,,2025-09-08 15:40:08.08,2025-09-08 15:40:08.08
4724,268,30,5,,2025-09-08 15:40:08.08,2025-09-08 15:40:08.08
4725,269,30,4,,2025-09-08 15:40:08.08,2025-09-08 15:40:08.08
4726,270,30,4,,2025-09-08 15:40:08.08,2025-09-08 15:40:08.08
4727,271,30,3,,2025-09-08 15:40:08.08,2025-09-08 15:40:08.08
4728,272,30,4,,2025-09-08 15:40:08.08,2025-09-08 15:40:08.08
4729,273,30,4,,2025-09-08 15:40:08.08,2025-09-08 15:40:08.08
4730,274,30,4,,2025-09-08 15:40:08.08,2025-09-08 15:40:08.08
4731,275,30,4,,2025-09-08 15:40:08.08,2025-09-08 15:40:08.08
4732,276,30,6,,2025-09-08 15:40:08.08,2025-09-08 15:40:08.08
4733,277,30,4,,2025-09-08 15:40:08.08,2025-09-08 15:40:08.08
4734,278,30,4,,2025-09-08 15:40:08.08,2025-09-08 15:40:08.08
4735,279,30,1,,2025-09-08 15:40:08.08,2025-09-08 15:40:08.08
4736,280,30,5,,2025-09-08 15:40:08.08,2025-09-08 15:40:08.08
4737,281,30,6,,2025-09-08 15:40:08.08,2025-09-08 15:40:08.08
4738,282,30,5,,2025-09-08 15:40:08.08,2025-09-08 15:40:08.08
4739,283,30,7,,2025-09-08 15:40:08.08,2025-09-08 15:40:08.08
4740,284,30,5,,2025-09-08 15:40:08.08,2025-09-08 15:40:08.08
4741,285,30,4,,2025-09-08 15:40:08.08,2025-09-08 15:40:08.08
4742,286,30,7,,2025-09-08 15:40:08.08,2025-09-08 15:40:08.08
4743,287,30,5,,2025-09-08 15:40:08.08,2025-09-08 15:40:08.08
4744,288,30,6,,2025-09-08 15:40:08.08,2025-09-08 15:40:08.08
4745,289,30,4,,2025-09-08 15:40:08.08,2025-09-08 15:40:08.08
4746,290,30,4,,2025-09-08 15:40:08.08,2025-09-08 15:40:08.08
4747,291,30,5,,2025-09-08 15:40:08.08,2025-09-08 15:40:08.08
4748,292,30,4,,2025-09-08 15:40:08.08,2025-09-08 15:40:08.08
4749,293,30,6,,2025-09-08 15:40:08.08,2025-09-08 15:40:08.08
4750,294,30,5,,2025-09-08 15:40:08.08,2025-09-08 15:40:08.08
4751,295,30,5,,2025-09-08 15:40:08.08,2025-09-08 15:40:08.08
4752,296,30,5,,2025-09-08 15:40:08.08,2025-09-08 15:40:08.08
4753,297,30,6,,2025-09-08 15:40:08.08,2025-09-08 15:40:08.08
4754,298,30,5,,2025-09-08 15:40:08.08,2025-09-08 15:40:08.08
4755,299,30,5,,2025-09-08 15:40:08.08,2025-09-08 15:40:08.08
4756,300,30,4,,2025-09-08 15:40:08.08,2025-09-08 15:40:08.08
4757,301,30,3,,2025-09-08 15:40:08.08,2025-09-08 15:40:08.08
4758,302,30,7,,2025-09-08 15:40:08.08,2025-09-08 15:40:08.08
4759,303,30,4,,2025-09-08 15:40:08.08,2025-09-08 15:40:08.08
4760,304,30,7,,2025-09-08 15:40:08.08,2025-09-08 15:40:08.08
4761,305,30,5,,2025-09-08 15:40:08.08,2025-09-08 15:40:08.08
4762,306,30,5,,2025-09-08 15:40:08.08,2025-09-08 15:40:08.08
4763,307,30,4,,2025-09-08 15:40:08.08,2025-09-08 15:40:08.08
4764,308,30,5,,2025-09-08 15:40:08.08,2025-09-08 15:40:08.08
4765,309,30,6,,2025-09-08 15:40:08.08,2025-09-08 15:40:08.08
4766,310,30,4,,2025-09-08 15:40:08.08,2025-09-08 15:40:08.08
4767,311,30,6,,2025-09-08 15:40:08.08,2025-09-08 15:40:08.08
4768,312,30,4,,2025-09-08 15:40:08.08,2025-09-08 15:40:08.08
4769,313,30,5,,2025-09-08 15:40:08.08,2025-09-08 15:40:08.08
4770,314,30,4,,2025-09-08 15:40:08.08,2025-09-08 15:40:08.08
4771,315,30,6,,2025-09-08 15:40:08.08,2025-09-08 15:40:08.08
4772,316,30,7,,2025-09-08 15:40:08.08,2025-09-08 15:40:08.08
4773,317,30,5,,2025-09-08 15:40:08.08,2025-09-08 15:40:08.08
4774,318,30,6,,2025-09-08 15:40:08.08,2025-09-08 15:40:08.08
4775,319,30,3,,2025-09-08 15:40:08.08,2025-09-08 15:40:08.08
4776,320,30,6,,2025-09-08 15:40:08.08,2025-09-08 15:40:08.08
4777,321,30,6,,2025-09-08 15:40:08.08,2025-09-08 15:40:08.08
4778,322,30,6,,2025-09-08 15:40:08.08,2025-09-08 15:40:08.08
4779,323,30,5,,2025-09-08 15:40:08.08,2025-09-08 15:40:08.08
4780,324,30,4,,2025-09-08 15:40:08.08,2025-09-08 15:40:08.08
4781,325,30,5,,2025-09-08 15:40:08.08,2025-09-08 15:40:08.08
4782,326,30,4,,2025-09-08 15:40:08.08,2025-09-08 15:40:08.08
4783,327,30,4,,2025-09-08 15:40:08.08,2025-09-08 15:40:08.08
4784,328,30,4,,2025-09-08 15:40:08.08,2025-09-08 15:40:08.08
4785,329,30,6,,2025-09-08 15:40:08.08,2025-09-08 15:40:08.08
4786,330,30,4,,2025-09-08 15:40:08.08,2025-09-08 15:40:08.08
4787,331,30,4,,2025-09-08 15:40:08.08,2025-09-08 15:40:08.08
4788,332,30,5,,2025-09-08 15:40:08.08,2025-09-08 15:40:08.08
4789,333,30,4,,2025-09-08 15:40:08.08,2025-09-08 15:40:08.08
4790,334,30,5,,2025-09-08 15:40:08.08,2025-09-08 15:40:08.08
4791,335,30,4,,2025-09-08 15:40:08.08,2025-09-08 15:40:08.08
4792,336,30,5,,2025-09-08 15:40:08.08,2025-09-08 15:40:08.08
4793,337,30,5,,2025-09-08 15:40:08.08,2025-09-08 15:40:08.08
4794,338,30,6,,2025-09-08 15:40:08.08,2025-09-08 15:40:08.08
4795,339,30,6,,2025-09-08 15:40:08.08,2025-09-08 15:40:08.08
4796,340,30,6,,2025-09-08 15:40:08.08,2025-09-08 15:40:08.08
4797,341,30,6,,2025-09-08 15:40:08.08,2025-09-08 15:40:08.08
4798,342,30,7,,2025-09-08 15:40:08.08,2025-09-08 15:40:08.08
4799,343,30,5,,2025-09-08 15:40:08.08,2025-09-08 15:40:08.08
4800,344,30,4,,2025-09-08 15:40:08.08,2025-09-08 15:40:08.08
4801,345,30,5,,2025-09-08 15:40:08.08,2025-09-08 15:40:08.08
4802,346,30,6,,2025-09-08 15:40:08.08,2025-09-08 15:40:08.08
4803,347,30,4,,2025-09-08 15:40:08.08,2025-09-08 15:40:08.08
4804,348,30,4,,2025-09-08 15:40:08.08,2025-09-08 15:40:08.08
4805,349,30,4,,2025-09-08 15:40:08.08,2025-09-08 15:40:08.08
4806,350,30,5,,2025-09-08 15:40:08.08,2025-09-08 15:40:08.08
4807,351,30,4,,2025-09-08 15:40:08.08,2025-09-08 15:40:08.08
4808,352,30,4,,2025-09-08 15:40:08.08,2025-09-08 15:40:08.08
4809,353,30,5,,2025-09-08 15:40:08.08,2025-09-08 15:40:08.08
4810,354,30,6,,2025-09-08 15:40:08.08,2025-09-08 15:40:08.08
4811,355,30,2,,2025-09-08 15:40:08.08,2025-09-08 15:40:08.08
4812,356,30,3,,2025-09-08 15:40:08.08,2025-09-08 15:40:08.08
4813,357,30,6,,2025-09-08 15:40:08.08,2025-09-08 15:40:08.08
4814,358,30,4,,2025-09-08 15:40:08.08,2025-09-08 15:40:08.08
4815,359,30,6,,2025-09-08 15:40:08.08,2025-09-08 15:40:08.08
4816,360,30,5,,2025-09-08 15:40:08.08,2025-09-08 15:40:08.08
4817,361,30,5,,2025-09-08 15:40:08.08,2025-09-08 15:40:08.08
4818,362,30,4,,2025-09-08 15:40:08.08,2025-09-08 15:40:08.08
4819,363,30,4,,2025-09-08 15:40:08.08,2025-09-08 15:40:08.08
4820,364,30,5,,2025-09-08 15:40:08.08,2025-09-08 15:40:08.08
4821,365,30,5,,2025-09-08 15:40:08.08,2025-09-08 15:40:08.08
4822,366,30,6,,2025-09-08 15:40:08.08,2025-09-08 15:40:08.08
4823,367,30,4,,2025-09-08 15:40:08.08,2025-09-08 15:40:08.08
4824,368,30,4,,2025-09-08 15:40:08.08,2025-09-08 15:40:08.08
4825,369,30,4,,2025-09-08 15:40:08.08,2025-09-08 15:40:08.08
4826,9,29,6,,2025-09-08 15:40:08.08,2025-09-08 15:40:08.08
4827,10,29,5,,2025-09-08 15:40:08.08,2025-09-08 15:40:08.08
4828,11,29,5,,2025-09-08 15:40:08.08,2025-09-08 15:40:08.08
4829,12,29,3,,2025-09-08 15:40:08.08,2025-09-08 15:40:08.08
4830,13,29,6,,2025-09-08 15:40:08.08,2025-09-08 15:40:08.08
4831,14,29,4,,2025-09-08 15:40:08.08,2025-09-08 15:40:08.08
4832,15,29,5,,2025-09-08 15:40:08.08,2025-09-08 15:40:08.08
4833,16,29,5,,2025-09-08 15:40:08.08,2025-09-08 15:40:08.08
4834,17,29,4,,2025-09-08 15:40:08.08,2025-09-08 15:40:08.08
4835,18,29,7,,2025-09-08 15:40:08.08,2025-09-08 15:40:08.08
4836,19,29,4,,2025-09-08 15:40:08.08,2025-09-08 15:40:08.08
4837,20,29,4,,2025-09-08 15:40:08.08,2025-09-08 15:40:08.08
4838,21,29,5,,2025-09-08 15:40:08.08,2025-09-08 15:40:08.08
4839,22,29,5,,2025-09-08 15:40:08.08,2025-09-08 15:40:08.08
4840,23,29,5,,2025-09-08 15:40:08.08,2025-09-08 15:40:08.08
4841,24,29,7,,2025-09-08 15:40:08.08,2025-09-08 15:40:08.08
4842,25,29,4,,2025-09-08 15:40:08.08,2025-09-08 15:40:08.08
4843,26,29,5,,2025-09-08 15:40:08.08,2025-09-08 15:40:08.08
4844,27,29,3,,2025-09-08 15:40:08.08,2025-09-08 15:40:08.08
4845,28,29,5,,2025-09-08 15:40:09.09,2025-09-08 15:40:09.09
4846,29,29,4,,2025-09-08 15:40:09.09,2025-09-08 15:40:09.09
4847,30,29,6,,2025-09-08 15:40:09.09,2025-09-08 15:40:09.09
4848,31,29,4,,2025-09-08 15:40:09.09,2025-09-08 15:40:09.09
4849,32,29,5,,2025-09-08 15:40:09.09,2025-09-08 15:40:09.09
4850,33,29,4,,2025-09-08 15:40:09.09,2025-09-08 15:40:09.09
4851,34,29,4,,2025-09-08 15:40:09.09,2025-09-08 15:40:09.09
4852,35,29,6,,2025-09-08 15:40:09.09,2025-09-08 15:40:09.09
4853,36,29,4,,2025-09-08 15:40:09.09,2025-09-08 15:40:09.09
4854,37,29,6,,2025-09-08 15:40:09.09,2025-09-08 15:40:09.09
4855,38,29,5,,2025-09-08 15:40:09.09,2025-09-08 15:40:09.09
4856,39,29,4,,2025-09-08 15:40:09.09,2025-09-08 15:40:09.09
4857,40,29,6,,2025-09-08 15:40:09.09,2025-09-08 15:40:09.09
4858,41,29,6,,2025-09-08 15:40:09.09,2025-09-08 15:40:09.09
4859,42,29,6,,2025-09-08 15:40:09.09,2025-09-08 15:40:09.09
4860,43,29,5,,2025-09-08 15:40:09.09,2025-09-08 15:40:09.09
4861,44,29,6,,2025-09-08 15:40:09.09,2025-09-08 15:40:09.09
4862,45,29,5,,2025-09-08 15:40:09.09,2025-09-08 15:40:09.09
4863,46,29,5,,2025-09-08 15:40:09.09,2025-09-08 15:40:09.09
4864,47,29,6,,2025-09-08 15:40:09.09,2025-09-08 15:40:09.09
4865,48,29,4,,2025-09-08 15:40:09.09,2025-09-08 15:40:09.09
4866,49,29,6,,2025-09-08 15:40:09.09,2025-09-08 15:40:09.09
4867,50,29,6,,2025-09-08 15:40:09.09,2025-09-08 15:40:09.09
4868,51,29,4,,2025-09-08 15:40:09.09,2025-09-08 15:40:09.09
4869,52,29,6,,2025-09-08 15:40:09.09,2025-09-08 15:40:09.09
4870,53,29,5,,2025-09-08 15:40:09.09,2025-09-08 15:40:09.09
4871,54,29,6,,2025-09-08 15:40:09.09,2025-09-08 15:40:09.09
4872,55,29,5,,2025-09-08 15:40:09.09,2025-09-08 15:40:09.09
4873,56,29,4,,2025-09-08 15:40:09.09,2025-09-08 15:40:09.09
4874,57,29,6,,2025-09-08 15:40:09.09,2025-09-08 15:40:09.09
4875,58,29,2,,2025-09-08 15:40:09.09,2025-09-08 15:40:09.09
4876,59,29,1,,2025-09-08 15:40:09.09,2025-09-08 15:40:09.09
4877,60,29,5,,2025-09-08 15:40:09.09,2025-09-08 15:40:09.09
4878,61,29,6,,2025-09-08 15:40:09.09,2025-09-08 15:40:09.09
4879,62,29,7,,2025-09-08 15:40:09.09,2025-09-08 15:40:09.09
4880,63,29,5,,2025-09-08 15:40:09.09,2025-09-08 15:40:09.09
4881,64,29,4,,2025-09-08 15:40:09.09,2025-09-08 15:40:09.09
4882,65,29,5,,2025-09-08 15:40:09.09,2025-09-08 15:40:09.09
4883,66,29,6,,2025-09-08 15:40:09.09,2025-09-08 15:40:09.09
4884,67,29,6,,2025-09-08 15:40:09.09,2025-09-08 15:40:09.09
4885,68,29,4,,2025-09-08 15:40:09.09,2025-09-08 15:40:09.09
4886,69,29,5,,2025-09-08 15:40:09.09,2025-09-08 15:40:09.09
4887,70,29,1,,2025-09-08 15:40:09.09,2025-09-08 15:40:09.09
4888,71,29,6,,2025-09-08 15:40:09.09,2025-09-08 15:40:09.09
4889,72,29,6,,2025-09-08 15:40:09.09,2025-09-08 15:40:09.09
4890,73,29,7,,2025-09-08 15:40:09.09,2025-09-08 15:40:09.09
4891,74,29,1,,2025-09-08 15:40:09.09,2025-09-08 15:40:09.09
4892,75,29,4,,2025-09-08 15:40:09.09,2025-09-08 15:40:09.09
4893,76,29,6,,2025-09-08 15:40:09.09,2025-09-08 15:40:09.09
4894,77,29,6,,2025-09-08 15:40:09.09,2025-09-08 15:40:09.09
4895,78,29,6,,2025-09-08 15:40:09.09,2025-09-08 15:40:09.09
4896,79,29,4,,2025-09-08 15:40:09.09,2025-09-08 15:40:09.09
4897,80,29,6,,2025-09-08 15:40:09.09,2025-09-08 15:40:09.09
4898,81,29,5,,2025-09-08 15:40:09.09,2025-09-08 15:40:09.09
4899,82,29,6,,2025-09-08 15:40:09.09,2025-09-08 15:40:09.09
4900,83,29,4,,2025-09-08 15:40:09.09,2025-09-08 15:40:09.09
4901,84,29,5,,2025-09-08 15:40:09.09,2025-09-08 15:40:09.09
4902,85,29,6,,2025-09-08 15:40:09.09,2025-09-08 15:40:09.09
4903,86,29,7,,2025-09-08 15:40:09.09,2025-09-08 15:40:09.09
4904,87,29,4,,2025-09-08 15:40:09.09,2025-09-08 15:40:09.09
4905,88,29,5,,2025-09-08 15:40:09.09,2025-09-08 15:40:09.09
4906,89,29,5,,2025-09-08 15:40:09.09,2025-09-08 15:40:09.09
4907,90,29,4,,2025-09-08 15:40:09.09,2025-09-08 15:40:09.09
4908,91,29,5,,2025-09-08 15:40:09.09,2025-09-08 15:40:09.09
4909,92,29,5,,2025-09-08 15:40:09.09,2025-09-08 15:40:09.09
4910,93,29,4,,2025-09-08 15:40:09.09,2025-09-08 15:40:09.09
4911,94,29,6,,2025-09-08 15:40:09.09,2025-09-08 15:40:09.09
4912,95,29,5,,2025-09-08 15:40:09.09,2025-09-08 15:40:09.09
4913,96,29,7,,2025-09-08 15:40:09.09,2025-09-08 15:40:09.09
4914,97,29,4,,2025-09-08 15:40:09.09,2025-09-08 15:40:09.09
4915,98,29,5,,2025-09-08 15:40:09.09,2025-09-08 15:40:09.09
4916,99,29,4,,2025-09-08 15:40:09.09,2025-09-08 15:40:09.09
4917,100,29,4,,2025-09-08 15:40:09.09,2025-09-08 15:40:09.09
4918,101,29,6,,2025-09-08 15:40:09.09,2025-09-08 15:40:09.09
4919,102,29,4,,2025-09-08 15:40:09.09,2025-09-08 15:40:09.09
4920,103,29,5,,2025-09-08 15:40:09.09,2025-09-08 15:40:09.09
4921,104,29,7,,2025-09-08 15:40:09.09,2025-09-08 15:40:09.09
4922,105,29,5,,2025-09-08 15:40:09.09,2025-09-08 15:40:09.09
4923,106,29,7,,2025-09-08 15:40:09.09,2025-09-08 15:40:09.09
4924,107,29,4,,2025-09-08 15:40:09.09,2025-09-08 15:40:09.09
4925,108,29,5,,2025-09-08 15:40:09.09,2025-09-08 15:40:09.09
4926,109,29,5,,2025-09-08 15:40:09.09,2025-09-08 15:40:09.09
4927,110,29,5,,2025-09-08 15:40:09.09,2025-09-08 15:40:09.09
4928,111,29,5,,2025-09-08 15:40:09.09,2025-09-08 15:40:09.09
4929,112,29,5,,2025-09-08 15:40:09.09,2025-09-08 15:40:09.09
4930,113,29,4,,2025-09-08 15:40:09.09,2025-09-08 15:40:09.09
4931,114,29,6,,2025-09-08 15:40:09.09,2025-09-08 15:40:09.09
4932,115,29,1,,2025-09-08 15:40:09.09,2025-09-08 15:40:09.09
4933,116,29,6,,2025-09-08 15:40:09.09,2025-09-08 15:40:09.09
4934,117,29,5,,2025-09-08 15:40:09.09,2025-09-08 15:40:09.09
4935,118,29,6,,2025-09-08 15:40:09.09,2025-09-08 15:40:09.09
4936,119,29,5,,2025-09-08 15:40:09.09,2025-09-08 15:40:09.09
4937,120,29,5,,2025-09-08 15:40:09.09,2025-09-08 15:40:09.09
4938,121,29,4,,2025-09-08 15:40:09.09,2025-09-08 15:40:09.09
4939,122,29,5,,2025-09-08 15:40:09.09,2025-09-08 15:40:09.09
4940,123,29,6,,2025-09-08 15:40:09.09,2025-09-08 15:40:09.09
4941,124,29,6,,2025-09-08 15:40:09.09,2025-09-08 15:40:09.09
4942,125,29,3,,2025-09-08 15:40:09.09,2025-09-08 15:40:09.09
4943,126,29,4,,2025-09-08 15:40:09.09,2025-09-08 15:40:09.09
4944,127,29,5,,2025-09-08 15:40:09.09,2025-09-08 15:40:09.09
4945,128,29,5,,2025-09-08 15:40:09.09,2025-09-08 15:40:09.09
4946,129,29,4,,2025-09-08 15:40:09.09,2025-09-08 15:40:09.09
4947,130,29,6,,2025-09-08 15:40:09.09,2025-09-08 15:40:09.09
4948,131,29,6,,2025-09-08 15:40:09.09,2025-09-08 15:40:09.09
4949,132,29,4,,2025-09-08 15:40:09.09,2025-09-08 15:40:09.09
4950,133,29,4,,2025-09-08 15:40:09.09,2025-09-08 15:40:09.09
4951,134,29,7,,2025-09-08 15:40:09.09,2025-09-08 15:40:09.09
4952,135,29,5,,2025-09-08 15:40:09.09,2025-09-08 15:40:09.09
4953,136,29,5,,2025-09-08 15:40:09.09,2025-09-08 15:40:09.09
4954,137,29,6,,2025-09-08 15:40:09.09,2025-09-08 15:40:09.09
4955,138,29,4,,2025-09-08 15:40:09.09,2025-09-08 15:40:09.09
4956,139,29,4,,2025-09-08 15:40:09.09,2025-09-08 15:40:09.09
4957,140,29,5,,2025-09-08 15:40:09.09,2025-09-08 15:40:09.09
4958,141,29,6,,2025-09-08 15:40:09.09,2025-09-08 15:40:09.09
4959,142,29,6,,2025-09-08 15:40:09.09,2025-09-08 15:40:09.09
4960,143,29,4,,2025-09-08 15:40:09.09,2025-09-08 15:40:09.09
4961,144,29,4,,2025-09-08 15:40:09.09,2025-09-08 15:40:09.09
4962,145,29,5,,2025-09-08 15:40:09.09,2025-09-08 15:40:09.09
4963,146,29,4,,2025-09-08 15:40:09.09,2025-09-08 15:40:09.09
4964,147,29,6,,2025-09-08 15:40:09.09,2025-09-08 15:40:09.09
4965,148,29,6,,2025-09-08 15:40:09.09,2025-09-08 15:40:09.09
4966,149,29,4,,2025-09-08 15:40:09.09,2025-09-08 15:40:09.09
4967,150,29,7,,2025-09-08 15:40:09.09,2025-09-08 15:40:09.09
4968,151,29,6,,2025-09-08 15:40:09.09,2025-09-08 15:40:09.09
4969,152,29,4,,2025-09-08 15:40:09.09,2025-09-08 15:40:09.09
4970,153,29,4,,2025-09-08 15:40:09.09,2025-09-08 15:40:09.09
4971,154,29,5,,2025-09-08 15:40:09.09,2025-09-08 15:40:09.09
4972,155,29,6,,2025-09-08 15:40:09.09,2025-09-08 15:40:09.09
4973,156,29,4,,2025-09-08 15:40:09.09,2025-09-08 15:40:09.09
4974,157,29,6,,2025-09-08 15:40:09.09,2025-09-08 15:40:09.09
4975,158,29,2,,2025-09-08 15:40:09.09,2025-09-08 15:40:09.09
4976,159,29,7,,2025-09-08 15:40:09.09,2025-09-08 15:40:09.09
4977,160,29,6,,2025-09-08 15:40:09.09,2025-09-08 15:40:09.09
4978,161,29,4,,2025-09-08 15:40:09.09,2025-09-08 15:40:09.09
4979,162,29,6,,2025-09-08 15:40:09.09,2025-09-08 15:40:09.09
4980,163,29,4,,2025-09-08 15:40:09.09,2025-09-08 15:40:09.09
4981,164,29,6,,2025-09-08 15:40:09.09,2025-09-08 15:40:09.09
4982,165,29,6,,2025-09-08 15:40:09.09,2025-09-08 15:40:09.09
4983,166,29,4,,2025-09-08 15:40:09.09,2025-09-08 15:40:09.09
4984,167,29,5,,2025-09-08 15:40:09.09,2025-09-08 15:40:09.09
4985,168,29,7,,2025-09-08 15:40:09.09,2025-09-08 15:40:09.09
4986,169,29,5,,2025-09-08 15:40:09.09,2025-09-08 15:40:09.09
4987,170,29,6,,2025-09-08 15:40:09.09,2025-09-08 15:40:09.09
4988,171,29,4,,2025-09-08 15:40:09.09,2025-09-08 15:40:09.09
4989,172,29,3,,2025-09-08 15:40:10.1,2025-09-08 15:40:10.1
4990,173,29,4,,2025-09-08 15:40:10.1,2025-09-08 15:40:10.1
4991,174,29,4,,2025-09-08 15:40:10.1,2025-09-08 15:40:10.1
4992,175,29,5,,2025-09-08 15:40:10.1,2025-09-08 15:40:10.1
4993,176,29,6,,2025-09-08 15:40:10.1,2025-09-08 15:40:10.1
4994,177,29,6,,2025-09-08 15:40:10.1,2025-09-08 15:40:10.1
4995,178,29,5,,2025-09-08 15:40:10.1,2025-09-08 15:40:10.1
4996,179,29,5,,2025-09-08 15:40:10.1,2025-09-08 15:40:10.1
4997,180,29,6,,2025-09-08 15:40:10.1,2025-09-08 15:40:10.1
4998,181,29,7,,2025-09-08 15:40:10.1,2025-09-08 15:40:10.1
4999,182,29,4,,2025-09-08 15:40:10.1,2025-09-08 15:40:10.1
5000,183,29,6,,2025-09-08 15:40:10.1,2025-09-08 15:40:10.1
5001,184,29,6,,2025-09-08 15:40:10.1,2025-09-08 15:40:10.1
5002,185,29,6,,2025-09-08 15:40:10.1,2025-09-08 15:40:10.1
5003,186,29,6,,2025-09-08 15:40:10.1,2025-09-08 15:40:10.1
5004,187,29,6,,2025-09-08 15:40:10.1,2025-09-08 15:40:10.1
5005,188,29,5,,2025-09-08 15:40:10.1,2025-09-08 15:40:10.1
5006,189,29,4,,2025-09-08 15:40:10.1,2025-09-08 15:40:10.1
5007,190,29,3,,2025-09-08 15:40:10.1,2025-09-08 15:40:10.1
5008,191,29,7,,2025-09-08 15:40:10.1,2025-09-08 15:40:10.1
5009,192,29,5,,2025-09-08 15:40:10.1,2025-09-08 15:40:10.1
5010,193,29,4,,2025-09-08 15:40:10.1,2025-09-08 15:40:10.1
5011,194,29,4,,2025-09-08 15:40:10.1,2025-09-08 15:40:10.1
5012,195,29,6,,2025-09-08 15:40:10.1,2025-09-08 15:40:10.1
5013,196,29,5,,2025-09-08 15:40:10.1,2025-09-08 15:40:10.1
5014,197,29,6,,2025-09-08 15:40:10.1,2025-09-08 15:40:10.1
5015,198,29,5,,2025-09-08 15:40:10.1,2025-09-08 15:40:10.1
5016,199,29,4,,2025-09-08 15:40:10.1,2025-09-08 15:40:10.1
5017,200,29,5,,2025-09-08 15:40:10.1,2025-09-08 15:40:10.1
5018,201,29,4,,2025-09-08 15:40:10.1,2025-09-08 15:40:10.1
5019,202,29,7,,2025-09-08 15:40:10.1,2025-09-08 15:40:10.1
5020,203,29,5,,2025-09-08 15:40:10.1,2025-09-08 15:40:10.1
5021,204,29,7,,2025-09-08 15:40:10.1,2025-09-08 15:40:10.1
5022,205,29,2,,2025-09-08 15:40:10.1,2025-09-08 15:40:10.1
5023,206,29,6,,2025-09-08 15:40:10.1,2025-09-08 15:40:10.1
5024,207,29,6,,2025-09-08 15:40:10.1,2025-09-08 15:40:10.1
5025,208,29,6,,2025-09-08 15:40:10.1,2025-09-08 15:40:10.1
5026,209,29,5,,2025-09-08 15:40:10.1,2025-09-08 15:40:10.1
5027,210,29,5,,2025-09-08 15:40:10.1,2025-09-08 15:40:10.1
5028,211,29,7,,2025-09-08 15:40:10.1,2025-09-08 15:40:10.1
5029,212,29,5,,2025-09-08 15:40:10.1,2025-09-08 15:40:10.1
5030,213,29,1,,2025-09-08 15:40:10.1,2025-09-08 15:40:10.1
5031,214,29,5,,2025-09-08 15:40:10.1,2025-09-08 15:40:10.1
5032,215,29,4,,2025-09-08 15:40:10.1,2025-09-08 15:40:10.1
5033,216,29,6,,2025-09-08 15:40:10.1,2025-09-08 15:40:10.1
5034,217,29,5,,2025-09-08 15:40:10.1,2025-09-08 15:40:10.1
5035,218,29,5,,2025-09-08 15:40:10.1,2025-09-08 15:40:10.1
5036,219,29,6,,2025-09-08 15:40:10.1,2025-09-08 15:40:10.1
5037,220,29,4,,2025-09-08 15:40:10.1,2025-09-08 15:40:10.1
5038,221,29,4,,2025-09-08 15:40:10.1,2025-09-08 15:40:10.1
5039,222,29,4,,2025-09-08 15:40:10.1,2025-09-08 15:40:10.1
5040,223,29,5,,2025-09-08 15:40:10.1,2025-09-08 15:40:10.1
5041,224,29,4,,2025-09-08 15:40:10.1,2025-09-08 15:40:10.1
5042,225,29,5,,2025-09-08 15:40:10.1,2025-09-08 15:40:10.1
5043,226,29,5,,2025-09-08 15:40:10.1,2025-09-08 15:40:10.1
5044,227,29,5,,2025-09-08 15:40:10.1,2025-09-08 15:40:10.1
5045,228,29,5,,2025-09-08 15:40:10.1,2025-09-08 15:40:10.1
5046,229,29,6,,2025-09-08 15:40:10.1,2025-09-08 15:40:10.1
5047,230,29,5,,2025-09-08 15:40:10.1,2025-09-08 15:40:10.1
5048,231,29,5,,2025-09-08 15:40:10.1,2025-09-08 15:40:10.1
5049,232,29,6,,2025-09-08 15:40:10.1,2025-09-08 15:40:10.1
5050,233,29,6,,2025-09-08 15:40:10.1,2025-09-08 15:40:10.1
5051,234,29,4,,2025-09-08 15:40:10.1,2025-09-08 15:40:10.1
5052,235,29,6,,2025-09-08 15:40:10.1,2025-09-08 15:40:10.1
5053,236,29,7,,2025-09-08 15:40:10.1,2025-09-08 15:40:10.1
5054,237,29,6,,2025-09-08 15:40:10.1,2025-09-08 15:40:10.1
5055,238,29,5,,2025-09-08 15:40:10.1,2025-09-08 15:40:10.1
5056,239,29,5,,2025-09-08 15:40:10.1,2025-09-08 15:40:10.1
5057,240,29,6,,2025-09-08 15:40:10.1,2025-09-08 15:40:10.1
5058,241,29,5,,2025-09-08 15:40:10.1,2025-09-08 15:40:10.1
5059,242,29,5,,2025-09-08 15:40:10.1,2025-09-08 15:40:10.1
5060,243,29,5,,2025-09-08 15:40:10.1,2025-09-08 15:40:10.1
5061,244,29,7,,2025-09-08 15:40:10.1,2025-09-08 15:40:10.1
5062,245,29,5,,2025-09-08 15:40:10.1,2025-09-08 15:40:10.1
5063,246,29,5,,2025-09-08 15:40:10.1,2025-09-08 15:40:10.1
5064,247,29,7,,2025-09-08 15:40:10.1,2025-09-08 15:40:10.1
5065,248,29,4,,2025-09-08 15:40:10.1,2025-09-08 15:40:10.1
5066,249,29,6,,2025-09-08 15:40:10.1,2025-09-08 15:40:10.1
5067,250,29,7,,2025-09-08 15:40:10.1,2025-09-08 15:40:10.1
5068,251,29,6,,2025-09-08 15:40:10.1,2025-09-08 15:40:10.1
5069,252,29,4,,2025-09-08 15:40:10.1,2025-09-08 15:40:10.1
5070,253,29,5,,2025-09-08 15:40:10.1,2025-09-08 15:40:10.1
5071,254,29,7,,2025-09-08 15:40:10.1,2025-09-08 15:40:10.1
5072,255,29,5,,2025-09-08 15:40:10.1,2025-09-08 15:40:10.1
5073,256,29,5,,2025-09-08 15:40:10.1,2025-09-08 15:40:10.1
5074,257,29,7,,2025-09-08 15:40:10.1,2025-09-08 15:40:10.1
5075,258,29,4,,2025-09-08 15:40:10.1,2025-09-08 15:40:10.1
5076,259,29,4,,2025-09-08 15:40:10.1,2025-09-08 15:40:10.1
5077,260,29,5,,2025-09-08 15:40:10.1,2025-09-08 15:40:10.1
5078,261,29,4,,2025-09-08 15:40:10.1,2025-09-08 15:40:10.1
5079,262,29,6,,2025-09-08 15:40:10.1,2025-09-08 15:40:10.1
5080,263,29,6,,2025-09-08 15:40:10.1,2025-09-08 15:40:10.1
5081,264,29,4,,2025-09-08 15:40:10.1,2025-09-08 15:40:10.1
5082,265,29,4,,2025-09-08 15:40:10.1,2025-09-08 15:40:10.1
5083,266,29,4,,2025-09-08 15:40:10.1,2025-09-08 15:40:10.1
5084,267,29,4,,2025-09-08 15:40:10.1,2025-09-08 15:40:10.1
5085,268,29,5,,2025-09-08 15:40:10.1,2025-09-08 15:40:10.1
5086,269,29,4,,2025-09-08 15:40:10.1,2025-09-08 15:40:10.1
5087,270,29,4,,2025-09-08 15:40:10.1,2025-09-08 15:40:10.1
5088,271,29,3,,2025-09-08 15:40:10.1,2025-09-08 15:40:10.1
5089,272,29,6,,2025-09-08 15:40:10.1,2025-09-08 15:40:10.1
5090,273,29,4,,2025-09-08 15:40:10.1,2025-09-08 15:40:10.1
5091,274,29,4,,2025-09-08 15:40:10.1,2025-09-08 15:40:10.1
5092,275,29,4,,2025-09-08 15:40:10.1,2025-09-08 15:40:10.1
5093,276,29,6,,2025-09-08 15:40:10.1,2025-09-08 15:40:10.1
5094,277,29,4,,2025-09-08 15:40:10.1,2025-09-08 15:40:10.1
5095,278,29,4,,2025-09-08 15:40:10.1,2025-09-08 15:40:10.1
5096,279,29,2,,2025-09-08 15:40:10.1,2025-09-08 15:40:10.1
5097,280,29,5,,2025-09-08 15:40:10.1,2025-09-08 15:40:10.1
5098,281,29,6,,2025-09-08 15:40:10.1,2025-09-08 15:40:10.1
5099,282,29,5,,2025-09-08 15:40:10.1,2025-09-08 15:40:10.1
5100,283,29,7,,2025-09-08 15:40:10.1,2025-09-08 15:40:10.1
5101,284,29,5,,2025-09-08 15:40:10.1,2025-09-08 15:40:10.1
5102,285,29,4,,2025-09-08 15:40:10.1,2025-09-08 15:40:10.1
5103,286,29,7,,2025-09-08 15:40:10.1,2025-09-08 15:40:10.1
5104,287,29,5,,2025-09-08 15:40:10.1,2025-09-08 15:40:10.1
5105,288,29,6,,2025-09-08 15:40:10.1,2025-09-08 15:40:10.1
5106,289,29,6,,2025-09-08 15:40:10.1,2025-09-08 15:40:10.1
5107,290,29,4,,2025-09-08 15:40:10.1,2025-09-08 15:40:10.1
5108,291,29,5,,2025-09-08 15:40:10.1,2025-09-08 15:40:10.1
5109,292,29,4,,2025-09-08 15:40:10.1,2025-09-08 15:40:10.1
5110,293,29,6,,2025-09-08 15:40:10.1,2025-09-08 15:40:10.1
5111,294,29,5,,2025-09-08 15:40:10.1,2025-09-08 15:40:10.1
5112,295,29,4,,2025-09-08 15:40:10.1,2025-09-08 15:40:10.1
5113,296,29,5,,2025-09-08 15:40:10.1,2025-09-08 15:40:10.1
5114,297,29,6,,2025-09-08 15:40:10.1,2025-09-08 15:40:10.1
5115,298,29,5,,2025-09-08 15:40:10.1,2025-09-08 15:40:10.1
5116,299,29,7,,2025-09-08 15:40:10.1,2025-09-08 15:40:10.1
5117,300,29,4,,2025-09-08 15:40:10.1,2025-09-08 15:40:10.1
5118,301,29,6,,2025-09-08 15:40:11.11,2025-09-08 15:40:11.11
5119,302,29,7,,2025-09-08 15:40:11.11,2025-09-08 15:40:11.11
5120,303,29,5,,2025-09-08 15:40:11.11,2025-09-08 15:40:11.11
5121,304,29,7,,2025-09-08 15:40:11.11,2025-09-08 15:40:11.11
5122,305,29,5,,2025-09-08 15:40:11.11,2025-09-08 15:40:11.11
5123,306,29,4,,2025-09-08 15:40:11.11,2025-09-08 15:40:11.11
5124,307,29,4,,2025-09-08 15:40:11.11,2025-09-08 15:40:11.11
5125,308,29,6,,2025-09-08 15:40:11.11,2025-09-08 15:40:11.11
5126,309,29,6,,2025-09-08 15:40:11.11,2025-09-08 15:40:11.11
5127,310,29,5,,2025-09-08 15:40:11.11,2025-09-08 15:40:11.11
5128,311,29,5,,2025-09-08 15:40:11.11,2025-09-08 15:40:11.11
5129,312,29,5,,2025-09-08 15:40:11.11,2025-09-08 15:40:11.11
5130,313,29,5,,2025-09-08 15:40:11.11,2025-09-08 15:40:11.11
5131,314,29,4,,2025-09-08 15:40:11.11,2025-09-08 15:40:11.11
5132,315,29,6,,2025-09-08 15:40:11.11,2025-09-08 15:40:11.11
5133,316,29,7,,2025-09-08 15:40:11.11,2025-09-08 15:40:11.11
5134,317,29,5,,2025-09-08 15:40:11.11,2025-09-08 15:40:11.11
5135,318,29,6,,2025-09-08 15:40:11.11,2025-09-08 15:40:11.11
5136,319,29,4,,2025-09-08 15:40:11.11,2025-09-08 15:40:11.11
5137,320,29,6,,2025-09-08 15:40:11.11,2025-09-08 15:40:11.11
5138,321,29,6,,2025-09-08 15:40:11.11,2025-09-08 15:40:11.11
5139,322,29,6,,2025-09-08 15:40:11.11,2025-09-08 15:40:11.11
5140,323,29,5,,2025-09-08 15:40:11.11,2025-09-08 15:40:11.11
5141,324,29,4,,2025-09-08 15:40:11.11,2025-09-08 15:40:11.11
5142,325,29,5,,2025-09-08 15:40:11.11,2025-09-08 15:40:11.11
5143,326,29,4,,2025-09-08 15:40:11.11,2025-09-08 15:40:11.11
5144,327,29,4,,2025-09-08 15:40:11.11,2025-09-08 15:40:11.11
5145,328,29,4,,2025-09-08 15:40:11.11,2025-09-08 15:40:11.11
5146,329,29,6,,2025-09-08 15:40:11.11,2025-09-08 15:40:11.11
5147,330,29,4,,2025-09-08 15:40:11.11,2025-09-08 15:40:11.11
5148,331,29,3,,2025-09-08 15:40:11.11,2025-09-08 15:40:11.11
5149,332,29,5,,2025-09-08 15:40:11.11,2025-09-08 15:40:11.11
5150,333,29,4,,2025-09-08 15:40:11.11,2025-09-08 15:40:11.11
5151,334,29,6,,2025-09-08 15:40:11.11,2025-09-08 15:40:11.11
5152,335,29,4,,2025-09-08 15:40:11.11,2025-09-08 15:40:11.11
5153,336,29,5,,2025-09-08 15:40:11.11,2025-09-08 15:40:11.11
5154,337,29,5,,2025-09-08 15:40:11.11,2025-09-08 15:40:11.11
5155,338,29,6,,2025-09-08 15:40:11.11,2025-09-08 15:40:11.11
5156,339,29,6,,2025-09-08 15:40:11.11,2025-09-08 15:40:11.11
5157,340,29,6,,2025-09-08 15:40:11.11,2025-09-08 15:40:11.11
5158,341,29,6,,2025-09-08 15:40:11.11,2025-09-08 15:40:11.11
5159,342,29,7,,2025-09-08 15:40:11.11,2025-09-08 15:40:11.11
5160,343,29,5,,2025-09-08 15:40:11.11,2025-09-08 15:40:11.11
5161,344,29,4,,2025-09-08 15:40:11.11,2025-09-08 15:40:11.11
5162,345,29,6,,2025-09-08 15:40:11.11,2025-09-08 15:40:11.11
5163,346,29,6,,2025-09-08 15:40:11.11,2025-09-08 15:40:11.11
5164,347,29,4,,2025-09-08 15:40:11.11,2025-09-08 15:40:11.11
5165,348,29,5,,2025-09-08 15:40:11.11,2025-09-08 15:40:11.11
5166,349,29,4,,2025-09-08 15:40:11.11,2025-09-08 15:40:11.11
5167,350,29,5,,2025-09-08 15:40:11.11,2025-09-08 15:40:11.11
5168,351,29,4,,2025-09-08 15:40:11.11,2025-09-08 15:40:11.11
5169,352,29,4,,2025-09-08 15:40:11.11,2025-09-08 15:40:11.11
5170,353,29,5,,2025-09-08 15:40:11.11,2025-09-08 15:40:11.11
5171,354,29,6,,2025-09-08 15:40:11.11,2025-09-08 15:40:11.11
5172,355,29,2,,2025-09-08 15:40:11.11,2025-09-08 15:40:11.11
5173,356,29,4,,2025-09-08 15:40:11.11,2025-09-08 15:40:11.11
5174,357,29,6,,2025-09-08 15:40:11.11,2025-09-08 15:40:11.11
5175,358,29,4,,2025-09-08 15:40:11.11,2025-09-08 15:40:11.11
5176,359,29,6,,2025-09-08 15:40:11.11,2025-09-08 15:40:11.11
5177,360,29,5,,2025-09-08 15:40:11.11,2025-09-08 15:40:11.11
5178,361,29,5,,2025-09-08 15:40:11.11,2025-09-08 15:40:11.11
5179,362,29,4,,2025-09-08 15:40:11.11,2025-09-08 15:40:11.11
5180,363,29,4,,2025-09-08 15:40:11.11,2025-09-08 15:40:11.11
5181,364,29,5,,2025-09-08 15:40:11.11,2025-09-08 15:40:11.11
5182,365,29,5,,2025-09-08 15:40:11.11,2025-09-08 15:40:11.11
5183,366,29,6,,2025-09-08 15:40:11.11,2025-09-08 15:40:11.11
5184,367,29,3,,2025-09-08 15:40:11.11,2025-09-08 15:40:11.11
5185,368,29,4,,2025-09-08 15:40:11.11,2025-09-08 15:40:11.11
5186,369,29,4,,2025-09-08 15:40:11.11,2025-09-08 15:40:11.11
5187,9,28,6,,2025-09-08 15:40:11.11,2025-09-08 15:40:11.11
5188,10,28,3,,2025-09-08 15:40:11.11,2025-09-08 15:40:11.11
5189,11,28,5,,2025-09-08 15:40:11.11,2025-09-08 15:40:11.11
5190,12,28,3,,2025-09-08 15:40:11.11,2025-09-08 15:40:11.11
5191,13,28,5,,2025-09-08 15:40:11.11,2025-09-08 15:40:11.11
5192,14,28,4,,2025-09-08 15:40:11.11,2025-09-08 15:40:11.11
5193,15,28,5,,2025-09-08 15:40:11.11,2025-09-08 15:40:11.11
5194,16,28,5,,2025-09-08 15:40:11.11,2025-09-08 15:40:11.11
5195,17,28,4,,2025-09-08 15:40:11.11,2025-09-08 15:40:11.11
5196,18,28,4,,2025-09-08 15:40:11.11,2025-09-08 15:40:11.11
5197,19,28,5,,2025-09-08 15:40:11.11,2025-09-08 15:40:11.11
5198,20,28,4,,2025-09-08 15:40:11.11,2025-09-08 15:40:11.11
5199,21,28,5,,2025-09-08 15:40:11.11,2025-09-08 15:40:11.11
5200,22,28,5,,2025-09-08 15:40:11.11,2025-09-08 15:40:11.11
5201,23,28,5,,2025-09-08 15:40:11.11,2025-09-08 15:40:11.11
5202,24,28,4,,2025-09-08 15:40:11.11,2025-09-08 15:40:11.11
5203,25,28,4,,2025-09-08 15:40:11.11,2025-09-08 15:40:11.11
5204,26,28,6,,2025-09-08 15:40:11.11,2025-09-08 15:40:11.11
5205,27,28,4,,2025-09-08 15:40:11.11,2025-09-08 15:40:11.11
5206,28,28,4,,2025-09-08 15:40:11.11,2025-09-08 15:40:11.11
5207,29,28,4,,2025-09-08 15:40:11.11,2025-09-08 15:40:11.11
5208,30,28,6,,2025-09-08 15:40:11.11,2025-09-08 15:40:11.11
5209,31,28,4,,2025-09-08 15:40:11.11,2025-09-08 15:40:11.11
5210,32,28,5,,2025-09-08 15:40:11.11,2025-09-08 15:40:11.11
5211,33,28,5,,2025-09-08 15:40:11.11,2025-09-08 15:40:11.11
5212,34,28,4,,2025-09-08 15:40:11.11,2025-09-08 15:40:11.11
5213,35,28,5,,2025-09-08 15:40:11.11,2025-09-08 15:40:11.11
5214,36,28,4,,2025-09-08 15:40:11.11,2025-09-08 15:40:11.11
5215,37,28,6,,2025-09-08 15:40:11.11,2025-09-08 15:40:11.11
5216,38,28,5,,2025-09-08 15:40:11.11,2025-09-08 15:40:11.11
5217,39,28,4,,2025-09-08 15:40:11.11,2025-09-08 15:40:11.11
5218,40,28,6,,2025-09-08 15:40:11.11,2025-09-08 15:40:11.11
5219,41,28,4,,2025-09-08 15:40:11.11,2025-09-08 15:40:11.11
5220,42,28,6,,2025-09-08 15:40:11.11,2025-09-08 15:40:11.11
5221,43,28,4,,2025-09-08 15:40:11.11,2025-09-08 15:40:11.11
5222,44,28,6,,2025-09-08 15:40:11.11,2025-09-08 15:40:11.11
5223,45,28,7,,2025-09-08 15:40:11.11,2025-09-08 15:40:11.11
5224,46,28,5,,2025-09-08 15:40:11.11,2025-09-08 15:40:11.11
5225,47,28,6,,2025-09-08 15:40:11.11,2025-09-08 15:40:11.11
5226,48,28,4,,2025-09-08 15:40:11.11,2025-09-08 15:40:11.11
5227,49,28,7,,2025-09-08 15:40:11.11,2025-09-08 15:40:11.11
5228,50,28,6,,2025-09-08 15:40:11.11,2025-09-08 15:40:11.11
5229,51,28,3,,2025-09-08 15:40:11.11,2025-09-08 15:40:11.11
5230,52,28,6,,2025-09-08 15:40:11.11,2025-09-08 15:40:11.11
5231,53,28,7,,2025-09-08 15:40:11.11,2025-09-08 15:40:11.11
5232,54,28,6,,2025-09-08 15:40:11.11,2025-09-08 15:40:11.11
5233,55,28,4,,2025-09-08 15:40:11.11,2025-09-08 15:40:11.11
5234,56,28,4,,2025-09-08 15:40:11.11,2025-09-08 15:40:11.11
5235,57,28,6,,2025-09-08 15:40:11.11,2025-09-08 15:40:11.11
5236,58,28,5,,2025-09-08 15:40:11.11,2025-09-08 15:40:11.11
5237,59,28,4,,2025-09-08 15:40:11.11,2025-09-08 15:40:11.11
5238,60,28,5,,2025-09-08 15:40:11.11,2025-09-08 15:40:11.11
5239,61,28,5,,2025-09-08 15:40:11.11,2025-09-08 15:40:11.11
5240,62,28,7,,2025-09-08 15:40:11.11,2025-09-08 15:40:11.11
5241,63,28,5,,2025-09-08 15:40:11.11,2025-09-08 15:40:11.11
5242,64,28,4,,2025-09-08 15:40:11.11,2025-09-08 15:40:11.11
5243,65,28,4,,2025-09-08 15:40:11.11,2025-09-08 15:40:11.11
5244,66,28,6,,2025-09-08 15:40:11.11,2025-09-08 15:40:11.11
5245,67,28,6,,2025-09-08 15:40:11.11,2025-09-08 15:40:11.11
5246,68,28,6,,2025-09-08 15:40:11.11,2025-09-08 15:40:11.11
5247,69,28,5,,2025-09-08 15:40:11.11,2025-09-08 15:40:11.11
5248,70,28,4,,2025-09-08 15:40:11.11,2025-09-08 15:40:11.11
5249,71,28,5,,2025-09-08 15:40:11.11,2025-09-08 15:40:11.11
5250,72,28,6,,2025-09-08 15:40:11.11,2025-09-08 15:40:11.11
5251,73,28,7,,2025-09-08 15:40:11.11,2025-09-08 15:40:11.11
5252,74,28,2,,2025-09-08 15:40:11.11,2025-09-08 15:40:11.11
5253,75,28,3,,2025-09-08 15:40:11.11,2025-09-08 15:40:11.11
5254,76,28,5,,2025-09-08 15:40:11.11,2025-09-08 15:40:11.11
5255,77,28,6,,2025-09-08 15:40:11.11,2025-09-08 15:40:11.11
5256,78,28,6,,2025-09-08 15:40:11.11,2025-09-08 15:40:11.11
5257,79,28,4,,2025-09-08 15:40:11.11,2025-09-08 15:40:11.11
5258,80,28,6,,2025-09-08 15:40:11.11,2025-09-08 15:40:11.11
5259,81,28,5,,2025-09-08 15:40:11.11,2025-09-08 15:40:11.11
5260,82,28,6,,2025-09-08 15:40:11.11,2025-09-08 15:40:11.11
5261,83,28,4,,2025-09-08 15:40:12.12,2025-09-08 15:40:12.12
5262,84,28,5,,2025-09-08 15:40:12.12,2025-09-08 15:40:12.12
5263,85,28,6,,2025-09-08 15:40:12.12,2025-09-08 15:40:12.12
5264,86,28,7,,2025-09-08 15:40:12.12,2025-09-08 15:40:12.12
5265,87,28,4,,2025-09-08 15:40:12.12,2025-09-08 15:40:12.12
5266,88,28,6,,2025-09-08 15:40:12.12,2025-09-08 15:40:12.12
5267,89,28,5,,2025-09-08 15:40:12.12,2025-09-08 15:40:12.12
5268,90,28,4,,2025-09-08 15:40:12.12,2025-09-08 15:40:12.12
5269,91,28,5,,2025-09-08 15:40:12.12,2025-09-08 15:40:12.12
5270,92,28,5,,2025-09-08 15:40:12.12,2025-09-08 15:40:12.12
5271,93,28,6,,2025-09-08 15:40:12.12,2025-09-08 15:40:12.12
5272,94,28,6,,2025-09-08 15:40:12.12,2025-09-08 15:40:12.12
5273,95,28,4,,2025-09-08 15:40:12.12,2025-09-08 15:40:12.12
5274,96,28,6,,2025-09-08 15:40:12.12,2025-09-08 15:40:12.12
5275,97,28,4,,2025-09-08 15:40:12.12,2025-09-08 15:40:12.12
5276,98,28,5,,2025-09-08 15:40:12.12,2025-09-08 15:40:12.12
5277,99,28,4,,2025-09-08 15:40:12.12,2025-09-08 15:40:12.12
5278,100,28,5,,2025-09-08 15:40:12.12,2025-09-08 15:40:12.12
5279,101,28,6,,2025-09-08 15:40:12.12,2025-09-08 15:40:12.12
5280,102,28,4,,2025-09-08 15:40:12.12,2025-09-08 15:40:12.12
5281,103,28,5,,2025-09-08 15:40:12.12,2025-09-08 15:40:12.12
5282,104,28,7,,2025-09-08 15:40:12.12,2025-09-08 15:40:12.12
5283,105,28,4,,2025-09-08 15:40:12.12,2025-09-08 15:40:12.12
5284,106,28,7,,2025-09-08 15:40:12.12,2025-09-08 15:40:12.12
5285,107,28,5,,2025-09-08 15:40:12.12,2025-09-08 15:40:12.12
5286,108,28,5,,2025-09-08 15:40:12.12,2025-09-08 15:40:12.12
5287,109,28,5,,2025-09-08 15:40:12.12,2025-09-08 15:40:12.12
5288,110,28,5,,2025-09-08 15:40:12.12,2025-09-08 15:40:12.12
5289,111,28,6,,2025-09-08 15:40:12.12,2025-09-08 15:40:12.12
5290,112,28,5,,2025-09-08 15:40:12.12,2025-09-08 15:40:12.12
5291,113,28,3,,2025-09-08 15:40:12.12,2025-09-08 15:40:12.12
5292,114,28,4,,2025-09-08 15:40:12.12,2025-09-08 15:40:12.12
5293,115,28,1,,2025-09-08 15:40:12.12,2025-09-08 15:40:12.12
5294,116,28,6,,2025-09-08 15:40:12.12,2025-09-08 15:40:12.12
5295,117,28,5,,2025-09-08 15:40:12.12,2025-09-08 15:40:12.12
5296,118,28,6,,2025-09-08 15:40:12.12,2025-09-08 15:40:12.12
5297,119,28,5,,2025-09-08 15:40:12.12,2025-09-08 15:40:12.12
5298,120,28,4,,2025-09-08 15:40:12.12,2025-09-08 15:40:12.12
5299,121,28,4,,2025-09-08 15:40:12.12,2025-09-08 15:40:12.12
5300,122,28,5,,2025-09-08 15:40:12.12,2025-09-08 15:40:12.12
5301,123,28,6,,2025-09-08 15:40:12.12,2025-09-08 15:40:12.12
5302,124,28,6,,2025-09-08 15:40:12.12,2025-09-08 15:40:12.12
5303,125,28,7,,2025-09-08 15:40:12.12,2025-09-08 15:40:12.12
5304,126,28,4,,2025-09-08 15:40:12.12,2025-09-08 15:40:12.12
5305,127,28,4,,2025-09-08 15:40:12.12,2025-09-08 15:40:12.12
5306,128,28,5,,2025-09-08 15:40:12.12,2025-09-08 15:40:12.12
5307,129,28,5,,2025-09-08 15:40:12.12,2025-09-08 15:40:12.12
5308,130,28,6,,2025-09-08 15:40:12.12,2025-09-08 15:40:12.12
5309,131,28,4,,2025-09-08 15:40:12.12,2025-09-08 15:40:12.12
5310,132,28,4,,2025-09-08 15:40:12.12,2025-09-08 15:40:12.12
5311,133,28,4,,2025-09-08 15:40:12.12,2025-09-08 15:40:12.12
5312,134,28,7,,2025-09-08 15:40:12.12,2025-09-08 15:40:12.12
5313,135,28,5,,2025-09-08 15:40:12.12,2025-09-08 15:40:12.12
5314,136,28,5,,2025-09-08 15:40:12.12,2025-09-08 15:40:12.12
5315,137,28,6,,2025-09-08 15:40:12.12,2025-09-08 15:40:12.12
5316,138,28,3,,2025-09-08 15:40:12.12,2025-09-08 15:40:12.12
5317,139,28,4,,2025-09-08 15:40:12.12,2025-09-08 15:40:12.12
5318,140,28,5,,2025-09-08 15:40:12.12,2025-09-08 15:40:12.12
5319,141,28,5,,2025-09-08 15:40:12.12,2025-09-08 15:40:12.12
5320,142,28,5,,2025-09-08 15:40:12.12,2025-09-08 15:40:12.12
5321,143,28,4,,2025-09-08 15:40:12.12,2025-09-08 15:40:12.12
5322,144,28,4,,2025-09-08 15:40:12.12,2025-09-08 15:40:12.12
5323,145,28,6,,2025-09-08 15:40:12.12,2025-09-08 15:40:12.12
5324,146,28,4,,2025-09-08 15:40:12.12,2025-09-08 15:40:12.12
5325,147,28,5,,2025-09-08 15:40:12.12,2025-09-08 15:40:12.12
5326,148,28,6,,2025-09-08 15:40:12.12,2025-09-08 15:40:12.12
5327,149,28,4,,2025-09-08 15:40:12.12,2025-09-08 15:40:12.12
5328,150,28,7,,2025-09-08 15:40:12.12,2025-09-08 15:40:12.12
5329,151,28,6,,2025-09-08 15:40:12.12,2025-09-08 15:40:12.12
5330,152,28,3,,2025-09-08 15:40:12.12,2025-09-08 15:40:12.12
5331,153,28,4,,2025-09-08 15:40:12.12,2025-09-08 15:40:12.12
5332,154,28,4,,2025-09-08 15:40:12.12,2025-09-08 15:40:12.12
5333,155,28,6,,2025-09-08 15:40:12.12,2025-09-08 15:40:12.12
5334,156,28,4,,2025-09-08 15:40:12.12,2025-09-08 15:40:12.12
5335,157,28,6,,2025-09-08 15:40:12.12,2025-09-08 15:40:12.12
5336,158,28,4,,2025-09-08 15:40:12.12,2025-09-08 15:40:12.12
5337,159,28,7,,2025-09-08 15:40:12.12,2025-09-08 15:40:12.12
5338,160,28,6,,2025-09-08 15:40:12.12,2025-09-08 15:40:12.12
5339,161,28,6,,2025-09-08 15:40:12.12,2025-09-08 15:40:12.12
5340,162,28,6,,2025-09-08 15:40:12.12,2025-09-08 15:40:12.12
5341,163,28,2,,2025-09-08 15:40:12.12,2025-09-08 15:40:12.12
5342,164,28,5,,2025-09-08 15:40:12.12,2025-09-08 15:40:12.12
5343,165,28,6,,2025-09-08 15:40:12.12,2025-09-08 15:40:12.12
5344,166,28,4,,2025-09-08 15:40:12.12,2025-09-08 15:40:12.12
5345,167,28,4,,2025-09-08 15:40:12.12,2025-09-08 15:40:12.12
5346,168,28,7,,2025-09-08 15:40:12.12,2025-09-08 15:40:12.12
5347,169,28,3,,2025-09-08 15:40:12.12,2025-09-08 15:40:12.12
5348,170,28,7,,2025-09-08 15:40:12.12,2025-09-08 15:40:12.12
5349,171,28,4,,2025-09-08 15:40:12.12,2025-09-08 15:40:12.12
5350,172,28,2,,2025-09-08 15:40:12.12,2025-09-08 15:40:12.12
5351,173,28,4,,2025-09-08 15:40:12.12,2025-09-08 15:40:12.12
5352,174,28,4,,2025-09-08 15:40:12.12,2025-09-08 15:40:12.12
5353,175,28,4,,2025-09-08 15:40:12.12,2025-09-08 15:40:12.12
5354,176,28,6,,2025-09-08 15:40:12.12,2025-09-08 15:40:12.12
5355,177,28,5,,2025-09-08 15:40:12.12,2025-09-08 15:40:12.12
5356,178,28,5,,2025-09-08 15:40:12.12,2025-09-08 15:40:12.12
5357,179,28,4,,2025-09-08 15:40:12.12,2025-09-08 15:40:12.12
5358,180,28,6,,2025-09-08 15:40:12.12,2025-09-08 15:40:12.12
5359,181,28,7,,2025-09-08 15:40:12.12,2025-09-08 15:40:12.12
5360,182,28,4,,2025-09-08 15:40:12.12,2025-09-08 15:40:12.12
5361,183,28,6,,2025-09-08 15:40:12.12,2025-09-08 15:40:12.12
5362,184,28,6,,2025-09-08 15:40:12.12,2025-09-08 15:40:12.12
5363,185,28,5,,2025-09-08 15:40:12.12,2025-09-08 15:40:12.12
5364,186,28,6,,2025-09-08 15:40:12.12,2025-09-08 15:40:12.12
5365,187,28,6,,2025-09-08 15:40:12.12,2025-09-08 15:40:12.12
5366,188,28,5,,2025-09-08 15:40:12.12,2025-09-08 15:40:12.12
5367,189,28,5,,2025-09-08 15:40:12.12,2025-09-08 15:40:12.12
5368,190,28,3,,2025-09-08 15:40:12.12,2025-09-08 15:40:12.12
5369,191,28,7,,2025-09-08 15:40:12.12,2025-09-08 15:40:12.12
5370,192,28,5,,2025-09-08 15:40:12.12,2025-09-08 15:40:12.12
5371,193,28,4,,2025-09-08 15:40:12.12,2025-09-08 15:40:12.12
5372,194,28,4,,2025-09-08 15:40:12.12,2025-09-08 15:40:12.12
5373,195,28,5,,2025-09-08 15:40:12.12,2025-09-08 15:40:12.12
5374,196,28,4,,2025-09-08 15:40:12.12,2025-09-08 15:40:12.12
5375,197,28,5,,2025-09-08 15:40:12.12,2025-09-08 15:40:12.12
5376,198,28,5,,2025-09-08 15:40:12.12,2025-09-08 15:40:12.12
5377,199,28,4,,2025-09-08 15:40:12.12,2025-09-08 15:40:12.12
5378,200,28,5,,2025-09-08 15:40:12.12,2025-09-08 15:40:12.12
5379,201,28,5,,2025-09-08 15:40:12.12,2025-09-08 15:40:12.12
5380,202,28,5,,2025-09-08 15:40:12.12,2025-09-08 15:40:12.12
5381,203,28,5,,2025-09-08 15:40:12.12,2025-09-08 15:40:12.12
5382,204,28,7,,2025-09-08 15:40:12.12,2025-09-08 15:40:12.12
5383,205,28,2,,2025-09-08 15:40:12.12,2025-09-08 15:40:12.12
5384,206,28,6,,2025-09-08 15:40:12.12,2025-09-08 15:40:12.12
5385,207,28,4,,2025-09-08 15:40:12.12,2025-09-08 15:40:12.12
5386,208,28,6,,2025-09-08 15:40:12.12,2025-09-08 15:40:12.12
5387,209,28,6,,2025-09-08 15:40:12.12,2025-09-08 15:40:12.12
5388,210,28,4,,2025-09-08 15:40:12.12,2025-09-08 15:40:12.12
5389,211,28,7,,2025-09-08 15:40:12.12,2025-09-08 15:40:12.12
5390,212,28,5,,2025-09-08 15:40:12.12,2025-09-08 15:40:12.12
5391,213,28,2,,2025-09-08 15:40:12.12,2025-09-08 15:40:12.12
5392,214,28,5,,2025-09-08 15:40:12.12,2025-09-08 15:40:12.12
5393,215,28,4,,2025-09-08 15:40:12.12,2025-09-08 15:40:12.12
5394,216,28,6,,2025-09-08 15:40:12.12,2025-09-08 15:40:12.12
5395,217,28,5,,2025-09-08 15:40:12.12,2025-09-08 15:40:12.12
5396,218,28,4,,2025-09-08 15:40:12.12,2025-09-08 15:40:12.12
5397,219,28,6,,2025-09-08 15:40:13.13,2025-09-08 15:40:13.13
5398,220,28,4,,2025-09-08 15:40:13.13,2025-09-08 15:40:13.13
5399,221,28,4,,2025-09-08 15:40:13.13,2025-09-08 15:40:13.13
5400,222,28,5,,2025-09-08 15:40:13.13,2025-09-08 15:40:13.13
5401,223,28,5,,2025-09-08 15:40:13.13,2025-09-08 15:40:13.13
5402,224,28,4,,2025-09-08 15:40:13.13,2025-09-08 15:40:13.13
5403,225,28,6,,2025-09-08 15:40:13.13,2025-09-08 15:40:13.13
5404,226,28,4,,2025-09-08 15:40:13.13,2025-09-08 15:40:13.13
5405,227,28,5,,2025-09-08 15:40:13.13,2025-09-08 15:40:13.13
5406,228,28,4,,2025-09-08 15:40:13.13,2025-09-08 15:40:13.13
5407,229,28,6,,2025-09-08 15:40:13.13,2025-09-08 15:40:13.13
5408,230,28,6,,2025-09-08 15:40:13.13,2025-09-08 15:40:13.13
5409,231,28,5,,2025-09-08 15:40:13.13,2025-09-08 15:40:13.13
5410,232,28,6,,2025-09-08 15:40:13.13,2025-09-08 15:40:13.13
5411,233,28,5,,2025-09-08 15:40:13.13,2025-09-08 15:40:13.13
5412,234,28,5,,2025-09-08 15:40:13.13,2025-09-08 15:40:13.13
5413,235,28,6,,2025-09-08 15:40:13.13,2025-09-08 15:40:13.13
5414,236,28,7,,2025-09-08 15:40:13.13,2025-09-08 15:40:13.13
5415,237,28,6,,2025-09-08 15:40:13.13,2025-09-08 15:40:13.13
5416,238,28,5,,2025-09-08 15:40:13.13,2025-09-08 15:40:13.13
5417,239,28,5,,2025-09-08 15:40:13.13,2025-09-08 15:40:13.13
5418,240,28,6,,2025-09-08 15:40:13.13,2025-09-08 15:40:13.13
5419,241,28,6,,2025-09-08 15:40:13.13,2025-09-08 15:40:13.13
5420,242,28,5,,2025-09-08 15:40:13.13,2025-09-08 15:40:13.13
5421,243,28,5,,2025-09-08 15:40:13.13,2025-09-08 15:40:13.13
5422,244,28,6,,2025-09-08 15:40:13.13,2025-09-08 15:40:13.13
5423,245,28,5,,2025-09-08 15:40:13.13,2025-09-08 15:40:13.13
5424,246,28,4,,2025-09-08 15:40:13.13,2025-09-08 15:40:13.13
5425,247,28,7,,2025-09-08 15:40:13.13,2025-09-08 15:40:13.13
5426,248,28,4,,2025-09-08 15:40:13.13,2025-09-08 15:40:13.13
5427,249,28,6,,2025-09-08 15:40:13.13,2025-09-08 15:40:13.13
5428,250,28,6,,2025-09-08 15:40:13.13,2025-09-08 15:40:13.13
5429,251,28,5,,2025-09-08 15:40:13.13,2025-09-08 15:40:13.13
5430,252,28,3,,2025-09-08 15:40:13.13,2025-09-08 15:40:13.13
5431,253,28,5,,2025-09-08 15:40:13.13,2025-09-08 15:40:13.13
5432,254,28,7,,2025-09-08 15:40:13.13,2025-09-08 15:40:13.13
5433,255,28,4,,2025-09-08 15:40:13.13,2025-09-08 15:40:13.13
5434,256,28,5,,2025-09-08 15:40:13.13,2025-09-08 15:40:13.13
5435,257,28,7,,2025-09-08 15:40:13.13,2025-09-08 15:40:13.13
5436,258,28,4,,2025-09-08 15:40:13.13,2025-09-08 15:40:13.13
5437,259,28,4,,2025-09-08 15:40:13.13,2025-09-08 15:40:13.13
5438,260,28,5,,2025-09-08 15:40:13.13,2025-09-08 15:40:13.13
5439,261,28,4,,2025-09-08 15:40:13.13,2025-09-08 15:40:13.13
5440,262,28,5,,2025-09-08 15:40:13.13,2025-09-08 15:40:13.13
5441,263,28,6,,2025-09-08 15:40:13.13,2025-09-08 15:40:13.13
5442,264,28,4,,2025-09-08 15:40:13.13,2025-09-08 15:40:13.13
5443,265,28,4,,2025-09-08 15:40:13.13,2025-09-08 15:40:13.13
5444,266,28,5,,2025-09-08 15:40:13.13,2025-09-08 15:40:13.13
5445,267,28,4,,2025-09-08 15:40:13.13,2025-09-08 15:40:13.13
5446,268,28,5,,2025-09-08 15:40:13.13,2025-09-08 15:40:13.13
5447,269,28,4,,2025-09-08 15:40:13.13,2025-09-08 15:40:13.13
5448,270,28,4,,2025-09-08 15:40:13.13,2025-09-08 15:40:13.13
5449,271,28,2,,2025-09-08 15:40:13.13,2025-09-08 15:40:13.13
5450,272,28,4,,2025-09-08 15:40:13.13,2025-09-08 15:40:13.13
5451,273,28,3,,2025-09-08 15:40:13.13,2025-09-08 15:40:13.13
5452,274,28,2,,2025-09-08 15:40:13.13,2025-09-08 15:40:13.13
5453,275,28,4,,2025-09-08 15:40:13.13,2025-09-08 15:40:13.13
5454,276,28,6,,2025-09-08 15:40:13.13,2025-09-08 15:40:13.13
5455,277,28,4,,2025-09-08 15:40:13.13,2025-09-08 15:40:13.13
5456,278,28,4,,2025-09-08 15:40:13.13,2025-09-08 15:40:13.13
5457,279,28,4,,2025-09-08 15:40:13.13,2025-09-08 15:40:13.13
5458,280,28,5,,2025-09-08 15:40:13.13,2025-09-08 15:40:13.13
5459,281,28,5,,2025-09-08 15:40:13.13,2025-09-08 15:40:13.13
5460,282,28,5,,2025-09-08 15:40:13.13,2025-09-08 15:40:13.13
5461,283,28,6,,2025-09-08 15:40:13.13,2025-09-08 15:40:13.13
5462,284,28,6,,2025-09-08 15:40:13.13,2025-09-08 15:40:13.13
5463,285,28,4,,2025-09-08 15:40:13.13,2025-09-08 15:40:13.13
5464,286,28,7,,2025-09-08 15:40:13.13,2025-09-08 15:40:13.13
5465,287,28,5,,2025-09-08 15:40:13.13,2025-09-08 15:40:13.13
5466,288,28,6,,2025-09-08 15:40:13.13,2025-09-08 15:40:13.13
5467,289,28,5,,2025-09-08 15:40:13.13,2025-09-08 15:40:13.13
5468,290,28,4,,2025-09-08 15:40:13.13,2025-09-08 15:40:13.13
5469,291,28,4,,2025-09-08 15:40:13.13,2025-09-08 15:40:13.13
5470,292,28,4,,2025-09-08 15:40:13.13,2025-09-08 15:40:13.13
5471,293,28,5,,2025-09-08 15:40:13.13,2025-09-08 15:40:13.13
5472,294,28,3,,2025-09-08 15:40:13.13,2025-09-08 15:40:13.13
5473,295,28,6,,2025-09-08 15:40:13.13,2025-09-08 15:40:13.13
5474,296,28,5,,2025-09-08 15:40:13.13,2025-09-08 15:40:13.13
5475,297,28,6,,2025-09-08 15:40:13.13,2025-09-08 15:40:13.13
5476,298,28,5,,2025-09-08 15:40:13.13,2025-09-08 15:40:13.13
5477,299,28,4,,2025-09-08 15:40:13.13,2025-09-08 15:40:13.13
5478,300,28,5,,2025-09-08 15:40:13.13,2025-09-08 15:40:13.13
5479,301,28,4,,2025-09-08 15:40:13.13,2025-09-08 15:40:13.13
5480,302,28,7,,2025-09-08 15:40:13.13,2025-09-08 15:40:13.13
5481,303,28,6,,2025-09-08 15:40:13.13,2025-09-08 15:40:13.13
5482,304,28,7,,2025-09-08 15:40:13.13,2025-09-08 15:40:13.13
5483,305,28,5,,2025-09-08 15:40:13.13,2025-09-08 15:40:13.13
5484,306,28,5,,2025-09-08 15:40:13.13,2025-09-08 15:40:13.13
5485,307,28,4,,2025-09-08 15:40:13.13,2025-09-08 15:40:13.13
5486,308,28,4,,2025-09-08 15:40:13.13,2025-09-08 15:40:13.13
5487,309,28,6,,2025-09-08 15:40:13.13,2025-09-08 15:40:13.13
5488,310,28,6,,2025-09-08 15:40:13.13,2025-09-08 15:40:13.13
5489,311,28,5,,2025-09-08 15:40:13.13,2025-09-08 15:40:13.13
5490,312,28,3,,2025-09-08 15:40:13.13,2025-09-08 15:40:13.13
5491,313,28,5,,2025-09-08 15:40:13.13,2025-09-08 15:40:13.13
5492,314,28,4,,2025-09-08 15:40:13.13,2025-09-08 15:40:13.13
5493,315,28,7,,2025-09-08 15:40:13.13,2025-09-08 15:40:13.13
5494,316,28,7,,2025-09-08 15:40:13.13,2025-09-08 15:40:13.13
5495,317,28,5,,2025-09-08 15:40:13.13,2025-09-08 15:40:13.13
5496,318,28,6,,2025-09-08 15:40:13.13,2025-09-08 15:40:13.13
5497,319,28,3,,2025-09-08 15:40:13.13,2025-09-08 15:40:13.13
5498,320,28,5,,2025-09-08 15:40:13.13,2025-09-08 15:40:13.13
5499,321,28,6,,2025-09-08 15:40:13.13,2025-09-08 15:40:13.13
5500,322,28,6,,2025-09-08 15:40:13.13,2025-09-08 15:40:13.13
5501,323,28,5,,2025-09-08 15:40:13.13,2025-09-08 15:40:13.13
5502,324,28,4,,2025-09-08 15:40:13.13,2025-09-08 15:40:13.13
5503,325,28,5,,2025-09-08 15:40:13.13,2025-09-08 15:40:13.13
5504,326,28,4,,2025-09-08 15:40:13.13,2025-09-08 15:40:13.13
5505,327,28,5,,2025-09-08 15:40:13.13,2025-09-08 15:40:13.13
5506,328,28,4,,2025-09-08 15:40:13.13,2025-09-08 15:40:13.13
5507,329,28,6,,2025-09-08 15:40:13.13,2025-09-08 15:40:13.13
5508,330,28,4,,2025-09-08 15:40:13.13,2025-09-08 15:40:13.13
5509,331,28,3,,2025-09-08 15:40:13.13,2025-09-08 15:40:13.13
5510,332,28,6,,2025-09-08 15:40:13.13,2025-09-08 15:40:13.13
5511,333,28,4,,2025-09-08 15:40:13.13,2025-09-08 15:40:13.13
5512,334,28,6,,2025-09-08 15:40:13.13,2025-09-08 15:40:13.13
5513,335,28,4,,2025-09-08 15:40:13.13,2025-09-08 15:40:13.13
5514,336,28,5,,2025-09-08 15:40:13.13,2025-09-08 15:40:13.13
5515,337,28,4,,2025-09-08 15:40:13.13,2025-09-08 15:40:13.13
5516,338,28,5,,2025-09-08 15:40:13.13,2025-09-08 15:40:13.13
5517,339,28,6,,2025-09-08 15:40:13.13,2025-09-08 15:40:13.13
5518,340,28,6,,2025-09-08 15:40:13.13,2025-09-08 15:40:13.13
5519,341,28,6,,2025-09-08 15:40:13.13,2025-09-08 15:40:13.13
5520,342,28,7,,2025-09-08 15:40:13.13,2025-09-08 15:40:13.13
5521,343,28,5,,2025-09-08 15:40:13.13,2025-09-08 15:40:13.13
5522,344,28,4,,2025-09-08 15:40:13.13,2025-09-08 15:40:13.13
5523,345,28,5,,2025-09-08 15:40:14.14,2025-09-08 15:40:14.14
5524,346,28,6,,2025-09-08 15:40:14.14,2025-09-08 15:40:14.14
5525,347,28,4,,2025-09-08 15:40:14.14,2025-09-08 15:40:14.14
5526,348,28,4,,2025-09-08 15:40:14.14,2025-09-08 15:40:14.14
5527,349,28,4,,2025-09-08 15:40:14.14,2025-09-08 15:40:14.14
5528,350,28,5,,2025-09-08 15:40:14.14,2025-09-08 15:40:14.14
5529,351,28,4,,2025-09-08 15:40:14.14,2025-09-08 15:40:14.14
5530,352,28,4,,2025-09-08 15:40:14.14,2025-09-08 15:40:14.14
5531,353,28,5,,2025-09-08 15:40:14.14,2025-09-08 15:40:14.14
5532,354,28,6,,2025-09-08 15:40:14.14,2025-09-08 15:40:14.14
5533,355,28,1,,2025-09-08 15:40:14.14,2025-09-08 15:40:14.14
5534,356,28,2,,2025-09-08 15:40:14.14,2025-09-08 15:40:14.14
5535,357,28,5,,2025-09-08 15:40:14.14,2025-09-08 15:40:14.14
5536,358,28,4,,2025-09-08 15:40:14.14,2025-09-08 15:40:14.14
5537,359,28,6,,2025-09-08 15:40:14.14,2025-09-08 15:40:14.14
5538,360,28,5,,2025-09-08 15:40:14.14,2025-09-08 15:40:14.14
5539,361,28,5,,2025-09-08 15:40:14.14,2025-09-08 15:40:14.14
5540,362,28,4,,2025-09-08 15:40:14.14,2025-09-08 15:40:14.14
5541,363,28,3,,2025-09-08 15:40:14.14,2025-09-08 15:40:14.14
5542,364,28,5,,2025-09-08 15:40:14.14,2025-09-08 15:40:14.14
5543,365,28,6,,2025-09-08 15:40:14.14,2025-09-08 15:40:14.14
5544,366,28,6,,2025-09-08 15:40:14.14,2025-09-08 15:40:14.14
5545,367,28,4,,2025-09-08 15:40:14.14,2025-09-08 15:40:14.14
5546,368,28,4,,2025-09-08 15:40:14.14,2025-09-08 15:40:14.14
5547,369,28,4,,2025-09-08 15:40:14.14,2025-09-08 15:40:14.14
5548,9,27,4,,2025-09-08 15:40:14.14,2025-09-08 15:40:14.14
5549,10,27,3,,2025-09-08 15:40:14.14,2025-09-08 15:40:14.14
5550,11,27,5,,2025-09-08 15:40:14.14,2025-09-08 15:40:14.14
5551,12,27,3,,2025-09-08 15:40:14.14,2025-09-08 15:40:14.14
5552,13,27,5,,2025-09-08 15:40:14.14,2025-09-08 15:40:14.14
5553,14,27,4,,2025-09-08 15:40:14.14,2025-09-08 15:40:14.14
5554,15,27,5,,2025-09-08 15:40:14.14,2025-09-08 15:40:14.14
5555,16,27,5,,2025-09-08 15:40:14.14,2025-09-08 15:40:14.14
5556,17,27,4,,2025-09-08 15:40:14.14,2025-09-08 15:40:14.14
5557,18,27,4,,2025-09-08 15:40:14.14,2025-09-08 15:40:14.14
5558,19,27,4,,2025-09-08 15:40:14.14,2025-09-08 15:40:14.14
5559,20,27,4,,2025-09-08 15:40:14.14,2025-09-08 15:40:14.14
5560,21,27,5,,2025-09-08 15:40:14.14,2025-09-08 15:40:14.14
5561,22,27,5,,2025-09-08 15:40:14.14,2025-09-08 15:40:14.14
5562,23,27,5,,2025-09-08 15:40:14.14,2025-09-08 15:40:14.14
5563,24,27,7,,2025-09-08 15:40:14.14,2025-09-08 15:40:14.14
5564,25,27,4,,2025-09-08 15:40:14.14,2025-09-08 15:40:14.14
5565,26,27,6,,2025-09-08 15:40:14.14,2025-09-08 15:40:14.14
5566,27,27,4,,2025-09-08 15:40:14.14,2025-09-08 15:40:14.14
5567,28,27,4,,2025-09-08 15:40:14.14,2025-09-08 15:40:14.14
5568,29,27,4,,2025-09-08 15:40:14.14,2025-09-08 15:40:14.14
5569,30,27,6,,2025-09-08 15:40:14.14,2025-09-08 15:40:14.14
5570,31,27,4,,2025-09-08 15:40:14.14,2025-09-08 15:40:14.14
5571,32,27,4,,2025-09-08 15:40:14.14,2025-09-08 15:40:14.14
5572,33,27,5,,2025-09-08 15:40:14.14,2025-09-08 15:40:14.14
5573,34,27,4,,2025-09-08 15:40:14.14,2025-09-08 15:40:14.14
5574,35,27,7,,2025-09-08 15:40:14.14,2025-09-08 15:40:14.14
5575,36,27,4,,2025-09-08 15:40:14.14,2025-09-08 15:40:14.14
5576,37,27,6,,2025-09-08 15:40:14.14,2025-09-08 15:40:14.14
5577,38,27,5,,2025-09-08 15:40:14.14,2025-09-08 15:40:14.14
5578,39,27,4,,2025-09-08 15:40:14.14,2025-09-08 15:40:14.14
5579,40,27,5,,2025-09-08 15:40:14.14,2025-09-08 15:40:14.14
5580,41,27,7,,2025-09-08 15:40:14.14,2025-09-08 15:40:14.14
5581,42,27,6,,2025-09-08 15:40:14.14,2025-09-08 15:40:14.14
5582,43,27,4,,2025-09-08 15:40:14.14,2025-09-08 15:40:14.14
5583,44,27,6,,2025-09-08 15:40:14.14,2025-09-08 15:40:14.14
5584,45,27,6,,2025-09-08 15:40:14.14,2025-09-08 15:40:14.14
5585,46,27,5,,2025-09-08 15:40:14.14,2025-09-08 15:40:14.14
5586,47,27,6,,2025-09-08 15:40:14.14,2025-09-08 15:40:14.14
5587,48,27,4,,2025-09-08 15:40:14.14,2025-09-08 15:40:14.14
5588,49,27,7,,2025-09-08 15:40:14.14,2025-09-08 15:40:14.14
5589,50,27,7,,2025-09-08 15:40:14.14,2025-09-08 15:40:14.14
5590,51,27,3,,2025-09-08 15:40:14.14,2025-09-08 15:40:14.14
5591,52,27,6,,2025-09-08 15:40:14.14,2025-09-08 15:40:14.14
5592,53,27,7,,2025-09-08 15:40:14.14,2025-09-08 15:40:14.14
5593,54,27,7,,2025-09-08 15:40:14.14,2025-09-08 15:40:14.14
5594,55,27,7,,2025-09-08 15:40:14.14,2025-09-08 15:40:14.14
5595,56,27,4,,2025-09-08 15:40:14.14,2025-09-08 15:40:14.14
5596,57,27,6,,2025-09-08 15:40:14.14,2025-09-08 15:40:14.14
5597,58,27,5,,2025-09-08 15:40:14.14,2025-09-08 15:40:14.14
5598,59,27,7,,2025-09-08 15:40:14.14,2025-09-08 15:40:14.14
5599,60,27,5,,2025-09-08 15:40:14.14,2025-09-08 15:40:14.14
5600,61,27,6,,2025-09-08 15:40:14.14,2025-09-08 15:40:14.14
5601,62,27,7,,2025-09-08 15:40:14.14,2025-09-08 15:40:14.14
5602,63,27,5,,2025-09-08 15:40:14.14,2025-09-08 15:40:14.14
5603,64,27,4,,2025-09-08 15:40:14.14,2025-09-08 15:40:14.14
5604,65,27,5,,2025-09-08 15:40:14.14,2025-09-08 15:40:14.14
5605,66,27,6,,2025-09-08 15:40:14.14,2025-09-08 15:40:14.14
5606,67,27,6,,2025-09-08 15:40:14.14,2025-09-08 15:40:14.14
5607,68,27,6,,2025-09-08 15:40:14.14,2025-09-08 15:40:14.14
5608,69,27,5,,2025-09-08 15:40:14.14,2025-09-08 15:40:14.14
5609,70,27,4,,2025-09-08 15:40:14.14,2025-09-08 15:40:14.14
5610,71,27,5,,2025-09-08 15:40:14.14,2025-09-08 15:40:14.14
5611,72,27,6,,2025-09-08 15:40:14.14,2025-09-08 15:40:14.14
5612,73,27,7,,2025-09-08 15:40:14.14,2025-09-08 15:40:14.14
5613,74,27,2,,2025-09-08 15:40:14.14,2025-09-08 15:40:14.14
5614,75,27,2,,2025-09-08 15:40:14.14,2025-09-08 15:40:14.14
5615,76,27,6,,2025-09-08 15:40:14.14,2025-09-08 15:40:14.14
5616,77,27,6,,2025-09-08 15:40:14.14,2025-09-08 15:40:14.14
5617,78,27,6,,2025-09-08 15:40:14.14,2025-09-08 15:40:14.14
5618,79,27,4,,2025-09-08 15:40:14.14,2025-09-08 15:40:14.14
5619,80,27,5,,2025-09-08 15:40:14.14,2025-09-08 15:40:14.14
5620,81,27,4,,2025-09-08 15:40:14.14,2025-09-08 15:40:14.14
5621,82,27,6,,2025-09-08 15:40:14.14,2025-09-08 15:40:14.14
5622,83,27,4,,2025-09-08 15:40:14.14,2025-09-08 15:40:14.14
5623,84,27,5,,2025-09-08 15:40:14.14,2025-09-08 15:40:14.14
5624,85,27,6,,2025-09-08 15:40:14.14,2025-09-08 15:40:14.14
5625,86,27,7,,2025-09-08 15:40:14.14,2025-09-08 15:40:14.14
5626,87,27,5,,2025-09-08 15:40:14.14,2025-09-08 15:40:14.14
5627,88,27,6,,2025-09-08 15:40:14.14,2025-09-08 15:40:14.14
5628,89,27,5,,2025-09-08 15:40:14.14,2025-09-08 15:40:14.14
5629,90,27,4,,2025-09-08 15:40:14.14,2025-09-08 15:40:14.14
5630,91,27,5,,2025-09-08 15:40:14.14,2025-09-08 15:40:14.14
5631,92,27,5,,2025-09-08 15:40:14.14,2025-09-08 15:40:14.14
5632,93,27,6,,2025-09-08 15:40:14.14,2025-09-08 15:40:14.14
5633,94,27,6,,2025-09-08 15:40:14.14,2025-09-08 15:40:14.14
5634,95,27,5,,2025-09-08 15:40:14.14,2025-09-08 15:40:14.14
5635,96,27,6,,2025-09-08 15:40:14.14,2025-09-08 15:40:14.14
5636,97,27,4,,2025-09-08 15:40:14.14,2025-09-08 15:40:14.14
5637,98,27,5,,2025-09-08 15:40:14.14,2025-09-08 15:40:14.14
5638,99,27,4,,2025-09-08 15:40:14.14,2025-09-08 15:40:14.14
5639,100,27,5,,2025-09-08 15:40:14.14,2025-09-08 15:40:14.14
5640,101,27,7,,2025-09-08 15:40:14.14,2025-09-08 15:40:14.14
5641,102,27,6,,2025-09-08 15:40:14.14,2025-09-08 15:40:14.14
5642,103,27,5,,2025-09-08 15:40:14.14,2025-09-08 15:40:14.14
5643,104,27,7,,2025-09-08 15:40:14.14,2025-09-08 15:40:14.14
5644,105,27,4,,2025-09-08 15:40:14.14,2025-09-08 15:40:14.14
5645,106,27,7,,2025-09-08 15:40:14.14,2025-09-08 15:40:14.14
5646,107,27,5,,2025-09-08 15:40:14.14,2025-09-08 15:40:14.14
5647,108,27,6,,2025-09-08 15:40:14.14,2025-09-08 15:40:14.14
5648,109,27,5,,2025-09-08 15:40:14.14,2025-09-08 15:40:14.14
5649,110,27,5,,2025-09-08 15:40:14.14,2025-09-08 15:40:14.14
5650,111,27,6,,2025-09-08 15:40:14.14,2025-09-08 15:40:14.14
5651,112,27,4,,2025-09-08 15:40:14.14,2025-09-08 15:40:14.14
5652,113,27,5,,2025-09-08 15:40:14.14,2025-09-08 15:40:14.14
5653,114,27,6,,2025-09-08 15:40:14.14,2025-09-08 15:40:14.14
5654,115,27,1,,2025-09-08 15:40:14.14,2025-09-08 15:40:14.14
5655,116,27,6,,2025-09-08 15:40:14.14,2025-09-08 15:40:14.14
5656,117,27,7,,2025-09-08 15:40:14.14,2025-09-08 15:40:14.14
5657,118,27,6,,2025-09-08 15:40:14.14,2025-09-08 15:40:14.14
5658,119,27,5,,2025-09-08 15:40:14.14,2025-09-08 15:40:14.14
5659,120,27,5,,2025-09-08 15:40:14.14,2025-09-08 15:40:14.14
5660,121,27,5,,2025-09-08 15:40:14.14,2025-09-08 15:40:14.14
5661,122,27,5,,2025-09-08 15:40:14.14,2025-09-08 15:40:14.14
5662,123,27,6,,2025-09-08 15:40:14.14,2025-09-08 15:40:14.14
5663,124,27,6,,2025-09-08 15:40:14.14,2025-09-08 15:40:14.14
5664,125,27,7,,2025-09-08 15:40:14.14,2025-09-08 15:40:14.14
5665,126,27,4,,2025-09-08 15:40:14.14,2025-09-08 15:40:14.14
5666,127,27,5,,2025-09-08 15:40:14.14,2025-09-08 15:40:14.14
5667,128,27,5,,2025-09-08 15:40:14.14,2025-09-08 15:40:14.14
5668,129,27,6,,2025-09-08 15:40:14.14,2025-09-08 15:40:14.14
5669,130,27,6,,2025-09-08 15:40:15.15,2025-09-08 15:40:15.15
5670,131,27,4,,2025-09-08 15:40:15.15,2025-09-08 15:40:15.15
5671,132,27,4,,2025-09-08 15:40:15.15,2025-09-08 15:40:15.15
5672,133,27,4,,2025-09-08 15:40:15.15,2025-09-08 15:40:15.15
5673,134,27,7,,2025-09-08 15:40:15.15,2025-09-08 15:40:15.15
5674,135,27,5,,2025-09-08 15:40:15.15,2025-09-08 15:40:15.15
5675,136,27,5,,2025-09-08 15:40:15.15,2025-09-08 15:40:15.15
5676,137,27,7,,2025-09-08 15:40:15.15,2025-09-08 15:40:15.15
5677,138,27,6,,2025-09-08 15:40:15.15,2025-09-08 15:40:15.15
5678,139,27,4,,2025-09-08 15:40:15.15,2025-09-08 15:40:15.15
5679,140,27,5,,2025-09-08 15:40:15.15,2025-09-08 15:40:15.15
5680,141,27,5,,2025-09-08 15:40:15.15,2025-09-08 15:40:15.15
5681,142,27,6,,2025-09-08 15:40:15.15,2025-09-08 15:40:15.15
5682,143,27,4,,2025-09-08 15:40:15.15,2025-09-08 15:40:15.15
5683,144,27,4,,2025-09-08 15:40:15.15,2025-09-08 15:40:15.15
5684,145,27,6,,2025-09-08 15:40:15.15,2025-09-08 15:40:15.15
5685,146,27,4,,2025-09-08 15:40:15.15,2025-09-08 15:40:15.15
5686,147,27,5,,2025-09-08 15:40:15.15,2025-09-08 15:40:15.15
5687,148,27,6,,2025-09-08 15:40:15.15,2025-09-08 15:40:15.15
5688,149,27,4,,2025-09-08 15:40:15.15,2025-09-08 15:40:15.15
5689,150,27,7,,2025-09-08 15:40:15.15,2025-09-08 15:40:15.15
5690,151,27,6,,2025-09-08 15:40:15.15,2025-09-08 15:40:15.15
5691,152,27,4,,2025-09-08 15:40:15.15,2025-09-08 15:40:15.15
5692,153,27,4,,2025-09-08 15:40:15.15,2025-09-08 15:40:15.15
5693,154,27,4,,2025-09-08 15:40:15.15,2025-09-08 15:40:15.15
5694,155,27,6,,2025-09-08 15:40:15.15,2025-09-08 15:40:15.15
5695,156,27,4,,2025-09-08 15:40:15.15,2025-09-08 15:40:15.15
5696,157,27,6,,2025-09-08 15:40:15.15,2025-09-08 15:40:15.15
5697,158,27,4,,2025-09-08 15:40:15.15,2025-09-08 15:40:15.15
5698,159,27,7,,2025-09-08 15:40:15.15,2025-09-08 15:40:15.15
5699,160,27,6,,2025-09-08 15:40:15.15,2025-09-08 15:40:15.15
5700,161,27,6,,2025-09-08 15:40:15.15,2025-09-08 15:40:15.15
5701,162,27,6,,2025-09-08 15:40:15.15,2025-09-08 15:40:15.15
5702,163,27,3,,2025-09-08 15:40:15.15,2025-09-08 15:40:15.15
5703,164,27,5,,2025-09-08 15:40:15.15,2025-09-08 15:40:15.15
5704,165,27,6,,2025-09-08 15:40:15.15,2025-09-08 15:40:15.15
5705,166,27,4,,2025-09-08 15:40:15.15,2025-09-08 15:40:15.15
5706,167,27,5,,2025-09-08 15:40:15.15,2025-09-08 15:40:15.15
5707,168,27,7,,2025-09-08 15:40:15.15,2025-09-08 15:40:15.15
5708,169,27,4,,2025-09-08 15:40:15.15,2025-09-08 15:40:15.15
5709,170,27,7,,2025-09-08 15:40:15.15,2025-09-08 15:40:15.15
5710,171,27,4,,2025-09-08 15:40:15.15,2025-09-08 15:40:15.15
5711,172,27,2,,2025-09-08 15:40:15.15,2025-09-08 15:40:15.15
5712,173,27,3,,2025-09-08 15:40:15.15,2025-09-08 15:40:15.15
5713,174,27,4,,2025-09-08 15:40:15.15,2025-09-08 15:40:15.15
5714,175,27,4,,2025-09-08 15:40:15.15,2025-09-08 15:40:15.15
5715,176,27,6,,2025-09-08 15:40:15.15,2025-09-08 15:40:15.15
5716,177,27,6,,2025-09-08 15:40:15.15,2025-09-08 15:40:15.15
5717,178,27,5,,2025-09-08 15:40:15.15,2025-09-08 15:40:15.15
5718,179,27,6,,2025-09-08 15:40:15.15,2025-09-08 15:40:15.15
5719,180,27,7,,2025-09-08 15:40:15.15,2025-09-08 15:40:15.15
5720,181,27,7,,2025-09-08 15:40:15.15,2025-09-08 15:40:15.15
5721,182,27,5,,2025-09-08 15:40:15.15,2025-09-08 15:40:15.15
5722,183,27,7,,2025-09-08 15:40:15.15,2025-09-08 15:40:15.15
5723,184,27,6,,2025-09-08 15:40:15.15,2025-09-08 15:40:15.15
5724,185,27,5,,2025-09-08 15:40:15.15,2025-09-08 15:40:15.15
5725,186,27,6,,2025-09-08 15:40:15.15,2025-09-08 15:40:15.15
5726,187,27,6,,2025-09-08 15:40:15.15,2025-09-08 15:40:15.15
5727,188,27,5,,2025-09-08 15:40:15.15,2025-09-08 15:40:15.15
5728,189,27,5,,2025-09-08 15:40:15.15,2025-09-08 15:40:15.15
5729,190,27,3,,2025-09-08 15:40:15.15,2025-09-08 15:40:15.15
5730,191,27,7,,2025-09-08 15:40:15.15,2025-09-08 15:40:15.15
5731,192,27,5,,2025-09-08 15:40:15.15,2025-09-08 15:40:15.15
5732,193,27,4,,2025-09-08 15:40:15.15,2025-09-08 15:40:15.15
5733,194,27,4,,2025-09-08 15:40:15.15,2025-09-08 15:40:15.15
5734,195,27,5,,2025-09-08 15:40:15.15,2025-09-08 15:40:15.15
5735,196,27,4,,2025-09-08 15:40:15.15,2025-09-08 15:40:15.15
5736,197,27,6,,2025-09-08 15:40:15.15,2025-09-08 15:40:15.15
5737,198,27,5,,2025-09-08 15:40:15.15,2025-09-08 15:40:15.15
5738,199,27,4,,2025-09-08 15:40:15.15,2025-09-08 15:40:15.15
5739,200,27,4,,2025-09-08 15:40:15.15,2025-09-08 15:40:15.15
5740,201,27,5,,2025-09-08 15:40:15.15,2025-09-08 15:40:15.15
5741,202,27,7,,2025-09-08 15:40:15.15,2025-09-08 15:40:15.15
5742,203,27,5,,2025-09-08 15:40:15.15,2025-09-08 15:40:15.15
5743,204,27,7,,2025-09-08 15:40:15.15,2025-09-08 15:40:15.15
5744,205,27,4,,2025-09-08 15:40:15.15,2025-09-08 15:40:15.15
5745,206,27,6,,2025-09-08 15:40:15.15,2025-09-08 15:40:15.15
5746,207,27,6,,2025-09-08 15:40:15.15,2025-09-08 15:40:15.15
5747,208,27,6,,2025-09-08 15:40:15.15,2025-09-08 15:40:15.15
5748,209,27,6,,2025-09-08 15:40:15.15,2025-09-08 15:40:15.15
5749,210,27,4,,2025-09-08 15:40:15.15,2025-09-08 15:40:15.15
5750,211,27,6,,2025-09-08 15:40:15.15,2025-09-08 15:40:15.15
5751,212,27,5,,2025-09-08 15:40:15.15,2025-09-08 15:40:15.15
5752,213,27,2,,2025-09-08 15:40:15.15,2025-09-08 15:40:15.15
5753,214,27,5,,2025-09-08 15:40:15.15,2025-09-08 15:40:15.15
5754,215,27,4,,2025-09-08 15:40:15.15,2025-09-08 15:40:15.15
5755,216,27,6,,2025-09-08 15:40:15.15,2025-09-08 15:40:15.15
5756,217,27,5,,2025-09-08 15:40:15.15,2025-09-08 15:40:15.15
5757,218,27,4,,2025-09-08 15:40:15.15,2025-09-08 15:40:15.15
5758,219,27,6,,2025-09-08 15:40:15.15,2025-09-08 15:40:15.15
5759,220,27,4,,2025-09-08 15:40:15.15,2025-09-08 15:40:15.15
5760,221,27,4,,2025-09-08 15:40:15.15,2025-09-08 15:40:15.15
5761,222,27,6,,2025-09-08 15:40:15.15,2025-09-08 15:40:15.15
5762,223,27,5,,2025-09-08 15:40:15.15,2025-09-08 15:40:15.15
5763,224,27,4,,2025-09-08 15:40:15.15,2025-09-08 15:40:15.15
5764,225,27,6,,2025-09-08 15:40:15.15,2025-09-08 15:40:15.15
5765,226,27,7,,2025-09-08 15:40:15.15,2025-09-08 15:40:15.15
5766,227,27,5,,2025-09-08 15:40:15.15,2025-09-08 15:40:15.15
5767,228,27,5,,2025-09-08 15:40:15.15,2025-09-08 15:40:15.15
5768,229,27,6,,2025-09-08 15:40:15.15,2025-09-08 15:40:15.15
5769,230,27,6,,2025-09-08 15:40:15.15,2025-09-08 15:40:15.15
5770,231,27,5,,2025-09-08 15:40:15.15,2025-09-08 15:40:15.15
5771,232,27,6,,2025-09-08 15:40:15.15,2025-09-08 15:40:15.15
5772,233,27,5,,2025-09-08 15:40:15.15,2025-09-08 15:40:15.15
5773,234,27,5,,2025-09-08 15:40:15.15,2025-09-08 15:40:15.15
5774,235,27,6,,2025-09-08 15:40:15.15,2025-09-08 15:40:15.15
5775,236,27,7,,2025-09-08 15:40:15.15,2025-09-08 15:40:15.15
5776,237,27,6,,2025-09-08 15:40:15.15,2025-09-08 15:40:15.15
5777,238,27,6,,2025-09-08 15:40:15.15,2025-09-08 15:40:15.15
5778,239,27,5,,2025-09-08 15:40:15.15,2025-09-08 15:40:15.15
5779,240,27,7,,2025-09-08 15:40:15.15,2025-09-08 15:40:15.15
5780,241,27,6,,2025-09-08 15:40:15.15,2025-09-08 15:40:15.15
5781,242,27,5,,2025-09-08 15:40:15.15,2025-09-08 15:40:15.15
5782,243,27,5,,2025-09-08 15:40:15.15,2025-09-08 15:40:15.15
5783,244,27,6,,2025-09-08 15:40:15.15,2025-09-08 15:40:15.15
5784,245,27,5,,2025-09-08 15:40:15.15,2025-09-08 15:40:15.15
5785,246,27,5,,2025-09-08 15:40:15.15,2025-09-08 15:40:15.15
5786,247,27,7,,2025-09-08 15:40:15.15,2025-09-08 15:40:15.15
5787,248,27,4,,2025-09-08 15:40:15.15,2025-09-08 15:40:15.15
5788,249,27,6,,2025-09-08 15:40:15.15,2025-09-08 15:40:15.15
5789,250,27,6,,2025-09-08 15:40:15.15,2025-09-08 15:40:15.15
5790,251,27,6,,2025-09-08 15:40:15.15,2025-09-08 15:40:15.15
5791,252,27,6,,2025-09-08 15:40:15.15,2025-09-08 15:40:15.15
5792,253,27,6,,2025-09-08 15:40:15.15,2025-09-08 15:40:15.15
5793,254,27,7,,2025-09-08 15:40:15.15,2025-09-08 15:40:15.15
5794,255,27,4,,2025-09-08 15:40:15.15,2025-09-08 15:40:15.15
5795,256,27,5,,2025-09-08 15:40:15.15,2025-09-08 15:40:15.15
5796,257,27,7,,2025-09-08 15:40:15.15,2025-09-08 15:40:15.15
5797,258,27,4,,2025-09-08 15:40:15.15,2025-09-08 15:40:15.15
5798,259,27,4,,2025-09-08 15:40:15.15,2025-09-08 15:40:15.15
5799,260,27,6,,2025-09-08 15:40:15.15,2025-09-08 15:40:15.15
5800,261,27,4,,2025-09-08 15:40:16.16,2025-09-08 15:40:16.16
5801,262,27,6,,2025-09-08 15:40:16.16,2025-09-08 15:40:16.16
5802,263,27,6,,2025-09-08 15:40:16.16,2025-09-08 15:40:16.16
5803,264,27,4,,2025-09-08 15:40:16.16,2025-09-08 15:40:16.16
5804,265,27,4,,2025-09-08 15:40:16.16,2025-09-08 15:40:16.16
5805,266,27,5,,2025-09-08 15:40:16.16,2025-09-08 15:40:16.16
5806,267,27,5,,2025-09-08 15:40:16.16,2025-09-08 15:40:16.16
5807,268,27,5,,2025-09-08 15:40:16.16,2025-09-08 15:40:16.16
5808,269,27,4,,2025-09-08 15:40:16.16,2025-09-08 15:40:16.16
5809,270,27,4,,2025-09-08 15:40:16.16,2025-09-08 15:40:16.16
5810,271,27,2,,2025-09-08 15:40:16.16,2025-09-08 15:40:16.16
5811,272,27,5,,2025-09-08 15:40:16.16,2025-09-08 15:40:16.16
5812,273,27,5,,2025-09-08 15:40:16.16,2025-09-08 15:40:16.16
5813,274,27,3,,2025-09-08 15:40:16.16,2025-09-08 15:40:16.16
5814,275,27,4,,2025-09-08 15:40:16.16,2025-09-08 15:40:16.16
5815,276,27,6,,2025-09-08 15:40:16.16,2025-09-08 15:40:16.16
5816,277,27,4,,2025-09-08 15:40:16.16,2025-09-08 15:40:16.16
5817,278,27,5,,2025-09-08 15:40:16.16,2025-09-08 15:40:16.16
5818,279,27,4,,2025-09-08 15:40:16.16,2025-09-08 15:40:16.16
5819,280,27,5,,2025-09-08 15:40:16.16,2025-09-08 15:40:16.16
5820,281,27,6,,2025-09-08 15:40:16.16,2025-09-08 15:40:16.16
5821,282,27,6,,2025-09-08 15:40:16.16,2025-09-08 15:40:16.16
5822,283,27,6,,2025-09-08 15:40:16.16,2025-09-08 15:40:16.16
5823,284,27,6,,2025-09-08 15:40:16.16,2025-09-08 15:40:16.16
5824,285,27,4,,2025-09-08 15:40:16.16,2025-09-08 15:40:16.16
5825,286,27,7,,2025-09-08 15:40:16.16,2025-09-08 15:40:16.16
5826,287,27,5,,2025-09-08 15:40:16.16,2025-09-08 15:40:16.16
5827,288,27,6,,2025-09-08 15:40:16.16,2025-09-08 15:40:16.16
5828,289,27,6,,2025-09-08 15:40:16.16,2025-09-08 15:40:16.16
5829,290,27,4,,2025-09-08 15:40:16.16,2025-09-08 15:40:16.16
5830,291,27,4,,2025-09-08 15:40:16.16,2025-09-08 15:40:16.16
5831,292,27,4,,2025-09-08 15:40:16.16,2025-09-08 15:40:16.16
5832,293,27,6,,2025-09-08 15:40:16.16,2025-09-08 15:40:16.16
5833,294,27,6,,2025-09-08 15:40:16.16,2025-09-08 15:40:16.16
5834,295,27,6,,2025-09-08 15:40:16.16,2025-09-08 15:40:16.16
5835,296,27,5,,2025-09-08 15:40:16.16,2025-09-08 15:40:16.16
5836,297,27,6,,2025-09-08 15:40:16.16,2025-09-08 15:40:16.16
5837,298,27,5,,2025-09-08 15:40:16.16,2025-09-08 15:40:16.16
5838,299,27,7,,2025-09-08 15:40:16.16,2025-09-08 15:40:16.16
5839,300,27,4,,2025-09-08 15:40:16.16,2025-09-08 15:40:16.16
5840,301,27,7,,2025-09-08 15:40:16.16,2025-09-08 15:40:16.16
5841,302,27,7,,2025-09-08 15:40:16.16,2025-09-08 15:40:16.16
5842,303,27,6,,2025-09-08 15:40:16.16,2025-09-08 15:40:16.16
5843,304,27,7,,2025-09-08 15:40:16.16,2025-09-08 15:40:16.16
5844,305,27,5,,2025-09-08 15:40:16.16,2025-09-08 15:40:16.16
5845,306,27,6,,2025-09-08 15:40:16.16,2025-09-08 15:40:16.16
5846,307,27,5,,2025-09-08 15:40:16.16,2025-09-08 15:40:16.16
5847,308,27,6,,2025-09-08 15:40:16.16,2025-09-08 15:40:16.16
5848,309,27,6,,2025-09-08 15:40:16.16,2025-09-08 15:40:16.16
5849,310,27,6,,2025-09-08 15:40:16.16,2025-09-08 15:40:16.16
5850,311,27,5,,2025-09-08 15:40:16.16,2025-09-08 15:40:16.16
5851,312,27,4,,2025-09-08 15:40:16.16,2025-09-08 15:40:16.16
5852,313,27,6,,2025-09-08 15:40:16.16,2025-09-08 15:40:16.16
5853,314,27,4,,2025-09-08 15:40:16.16,2025-09-08 15:40:16.16
5854,315,27,7,,2025-09-08 15:40:16.16,2025-09-08 15:40:16.16
5855,316,27,7,,2025-09-08 15:40:16.16,2025-09-08 15:40:16.16
5856,317,27,5,,2025-09-08 15:40:16.16,2025-09-08 15:40:16.16
5857,318,27,7,,2025-09-08 15:40:16.16,2025-09-08 15:40:16.16
5858,319,27,3,,2025-09-08 15:40:16.16,2025-09-08 15:40:16.16
5859,320,27,6,,2025-09-08 15:40:16.16,2025-09-08 15:40:16.16
5860,321,27,6,,2025-09-08 15:40:16.16,2025-09-08 15:40:16.16
5861,322,27,6,,2025-09-08 15:40:16.16,2025-09-08 15:40:16.16
5862,323,27,5,,2025-09-08 15:40:16.16,2025-09-08 15:40:16.16
5863,324,27,4,,2025-09-08 15:40:16.16,2025-09-08 15:40:16.16
5864,325,27,5,,2025-09-08 15:40:16.16,2025-09-08 15:40:16.16
5865,326,27,4,,2025-09-08 15:40:16.16,2025-09-08 15:40:16.16
5866,327,27,4,,2025-09-08 15:40:16.16,2025-09-08 15:40:16.16
5867,328,27,4,,2025-09-08 15:40:16.16,2025-09-08 15:40:16.16
5868,329,27,6,,2025-09-08 15:40:16.16,2025-09-08 15:40:16.16
5869,330,27,4,,2025-09-08 15:40:16.16,2025-09-08 15:40:16.16
5870,331,27,3,,2025-09-08 15:40:16.16,2025-09-08 15:40:16.16
5871,332,27,6,,2025-09-08 15:40:16.16,2025-09-08 15:40:16.16
5872,333,27,4,,2025-09-08 15:40:16.16,2025-09-08 15:40:16.16
5873,334,27,5,,2025-09-08 15:40:16.16,2025-09-08 15:40:16.16
5874,335,27,4,,2025-09-08 15:40:16.16,2025-09-08 15:40:16.16
5875,336,27,5,,2025-09-08 15:40:16.16,2025-09-08 15:40:16.16
5876,337,27,4,,2025-09-08 15:40:16.16,2025-09-08 15:40:16.16
5877,338,27,6,,2025-09-08 15:40:16.16,2025-09-08 15:40:16.16
5878,339,27,6,,2025-09-08 15:40:16.16,2025-09-08 15:40:16.16
5879,340,27,6,,2025-09-08 15:40:16.16,2025-09-08 15:40:16.16
5880,341,27,6,,2025-09-08 15:40:16.16,2025-09-08 15:40:16.16
5881,342,27,7,,2025-09-08 15:40:16.16,2025-09-08 15:40:16.16
5882,343,27,5,,2025-09-08 15:40:16.16,2025-09-08 15:40:16.16
5883,344,27,4,,2025-09-08 15:40:16.16,2025-09-08 15:40:16.16
5884,345,27,5,,2025-09-08 15:40:16.16,2025-09-08 15:40:16.16
5885,346,27,6,,2025-09-08 15:40:16.16,2025-09-08 15:40:16.16
5886,347,27,4,,2025-09-08 15:40:16.16,2025-09-08 15:40:16.16
5887,348,27,4,,2025-09-08 15:40:16.16,2025-09-08 15:40:16.16
5888,349,27,4,,2025-09-08 15:40:16.16,2025-09-08 15:40:16.16
5889,350,27,5,,2025-09-08 15:40:16.16,2025-09-08 15:40:16.16
5890,351,27,5,,2025-09-08 15:40:16.16,2025-09-08 15:40:16.16
5891,352,27,4,,2025-09-08 15:40:16.16,2025-09-08 15:40:16.16
5892,353,27,5,,2025-09-08 15:40:16.16,2025-09-08 15:40:16.16
5893,354,27,5,,2025-09-08 15:40:16.16,2025-09-08 15:40:16.16
5894,355,27,4,,2025-09-08 15:40:16.16,2025-09-08 15:40:16.16
5895,356,27,2,,2025-09-08 15:40:16.16,2025-09-08 15:40:16.16
5896,357,27,6,,2025-09-08 15:40:16.16,2025-09-08 15:40:16.16
5897,358,27,4,,2025-09-08 15:40:16.16,2025-09-08 15:40:16.16
5898,359,27,7,,2025-09-08 15:40:16.16,2025-09-08 15:40:16.16
5899,360,27,4,,2025-09-08 15:40:16.16,2025-09-08 15:40:16.16
5900,361,27,5,,2025-09-08 15:40:16.16,2025-09-08 15:40:16.16
5901,362,27,4,,2025-09-08 15:40:16.16,2025-09-08 15:40:16.16
5902,363,27,4,,2025-09-08 15:40:16.16,2025-09-08 15:40:16.16
5903,364,27,6,,2025-09-08 15:40:16.16,2025-09-08 15:40:16.16
5904,365,27,7,,2025-09-08 15:40:16.16,2025-09-08 15:40:16.16
5905,366,27,6,,2025-09-08 15:40:16.16,2025-09-08 15:40:16.16
5906,367,27,4,,2025-09-08 15:40:16.16,2025-09-08 15:40:16.16
5907,368,27,4,,2025-09-08 15:40:16.16,2025-09-08 15:40:16.16
5908,369,27,4,,2025-09-08 15:40:16.16,2025-09-08 15:40:16.16
5909,1,19,2,,2025-09-09 11:33:17.17,2025-09-09 11:33:17.17
5910,1,20,5,,2025-09-09 11:33:17.17,2025-09-09 11:33:17.17
5911,1,21,2,,2025-09-09 11:33:17.17,2025-09-09 11:33:17.17
5912,1,22,4,,2025-09-09 11:33:17.17,2025-09-09 11:33:17.17
5913,1,23,7,,2025-09-09 11:33:17.17,2025-09-09 11:33:17.17
5914,1,24,3,,2025-09-09 11:33:17.17,2025-09-09 11:33:17.17
5915,1,25,4,,2025-09-09 11:33:17.17,2025-09-09 11:33:17.17
5916,1,26,7,,2025-09-09 11:33:17.17,2025-09-09 11:33:17.17
5917,1,27,4,,2025-09-09 11:33:17.17,2025-09-09 11:33:17.17
5918,1,28,2,,2025-09-09 11:33:17.17,2025-09-09 11:33:17.17
5919,1,29,5,,2025-09-09 11:33:17.17,2025-09-09 11:33:17.17
5920,1,19,5,,2025-09-09 11:48:16.16,2025-09-09 11:48:16.16
5921,1,20,2,,2025-09-09 11:48:20.2,2025-09-09 11:48:20.2
5922,1,21,4,,2025-09-09 11:48:24.24,2025-09-09 11:48:24.24
5923,1,22,7,,2025-09-09 11:48:27.27,2025-09-09 11:48:27.27
5924,1,23,3,,2025-09-09 11:48:28.28,2025-09-09 11:48:28.28
5925,1,24,6,,2025-09-09 11:48:28.28,2025-09-09 11:48:28.28
5926,1,25,3,,2025-09-09 11:48:28.28,2025-09-09 11:48:28.28
5927,1,26,5,,2025-09-09 11:48:28.28,2025-09-09 11:48:28.28
5928,1,27,3,,2025-09-09 11:48:28.28,2025-09-09 11:48:28.28
5929,1,28,2,,2025-09-09 11:48:28.28,2025-09-09 11:48:28.28
5930,1,29,5,,2025-09-09 11:48:28.28,2025-09-09 11:48:28.28
5931,1,20,2,,2025-09-09 11:48:28.28,2025-09-09 11:48:28.28
5932,1,31,5,,2025-09-09 11:48:28.28,2025-09-09 11:48:28.28
5933,1,32,2,,2025-09-09 11:48:28.28,2025-09-09 11:48:28.28
5934,1,33,4,,2025-09-09 11:48:28.28,2025-09-09 11:48:28.28
5935,1,34,3,,2025-09-09 11:48:28.28,2025-09-09 11:48:28.28
5936,1,19,1,,2025-09-10 16:09:25.25,2025-09-10 16:09:25.25
5937,1,20,1,,2025-09-10 16:09:25.25,2025-09-10 16:09:25.25
5938,1,21,1,,2025-09-10 16:09:25.25,2025-09-10 16:09:25.25
5939,1,22,1,,2025-09-10 16:09:25.25,2025-09-10 16:09:25.25
5940,1,23,1,,2025-09-10 16:09:25.25,2025-09-10 16:09:25.25
5941,1,24,1,,2025-09-10 16:09:25.25,2025-09-10 16:09:25.25
5942,1,25,1,,2025-09-10 16:09:25.25,2025-09-10 16:09:25.25
5943,1,26,1,,2025-09-10 16:09:25.25,2025-09-10 16:09:25.25
5944,1,27,1,,2025-09-10 16:09:25.25,2025-09-10 16:09:25.25
5945,1,28,1,,2025-09-10 16:09:25.25,2025-09-10 16:09:25.25
5946,1,19,1,,2025-09-10 16:12:24.24,2025-09-10 16:12:24.24
5947,1,20,1,,2025-09-10 16:12:24.24,2025-09-10 16:12:24.24
5948,1,21,1,,2025-09-10 16:12:24.24,2025-09-10 16:12:24.24
5949,1,22,1,,2025-09-10 16:12:24.24,2025-09-10 16:12:24.24
5950,1,23,1,,2025-09-10 16:12:24.24,2025-09-10 16:12:24.24
5951,1,24,1,,2025-09-10 16:12:24.24,2025-09-10 16:12:24.24
5952,1,25,1,,2025-09-10 16:12:24.24,2025-09-10 16:12:24.24
5953,1,26,1,,2025-09-10 16:12:24.24,2025-09-10 16:12:24.24
5954,1,27,1,,2025-09-10 16:12:24.24,2025-09-10 16:12:24.24
5955,1,28,1,,2025-09-10 16:12:24.24,2025-09-10 16:12:24.24
5956,1,29,1,,2025-09-10 16:12:24.24,2025-09-10 16:12:24.24
5957,1,20,1,,2025-09-10 16:12:24.24,2025-09-10 16:12:24.24
5958,1,31,1,,2025-09-10 16:12:24.24,2025-09-10 16:12:24.24
5959,1,32,1,,2025-09-10 16:12:24.24,2025-09-10 16:12:24.24
5960,1,33,1,,2025-09-10 16:12:24.24,2025-09-10 16:12:24.24
5961,1,34,1,,2025-09-10 16:12:24.24,2025-09-10 16:12:24.24
5962,1,19,5,,2025-09-10 16:39:36.36,2025-09-10 16:39:36.36
5963,1,20,2,,2025-09-10 16:39:36.36,2025-09-10 16:39:36.36
5964,1,21,4,,2025-09-10 16:39:36.36,2025-09-10 16:39:36.36
5965,1,22,2,,2025-09-10 16:39:36.36,2025-09-10 16:39:36.36
5966,1,23,6,,2025-09-10 16:39:36.36,2025-09-10 16:39:36.36
5967,1,24,3,,2025-09-10 16:39:36.36,2025-09-10 16:39:36.36
5968,1,25,5,,2025-09-10 16:39:36.36,2025-09-10 16:39:36.36
5969,1,26,1,,2025-09-10 16:39:36.36,2025-09-10 16:39:36.36
5970,1,27,2,,2025-09-10 16:39:36.36,2025-09-10 16:39:36.36
5971,1,28,5,,2025-09-10 16:39:37.37,2025-09-10 16:39:37.37
5972,1,29,3,,2025-09-10 16:39:37.37,2025-09-10 16:39:37.37
5973,1,20,1,,2025-09-10 16:39:37.37,2025-09-10 16:39:37.37
5974,1,31,7,,2025-09-10 16:39:37.37,2025-09-10 16:39:37.37
5975,1,32,2,,2025-09-10 16:39:37.37,2025-09-10 16:39:37.37
5976,1,33,6,,2025-09-10 16:39:37.37,2025-09-10 16:39:37.37
5977,1,34,4,,2025-09-10 16:39:37.37,2025-09-10 16:39:37.37
5978,1,19,3,,2025-09-10 16:40:31.31,2025-09-10 16:40:31.31
5979,1,20,4,,2025-09-10 16:40:31.31,2025-09-10 16:40:31.31
5980,1,21,2,,2025-09-10 16:40:31.31,2025-09-10 16:40:31.31
5981,1,22,5,,2025-09-10 16:40:31.31,2025-09-10 16:40:31.31
5982,1,23,3,,2025-09-10 16:40:31.31,2025-09-10 16:40:31.31
5983,1,24,3,,2025-09-10 16:40:31.31,2025-09-10 16:40:31.31
5984,1,25,5,,2025-09-10 16:40:31.31,2025-09-10 16:40:31.31
5985,1,26,3,,2025-09-10 16:40:31.31,2025-09-10 16:40:31.31
5986,1,27,2,,2025-09-10 16:40:31.31,2025-09-10 16:40:31.31
5987,1,28,4,,2025-09-10 16:40:31.31,2025-09-10 16:40:31.31
5988,1,29,2,,2025-09-10 16:40:31.31,2025-09-10 16:40:31.31
5989,1,20,5,,2025-09-10 16:40:31.31,2025-09-10 16:40:31.31
5990,1,31,2,,2025-09-10 16:40:31.31,2025-09-10 16:40:31.31
5991,1,32,4,,2025-09-10 16:40:31.31,2025-09-10 16:40:31.31
5992,1,33,2,,2025-09-10 16:40:31.31,2025-09-10 16:40:31.31
5993,1,34,3,,2025-09-10 16:40:31.31,2025-09-10 16:40:31.31
5994,1,19,1,,2025-09-10 16:43:39.39,2025-09-10 16:43:39.39
5995,1,20,1,,2025-09-10 16:43:39.39,2025-09-10 16:43:39.39
5996,1,21,1,,2025-09-10 16:43:39.39,2025-09-10 16:43:39.39
5997,1,22,1,,2025-09-10 16:43:39.39,2025-09-10 16:43:39.39
5998,1,23,1,,2025-09-10 16:43:39.39,2025-09-10 16:43:39.39
5999,1,24,1,,2025-09-10 16:43:39.39,2025-09-10 16:43:39.39
6000,1,25,1,,2025-09-10 16:43:39.39,2025-09-10 16:43:39.39
6001,1,26,1,,2025-09-10 16:43:39.39,2025-09-10 16:43:39.39
6002,1,27,1,,2025-09-10 16:43:39.39,2025-09-10 16:43:39.39
6003,1,28,1,,2025-09-10 16:43:39.39,2025-09-10 16:43:39.39
6004,1,29,1,,2025-09-10 16:43:39.39,2025-09-10 16:43:39.39
6005,1,20,1,,2025-09-10 16:43:39.39,2025-09-10 16:43:39.39
6006,1,31,1,,2025-09-10 16:43:39.39,2025-09-10 16:43:39.39
6007,1,32,1,,2025-09-10 16:43:39.39,2025-09-10 16:43:39.39
6008,1,33,1,,2025-09-10 16:43:39.39,2025-09-10 16:43:39.39
6009,1,34,1,,2025-09-10 16:43:39.39,2025-09-10 16:43:39.39
6010,1,19,1,,2025-09-10 16:46:45.45,2025-09-10 16:46:45.45
6011,1,20,1,,2025-09-10 16:46:45.45,2025-09-10 16:46:45.45
6012,1,21,1,,2025-09-10 16:46:45.45,2025-09-10 16:46:45.45
6013,1,22,1,,2025-09-10 16:46:45.45,2025-09-10 16:46:45.45
6014,1,23,1,,2025-09-10 16:46:45.45,2025-09-10 16:46:45.45
6015,1,24,1,,2025-09-10 16:46:45.45,2025-09-10 16:46:45.45
6016,1,25,1,,2025-09-10 16:46:45.45,2025-09-10 16:46:45.45
6017,1,26,1,,2025-09-10 16:46:45.45,2025-09-10 16:46:45.45
6018,1,27,1,,2025-09-10 16:46:45.45,2025-09-10 16:46:45.45
6019,1,28,1,,2025-09-10 16:46:45.45,2025-09-10 16:46:45.45
6020,1,29,1,,2025-09-10 16:46:45.45,2025-09-10 16:46:45.45
6021,1,20,1,,2025-09-10 16:46:45.45,2025-09-10 16:46:45.45
6022,1,31,1,,2025-09-10 16:46:45.45,2025-09-10 16:46:45.45
6023,1,32,1,,2025-09-10 16:46:45.45,2025-09-10 16:46:45.45
6024,1,33,1,,2025-09-10 16:46:45.45,2025-09-10 16:46:45.45
6025,1,34,1,,2025-09-10 16:46:45.45,2025-09-10 16:46:45.45
6026,1,19,5,,2025-09-10 16:51:48.48,2025-09-10 16:51:48.48
6027,1,20,3,,2025-09-10 16:51:48.48,2025-09-10 16:51:48.48
6028,1,21,5,,2025-09-10 16:51:48.48,2025-09-10 16:51:48.48
6029,1,22,3,,2025-09-10 16:51:48.48,2025-09-10 16:51:48.48
6030,1,23,2,,2025-09-10 16:51:48.48,2025-09-10 16:51:48.48
6031,1,24,5,,2025-09-10 16:51:48.48,2025-09-10 16:51:48.48
6032,1,25,1,,2025-09-10 16:51:48.48,2025-09-10 16:51:48.48
6033,1,26,7,,2025-09-10 16:51:48.48,2025-09-10 16:51:48.48
6034,1,27,5,,2025-09-10 16:51:48.48,2025-09-10 16:51:48.48
6035,1,28,5,,2025-09-10 16:51:48.48,2025-09-10 16:51:48.48
6036,1,29,2,,2025-09-10 16:51:48.48,2025-09-10 16:51:48.48
6037,1,20,3,,2025-09-10 16:51:49.49,2025-09-10 16:51:49.49
6038,1,31,5,,2025-09-10 16:51:49.49,2025-09-10 16:51:49.49
6039,1,32,7,,2025-09-10 16:51:49.49,2025-09-10 16:51:49.49
6040,1,19,4,1,2025-09-11 11:31:24.222,2025-09-11 11:31:24.222
6041,1,20,5,2,2025-09-11 11:31:24.269,2025-09-11 11:31:24.269
6042,1,21,5,3,2025-09-11 11:31:24.28,2025-09-11 11:31:24.28
6043,1,22,2,4,2025-09-11 11:31:24.289,2025-09-11 11:31:24.289
6044,1,23,5,5,2025-09-11 11:31:24.301,2025-09-11 11:31:24.301
6045,1,24,1,6,2025-09-11 11:31:24.311,2025-09-11 11:31:24.311
6046,1,25,4,7,2025-09-11 11:31:24.321,2025-09-11 11:31:24.321
6047,1,26,6,8,2025-09-11 11:31:24.331,2025-09-11 11:31:24.331
6048,1,27,3,9,2025-09-11 11:31:24.343,2025-09-11 11:31:24.343
6049,1,28,7,10,2025-09-11 11:31:24.355,2025-09-11 11:31:24.355
6050,1,29,5,11,2025-09-11 11:31:24.366,2025-09-11 11:31:24.366
6051,1,20,2,12,2025-09-11 11:31:24.377,2025-09-11 11:31:24.377
6052,1,31,5,13,2025-09-11 11:31:24.387,2025-09-11 11:31:24.387
6053,1,32,5,14,2025-09-11 11:31:24.396,2025-09-11 11:31:24.396
6054,1,33,2,15,2025-09-11 11:31:24.405,2025-09-11 11:31:24.405
6055,1,34,4,16,2025-09-11 11:31:24.415,2025-09-11 11:31:24.415
6056,1,19,4,1,2025-09-11 11:51:25.427,2025-09-11 11:51:25.427
6057,1,20,2,2,2025-09-11 11:51:25.474,2025-09-11 11:51:25.474
6058,1,21,1,3,2025-09-11 11:51:25.486,2025-09-11 11:51:25.486
6059,1,22,1,4,2025-09-11 11:51:25.497,2025-09-11 11:51:25.497
6060,1,23,1,5,2025-09-11 11:51:25.507,2025-09-11 11:51:25.507
6061,1,24,6,6,2025-09-11 11:51:25.517,2025-09-11 11:51:25.517
6062,1,25,3,7,2025-09-11 11:51:25.526,2025-09-11 11:51:25.526
6063,1,26,1,8,2025-09-11 11:51:25.536,2025-09-11 11:51:25.536
6064,1,27,1,9,2025-09-11 11:51:25.548,2025-09-11 11:51:25.548
6065,1,28,1,10,2025-09-11 11:51:25.559,2025-09-11 11:51:25.559
6066,1,29,1,11,2025-09-11 11:51:25.57,2025-09-11 11:51:25.57
6067,1,20,1,12,2025-09-11 11:51:25.583,2025-09-11 11:51:25.583
6068,1,31,1,13,2025-09-11 11:51:25.594,2025-09-11 11:51:25.594
6069,1,32,1,14,2025-09-11 11:51:25.605,2025-09-11 11:51:25.605
6070,1,33,1,15,2025-09-11 11:51:25.615,2025-09-11 11:51:25.615
6071,1,34,1,16,2025-09-11 11:51:25.624,2025-09-11 11:51:25.624
6072,1,19,2,"",2025-09-11 14:55:14.041,2025-09-11 14:55:14.041
6073,1,20,4,"",2025-09-11 14:55:14.093,2025-09-11 14:55:14.093
6074,1,21,3,"",2025-09-11 14:55:14.103,2025-09-11 14:55:14.103
6075,1,22,4,"",2025-09-11 14:55:14.114,2025-09-11 14:55:14.114
6076,1,23,3,"",2025-09-11 14:55:14.125,2025-09-11 14:55:14.125
6077,1,24,1,"",2025-09-11 14:55:14.134,2025-09-11 14:55:14.134
6078,1,25,4,"",2025-09-11 14:55:14.142,2025-09-11 14:55:14.142
6079,1,26,6,"",2025-09-11 14:55:14.15,2025-09-11 14:55:14.15
6080,1,27,3,"",2025-09-11 14:55:14.158,2025-09-11 14:55:14.158
6081,1,28,5,"",2025-09-11 14:55:14.167,2025-09-11 14:55:14.167
6082,1,29,1,"",2025-09-11 14:55:14.177,2025-09-11 14:55:14.177
6083,1,20,3,"",2025-09-11 14:55:14.186,2025-09-11 14:55:14.186
6084,1,31,5,"",2025-09-11 14:55:14.195,2025-09-11 14:55:14.195
6085,1,32,3,"",2025-09-11 14:55:14.204,2025-09-11 14:55:14.204
6086,1,33,5,"",2025-09-11 14:55:14.213,2025-09-11 14:55:14.213
6087,1,34,3,"",2025-09-11 14:55:14.223,2025-09-11 14:55:14.223
6088,1,19,3,"",2025-09-11 15:16:42.036,2025-09-11 15:16:42.036
6089,1,20,1,"",2025-09-11 15:16:42.077,2025-09-11 15:16:42.077
6090,1,21,1,"",2025-09-11 15:16:42.089,2025-09-11 15:16:42.089
6091,1,22,1,"",2025-09-11 15:16:42.101,2025-09-11 15:16:42.101
6092,1,23,1,"",2025-09-11 15:16:42.113,2025-09-11 15:16:42.113
6093,1,24,1,"",2025-09-11 15:16:42.124,2025-09-11 15:16:42.124
6094,1,25,1,"",2025-09-11 15:16:42.134,2025-09-11 15:16:42.134
6095,1,26,1,"",2025-09-11 15:16:42.145,2025-09-11 15:16:42.145
6096,1,27,1,"",2025-09-11 15:16:42.156,2025-09-11 15:16:42.156
6097,1,28,1,"",2025-09-11 15:16:42.164,2025-09-11 15:16:42.164
6098,1,29,1,"",2025-09-11 15:16:42.174,2025-09-11 15:16:42.174
6100,1,35,3,"",2025-09-11 15:49:47.995,2025-09-11 15:49:47.995
6101,1,36,4,"",2025-09-11 15:49:48.037,2025-09-11 15:49:48.037
6102,1,37,2,"",2025-09-11 15:49:48.049,2025-09-11 15:49:48.049
6103,1,38,7,"",2025-09-11 15:49:48.057,2025-09-11 15:49:48.057
6104,1,39,3,"",2025-09-11 15:49:48.064,2025-09-11 15:49:48.064
6105,1,40,7,"",2025-09-11 15:49:48.073,2025-09-11 15:49:48.073
6106,1,41,4,"",2025-09-11 15:49:48.08,2025-09-11 15:49:48.08
6107,1,42,1,"",2025-09-11 15:49:48.09,2025-09-11 15:49:48.09
6108,1,43,3,"",2025-09-11 15:49:48.097,2025-09-11 15:49:48.097
6109,1,44,5,"",2025-09-11 15:49:48.106,2025-09-11 15:49:48.106
6110,1,45,1,"",2025-09-11 15:49:48.115,2025-09-11 15:49:48.115
6111,1,36,6,"",2025-09-11 15:49:48.123,2025-09-11 15:49:48.123
6112,1,47,1,"",2025-09-11 15:49:48.131,2025-09-11 15:49:48.131
6113,1,48,5,"",2025-09-11 15:49:48.139,2025-09-11 15:49:48.139
6114,1,49,3,"",2025-09-11 15:49:48.164,2025-09-11 15:49:48.164
6115,1,50,4,"",2025-09-11 15:49:48.174,2025-09-11 15:49:48.174
6116,1,35,1,"",2025-09-11 18:42:16.827,2025-09-11 18:42:16.827
6117,1,36,1,"",2025-09-11 18:42:16.868,2025-09-11 18:42:16.868
6118,1,37,1,"",2025-09-11 18:42:16.881,2025-09-11 18:42:16.881
6119,1,38,1,"",2025-09-11 18:42:16.897,2025-09-11 18:42:16.897
6120,1,39,1,"",2025-09-11 18:42:16.908,2025-09-11 18:42:16.908
6121,1,40,1,"",2025-09-11 18:42:16.92,2025-09-11 18:42:16.92
6122,1,41,1,"",2025-09-11 18:42:16.932,2025-09-11 18:42:16.932
6123,1,42,1,"",2025-09-11 18:42:16.941,2025-09-11 18:42:16.941
6124,1,43,1,"",2025-09-11 18:42:16.953,2025-09-11 18:42:16.953
6125,1,44,1,"",2025-09-11 18:42:16.964,2025-09-11 18:42:16.964
6126,1,45,1,"",2025-09-11 18:42:16.977,2025-09-11 18:42:16.977
6128,1,35,1,"",2025-09-11 18:45:09.339,2025-09-11 18:45:09.339
6129,1,36,1,"",2025-09-11 18:45:09.363,2025-09-11 18:45:09.363
6130,1,37,1,"",2025-09-11 18:45:09.378,2025-09-11 18:45:09.378
6131,1,38,1,"",2025-09-11 18:45:09.394,2025-09-11 18:45:09.394
6132,1,39,1,"",2025-09-11 18:45:09.41,2025-09-11 18:45:09.41
6133,1,40,1,"",2025-09-11 18:45:09.423,2025-09-11 18:45:09.423
6134,1,41,1,"",2025-09-11 18:45:09.434,2025-09-11 18:45:09.434
6135,1,42,1,"",2025-09-11 18:45:09.444,2025-09-11 18:45:09.444
6136,1,43,1,"",2025-09-11 18:45:09.455,2025-09-11 18:45:09.455
6137,1,35,1,"",2025-09-11 18:47:15.04,2025-09-11 18:47:15.04
6138,1,36,1,"",2025-09-11 18:47:15.065,2025-09-11 18:47:15.065
6139,1,37,1,"",2025-09-11 18:47:15.075,2025-09-11 18:47:15.075
6140,1,38,1,"",2025-09-11 18:47:15.084,2025-09-11 18:47:15.084
6141,1,39,1,"",2025-09-11 18:47:15.094,2025-09-11 18:47:15.094
6142,1,40,1,"",2025-09-11 18:47:15.103,2025-09-11 18:47:15.103
6143,1,41,1,"",2025-09-11 18:47:15.114,2025-09-11 18:47:15.114
6144,1,42,1,"",2025-09-11 18:47:15.126,2025-09-11 18:47:15.126
6145,1,43,1,"",2025-09-11 18:47:15.136,2025-09-11 18:47:15.136
6146,1,44,1,"",2025-09-11 18:47:15.146,2025-09-11 18:47:15.146
6147,1,45,1,"",2025-09-11 18:47:15.155,2025-09-11 18:47:15.155
6148,1,36,1,"",2025-09-11 18:47:15.164,2025-09-11 18:47:15.164
6149,1,47,1,"",2025-09-11 18:47:15.173,2025-09-11 18:47:15.173
6150,1,48,1,"",2025-09-11 18:47:15.182,2025-09-11 18:47:15.182
6151,1,49,1,"",2025-09-11 18:47:15.201,2025-09-11 18:47:15.201
6152,1,50,1,"",2025-09-11 18:47:15.213,2025-09-11 18:47:15.213
6153,1,35,4,"",2025-09-11 18:50:49.257,2025-09-11 18:50:49.257
6154,1,36,5,"",2025-09-11 18:50:49.282,2025-09-11 18:50:49.282
6155,1,37,2,"",2025-09-11 18:50:49.296,2025-09-11 18:50:49.296
6156,1,38,7,"",2025-09-11 18:50:49.309,2025-09-11 18:50:49.309
6157,1,39,3,"",2025-09-11 18:50:49.32,2025-09-11 18:50:49.32
6158,1,40,4,"",2025-09-11 18:50:49.33,2025-09-11 18:50:49.33
6159,1,41,1,"",2025-09-11 18:50:49.34,2025-09-11 18:50:49.34
6160,1,42,2,"",2025-09-11 18:50:49.351,2025-09-11 18:50:49.351
6161,1,43,5,"",2025-09-11 18:50:49.362,2025-09-11 18:50:49.362
6162,1,44,2,"",2025-09-11 18:50:49.371,2025-09-11 18:50:49.371
6163,1,45,4,"",2025-09-11 18:50:49.383,2025-09-11 18:50:49.383
6164,1,36,5,"",2025-09-11 18:50:49.395,2025-09-11 18:50:49.395
6165,1,47,2,"",2025-09-11 18:50:49.406,2025-09-11 18:50:49.406
6166,1,48,3,"",2025-09-11 18:50:49.415,2025-09-11 18:50:49.415
6167,1,49,6,"",2025-09-11 18:50:49.425,2025-09-11 18:50:49.425
6168,1,50,5,"",2025-09-11 18:50:49.435,2025-09-11 18:50:49.435
6169,1,35,1,"",2025-09-11 18:55:55.569,2025-09-11 18:55:55.569
6170,1,36,1,"",2025-09-11 18:55:55.595,2025-09-11 18:55:55.595
6171,1,37,1,"",2025-09-11 18:55:55.607,2025-09-11 18:55:55.607
6172,1,38,1,"",2025-09-11 18:55:55.62,2025-09-11 18:55:55.62
6173,1,39,1,"",2025-09-11 18:55:55.633,2025-09-11 18:55:55.633
6174,1,40,1,"",2025-09-11 18:55:55.645,2025-09-11 18:55:55.645
6175,1,41,1,"",2025-09-11 18:55:55.656,2025-09-11 18:55:55.656
6176,1,42,1,"",2025-09-11 18:55:55.668,2025-09-11 18:55:55.668
6177,1,43,1,"",2025-09-11 18:55:55.68,2025-09-11 18:55:55.68
6178,1,44,1,"",2025-09-11 18:55:55.691,2025-09-11 18:55:55.691
6179,1,45,1,"",2025-09-11 18:55:55.704,2025-09-11 18:55:55.704
6180,1,36,1,"",2025-09-11 18:55:55.717,2025-09-11 18:55:55.717
6181,1,47,1,"",2025-09-11 18:55:55.744,2025-09-11 18:55:55.744
6182,1,48,1,"",2025-09-11 18:55:55.761,2025-09-11 18:55:55.761
6183,1,49,1,"",2025-09-11 18:55:55.772,2025-09-11 18:55:55.772
6184,1,50,1,"",2025-09-11 18:55:55.786,2025-09-11 18:55:55.786
6185,1,35,1,"",2025-09-11 18:57:37.084,2025-09-11 18:57:37.084
6186,1,36,1,"",2025-09-11 18:57:37.104,2025-09-11 18:57:37.104
6187,1,37,1,"",2025-09-11 18:57:37.114,2025-09-11 18:57:37.114
6188,1,38,1,"",2025-09-11 18:57:37.124,2025-09-11 18:57:37.124
6189,1,39,1,"",2025-09-11 18:57:37.134,2025-09-11 18:57:37.134
6190,1,40,1,"",2025-09-11 18:57:37.143,2025-09-11 18:57:37.143
6191,1,41,1,"",2025-09-11 18:57:37.153,2025-09-11 18:57:37.153
6192,1,42,1,"",2025-09-11 18:57:37.161,2025-09-11 18:57:37.161
6193,1,43,1,"",2025-09-11 18:57:37.17,2025-09-11 18:57:37.17
6194,1,44,1,"",2025-09-11 18:57:37.179,2025-09-11 18:57:37.179
6195,1,45,1,"",2025-09-11 18:57:37.195,2025-09-11 18:57:37.195
6196,1,36,1,"",2025-09-11 18:57:37.206,2025-09-11 18:57:37.206
6197,1,47,1,"",2025-09-11 18:57:37.22,2025-09-11 18:57:37.22
6198,1,48,1,"",2025-09-11 18:57:37.229,2025-09-11 18:57:37.229
6199,1,49,1,"",2025-09-11 18:57:37.238,2025-09-11 18:57:37.238
6200,1,50,1,"",2025-09-11 18:57:37.246,2025-09-11 18:57:37.246
6201,1,35,4,"",2025-09-11 19:00:25.759,2025-09-11 19:00:25.759
6202,1,36,6,"",2025-09-11 19:00:25.812,2025-09-11 19:00:25.812
6203,1,37,2,"",2025-09-11 19:00:25.828,2025-09-11 19:00:25.828
6204,1,38,2,"",2025-09-11 19:00:25.841,2025-09-11 19:00:25.841
6205,1,39,6,"",2025-09-11 19:00:25.854,2025-09-11 19:00:25.854
6206,1,40,4,"",2025-09-11 19:00:25.865,2025-09-11 19:00:25.865
6207,1,41,3,"",2025-09-11 19:00:25.874,2025-09-11 19:00:25.874
6208,1,42,7,"",2025-09-11 19:00:25.884,2025-09-11 19:00:25.884
6209,1,43,2,"",2025-09-11 19:00:25.898,2025-09-11 19:00:25.898
6210,1,44,7,"",2025-09-11 19:00:25.908,2025-09-11 19:00:25.908
6211,1,45,2,"",2025-09-11 19:00:25.919,2025-09-11 19:00:25.919
6212,1,36,3,"",2025-09-11 19:00:25.93,2025-09-11 19:00:25.93
6213,1,47,5,"",2025-09-11 19:00:25.941,2025-09-11 19:00:25.941
6214,1,48,6,"",2025-09-11 19:00:25.954,2025-09-11 19:00:25.954
6215,1,49,3,"",2025-09-11 19:00:25.966,2025-09-11 19:00:25.966
6216,1,50,2,"",2025-09-11 19:00:25.976,2025-09-11 19:00:25.976
6217,1,35,6,"",2025-09-11 19:03:56.803,2025-09-11 19:03:56.803
6218,1,36,4,"",2025-09-11 19:03:56.86,2025-09-11 19:03:56.86
6219,1,37,2,"",2025-09-11 19:03:56.877,2025-09-11 19:03:56.877
6220,1,38,7,"",2025-09-11 19:03:56.89,2025-09-11 19:03:56.89
6221,1,39,2,"",2025-09-11 19:03:56.901,2025-09-11 19:03:56.901
6222,1,40,5,"",2025-09-11 19:03:56.915,2025-09-11 19:03:56.915
6223,1,41,2,"",2025-09-11 19:03:56.927,2025-09-11 19:03:56.927
6224,1,42,5,"",2025-09-11 19:03:56.938,2025-09-11 19:03:56.938
6225,1,43,2,"",2025-09-11 19:03:56.95,2025-09-11 19:03:56.95
6226,1,44,5,"",2025-09-11 19:03:56.96,2025-09-11 19:03:56.96
6227,1,45,3,"",2025-09-11 19:03:56.973,2025-09-11 19:03:56.973
6228,1,36,2,"",2025-09-11 19:03:56.984,2025-09-11 19:03:56.984
6229,1,35,4,"",2025-09-11 19:08:08.641,2025-09-11 19:08:08.641
6230,1,36,2,"",2025-09-11 19:08:08.672,2025-09-11 19:08:08.672
6231,1,37,4,"",2025-09-11 19:08:08.685,2025-09-11 19:08:08.685
6232,1,38,7,"",2025-09-11 19:08:08.699,2025-09-11 19:08:08.699
6233,1,39,3,"",2025-09-11 19:08:08.711,2025-09-11 19:08:08.711
6234,1,40,5,"",2025-09-11 19:08:08.722,2025-09-11 19:08:08.722
6235,1,41,3,"",2025-09-11 19:08:08.733,2025-09-11 19:08:08.733
6236,1,42,5,"",2025-09-11 19:08:08.745,2025-09-11 19:08:08.745
6237,1,43,3,"",2025-09-11 19:08:08.757,2025-09-11 19:08:08.757
6238,1,44,7,"",2025-09-11 19:08:08.767,2025-09-11 19:08:08.767
6239,1,45,2,"",2025-09-11 19:08:08.777,2025-09-11 19:08:08.777
6240,1,36,2,"",2025-09-11 19:08:08.8,2025-09-11 19:08:08.8
6241,1,47,7,"",2025-09-11 19:08:08.813,2025-09-11 19:08:08.813
6242,1,48,3,"",2025-09-11 19:08:08.824,2025-09-11 19:08:08.824
6243,1,49,2,"",2025-09-11 19:08:08.835,2025-09-11 19:08:08.835
6244,1,50,7,"",2025-09-11 19:08:08.845,2025-09-11 19:08:08.845
6245,1,35,2,"",2025-09-11 19:09:52.114,2025-09-11 19:09:52.114
6246,1,36,6,"",2025-09-11 19:09:52.141,2025-09-11 19:09:52.141
6247,1,37,1,"",2025-09-11 19:09:52.157,2025-09-11 19:09:52.157
6248,1,38,7,"",2025-09-11 19:09:52.167,2025-09-11 19:09:52.167
6249,1,39,2,"",2025-09-11 19:09:52.179,2025-09-11 19:09:52.179
6250,1,40,7,"",2025-09-11 19:09:52.192,2025-09-11 19:09:52.192
6251,1,41,1,"",2025-09-11 19:09:52.204,2025-09-11 19:09:52.204
6252,1,42,3,"",2025-09-11 19:09:52.216,2025-09-11 19:09:52.216
6253,1,43,1,"",2025-09-11 19:09:52.226,2025-09-11 19:09:52.226
6254,1,44,3,"",2025-09-11 19:09:52.239,2025-09-11 19:09:52.239
6255,1,45,6,"",2025-09-11 19:09:52.25,2025-09-11 19:09:52.25
6256,1,36,2,"",2025-09-11 19:09:52.261,2025-09-11 19:09:52.261
6257,1,47,6,"",2025-09-11 19:09:52.272,2025-09-11 19:09:52.272
6258,1,48,2,"",2025-09-11 19:09:52.283,2025-09-11 19:09:52.283
6259,1,49,1,"",2025-09-11 19:09:52.294,2025-09-11 19:09:52.294
6260,1,50,6,"",2025-09-11 19:09:52.306,2025-09-11 19:09:52.306
6261,1,85,2,1,2025-09-12 10:04:09.507,2025-09-12 10:04:09.507
6262,1,86,4,2,2025-09-12 10:04:09.532,2025-09-12 10:04:09.532
6263,1,87,2,3,2025-09-12 10:04:09.542,2025-09-12 10:04:09.542
6264,1,88,7,4,2025-09-12 10:04:09.549,2025-09-12 10:04:09.549
6265,1,89,3,5,2025-09-12 10:04:09.556,2025-09-12 10:04:09.556
6266,1,90,1,6,2025-09-12 10:04:09.561,2025-09-12 10:04:09.561
6267,1,91,7,7,2025-09-12 10:04:09.569,2025-09-12 10:04:09.569
6268,1,92,1,8,2025-09-12 10:04:09.576,2025-09-12 10:04:09.576
6269,1,93,3,9,2025-09-12 10:04:09.582,2025-09-12 10:04:09.582
6270,1,94,1,10,2025-09-12 10:04:09.589,2025-09-12 10:04:09.589
6271,1,95,4,11,2025-09-12 10:04:09.597,2025-09-12 10:04:09.597
6272,1,86,2,12,2025-09-12 10:04:09.604,2025-09-12 10:04:09.604
6273,1,97,7,13,2025-09-12 10:04:09.609,2025-09-12 10:04:09.609
6274,1,98,7,14,2025-09-12 10:04:09.615,2025-09-12 10:04:09.615
6275,1,99,7,15,2025-09-12 10:04:09.621,2025-09-12 10:04:09.621
6276,1,100,2,16,2025-09-12 10:04:09.626,2025-09-12 10:04:09.626
6277,1,85,3,"",2025-09-12 10:07:47.771,2025-09-12 10:07:47.771
6278,1,86,5,"",2025-09-12 10:07:47.8,2025-09-12 10:07:47.8
6279,1,87,2,"",2025-09-12 10:07:47.81,2025-09-12 10:07:47.81
6280,1,88,3,"",2025-09-12 10:07:47.819,2025-09-12 10:07:47.819
6281,1,89,7,"",2025-09-12 10:07:47.826,2025-09-12 10:07:47.826
6282,1,90,2,"",2025-09-12 10:07:47.836,2025-09-12 10:07:47.836
6283,1,91,1,"",2025-09-12 10:07:47.843,2025-09-12 10:07:47.843
6284,1,92,7,"",2025-09-12 10:07:47.849,2025-09-12 10:07:47.849
6285,1,93,7,"",2025-09-12 10:07:47.856,2025-09-12 10:07:47.856
6286,1,94,2,"",2025-09-12 10:07:47.862,2025-09-12 10:07:47.862
6287,1,95,5,"",2025-09-12 10:07:47.869,2025-09-12 10:07:47.869
6288,1,86,1,"",2025-09-12 10:07:47.876,2025-09-12 10:07:47.876
6289,1,97,6,"",2025-09-12 10:07:47.882,2025-09-12 10:07:47.882
6290,1,98,3,"",2025-09-12 10:07:47.889,2025-09-12 10:07:47.889
6291,1,99,6,"",2025-09-12 10:07:47.896,2025-09-12 10:07:47.896
6292,1,100,1,"",2025-09-12 10:07:47.902,2025-09-12 10:07:47.902
6293,1,85,3,"",2025-09-12 10:25:17.563,2025-09-12 10:25:17.563
6294,1,86,3,"",2025-09-12 10:25:17.584,2025-09-12 10:25:17.584
6295,1,87,6,"",2025-09-12 10:25:17.591,2025-09-12 10:25:17.591
6296,1,88,3,"",2025-09-12 10:25:17.6,2025-09-12 10:25:17.6
6297,1,89,6,"",2025-09-12 10:25:17.607,2025-09-12 10:25:17.607
6298,1,90,1,"",2025-09-12 10:25:17.615,2025-09-12 10:25:17.615
6299,1,91,3,"",2025-09-12 10:25:17.622,2025-09-12 10:25:17.622
6300,1,92,6,"",2025-09-12 10:25:17.628,2025-09-12 10:25:17.628
6301,1,93,6,"",2025-09-12 10:25:17.635,2025-09-12 10:25:17.635
6302,1,94,2,"",2025-09-12 10:25:17.643,2025-09-12 10:25:17.643
6303,1,95,5,"",2025-09-12 10:25:17.651,2025-09-12 10:25:17.651
6304,1,86,5,"",2025-09-12 10:25:17.659,2025-09-12 10:25:17.659
6305,1,97,3,"",2025-09-12 10:25:17.667,2025-09-12 10:25:17.667
6306,1,98,2,"",2025-09-12 10:25:17.673,2025-09-12 10:25:17.673
6307,1,99,4,"",2025-09-12 10:25:17.678,2025-09-12 10:25:17.678
6308,1,100,3,"",2025-09-12 10:25:17.685,2025-09-12 10:25:17.685
6309,1,85,2,"",2025-09-12 10:29:35.801,2025-09-12 10:29:35.801
6310,1,86,5,"",2025-09-12 10:29:35.831,2025-09-12 10:29:35.831
6311,1,87,2,"",2025-09-12 10:29:35.839,2025-09-12 10:29:35.839
6312,1,88,6,"",2025-09-12 10:29:35.846,2025-09-12 10:29:35.846
6313,1,89,3,"",2025-09-12 10:29:35.855,2025-09-12 10:29:35.855
6314,1,90,1,"",2025-09-12 10:29:35.863,2025-09-12 10:29:35.863
6315,1,91,5,"",2025-09-12 10:29:35.87,2025-09-12 10:29:35.87
6316,1,92,1,"",2025-09-12 10:29:35.877,2025-09-12 10:29:35.877
6317,1,93,7,"",2025-09-12 10:29:35.884,2025-09-12 10:29:35.884
6318,1,94,2,"",2025-09-12 10:29:35.891,2025-09-12 10:29:35.891
6319,1,95,1,"",2025-09-12 10:29:35.898,2025-09-12 10:29:35.898
6320,1,86,1,"",2025-09-12 10:29:35.904,2025-09-12 10:29:35.904
6321,1,97,1,"",2025-09-12 10:29:35.911,2025-09-12 10:29:35.911
6322,1,98,1,"",2025-09-12 10:29:35.918,2025-09-12 10:29:35.918
6323,1,99,1,"",2025-09-12 10:29:35.924,2025-09-12 10:29:35.924
6324,1,100,3,"",2025-09-12 10:29:35.931,2025-09-12 10:29:35.931
6325,1,85,1,"",2025-09-12 10:34:13.249,2025-09-12 10:34:13.249
6326,1,86,1,"",2025-09-12 10:34:13.26,2025-09-12 10:34:13.26
6327,1,87,1,"",2025-09-12 10:34:13.271,2025-09-12 10:34:13.271
6328,1,88,1,"",2025-09-12 10:34:13.283,2025-09-12 10:34:13.283
6329,1,89,1,"",2025-09-12 10:34:13.295,2025-09-12 10:34:13.295
6330,1,90,1,"",2025-09-12 10:34:13.306,2025-09-12 10:34:13.306
6331,1,91,1,"",2025-09-12 10:34:13.32,2025-09-12 10:34:13.32
6332,1,92,1,"",2025-09-12 10:34:13.33,2025-09-12 10:34:13.33
6333,1,93,1,"",2025-09-12 10:34:13.34,2025-09-12 10:34:13.34
6334,1,94,1,"",2025-09-12 10:34:13.351,2025-09-12 10:34:13.351
6335,1,95,1,"",2025-09-12 10:34:13.36,2025-09-12 10:34:13.36
6336,1,86,1,"",2025-09-12 10:34:13.371,2025-09-12 10:34:13.371
6337,1,97,1,"",2025-09-12 10:34:13.38,2025-09-12 10:34:13.38
6338,1,98,1,"",2025-09-12 10:34:13.402,2025-09-12 10:34:13.402
6339,1,99,1,"",2025-09-12 10:34:13.416,2025-09-12 10:34:13.416
6340,1,100,1,"",2025-09-12 10:34:13.424,2025-09-12 10:34:13.424
6341,1,85,4,"",2025-09-12 10:36:49.046,2025-09-12 10:36:49.046
6342,1,86,3,"",2025-09-12 10:36:49.074,2025-09-12 10:36:49.074
6343,1,87,6,"",2025-09-12 10:36:49.083,2025-09-12 10:36:49.083
6344,1,88,3,"",2025-09-12 10:36:49.094,2025-09-12 10:36:49.094
6345,1,89,6,"",2025-09-12 10:36:49.103,2025-09-12 10:36:49.103
6346,1,90,1,"",2025-09-12 10:36:49.113,2025-09-12 10:36:49.113
6347,1,91,3,"",2025-09-12 10:36:49.125,2025-09-12 10:36:49.125
6348,1,92,7,"",2025-09-12 10:36:49.135,2025-09-12 10:36:49.135
6349,1,93,7,"",2025-09-12 10:36:49.145,2025-09-12 10:36:49.145
6350,1,94,3,"",2025-09-12 10:36:49.156,2025-09-12 10:36:49.156
6351,1,95,5,"",2025-09-12 10:36:49.168,2025-09-12 10:36:49.168
6352,1,86,5,"",2025-09-12 10:36:49.179,2025-09-12 10:36:49.179
6353,1,97,2,"",2025-09-12 10:36:49.192,2025-09-12 10:36:49.192
6354,1,98,4,"",2025-09-12 10:36:49.207,2025-09-12 10:36:49.207
6355,1,99,7,"",2025-09-12 10:36:49.221,2025-09-12 10:36:49.221
6356,1,100,2,"",2025-09-12 10:36:49.232,2025-09-12 10:36:49.232
6357,1,85,1,"",2025-09-12 10:44:18.525,2025-09-12 10:44:18.525
6358,1,86,7,"",2025-09-12 10:44:18.562,2025-09-12 10:44:18.562
6359,1,87,3,"",2025-09-12 10:44:18.573,2025-09-12 10:44:18.573
6360,1,88,7,"",2025-09-12 10:44:18.584,2025-09-12 10:44:18.584
6361,1,89,3,"",2025-09-12 10:44:18.593,2025-09-12 10:44:18.593
6362,1,90,7,"",2025-09-12 10:44:18.603,2025-09-12 10:44:18.603
6363,1,91,4,"",2025-09-12 10:44:18.614,2025-09-12 10:44:18.614
6364,1,92,2,"",2025-09-12 10:44:18.627,2025-09-12 10:44:18.627
6365,1,93,7,"",2025-09-12 10:44:18.638,2025-09-12 10:44:18.638
6366,1,94,3,"",2025-09-12 10:44:18.65,2025-09-12 10:44:18.65
6367,1,95,5,"",2025-09-12 10:44:18.661,2025-09-12 10:44:18.661
6368,1,86,2,"",2025-09-12 10:44:18.671,2025-09-12 10:44:18.671
6369,1,97,7,"",2025-09-12 10:44:18.68,2025-09-12 10:44:18.68
6370,1,98,2,"",2025-09-12 10:44:18.691,2025-09-12 10:44:18.691
6371,1,99,7,"",2025-09-12 10:44:18.7,2025-09-12 10:44:18.7
6372,1,100,4,"",2025-09-12 10:44:18.709,2025-09-12 10:44:18.709
6373,1,85,1,"",2025-09-12 12:11:55.623,2025-09-12 12:11:55.623
6374,1,86,1,"",2025-09-12 12:11:55.666,2025-09-12 12:11:55.666
6375,1,87,1,"",2025-09-12 12:11:55.686,2025-09-12 12:11:55.686
6376,1,88,1,"",2025-09-12 12:11:55.705,2025-09-12 12:11:55.705
6377,1,89,1,"",2025-09-12 12:11:55.724,2025-09-12 12:11:55.724
6378,1,90,1,"",2025-09-12 12:11:55.744,2025-09-12 12:11:55.744
6379,1,91,1,"",2025-09-12 12:11:55.759,2025-09-12 12:11:55.759
6380,1,92,1,"",2025-09-12 12:11:55.773,2025-09-12 12:11:55.773
6381,1,93,1,"",2025-09-12 12:11:55.806,2025-09-12 12:11:55.806
6382,1,94,1,"",2025-09-12 12:11:55.826,2025-09-12 12:11:55.826
6383,1,95,1,"",2025-09-12 12:11:55.849,2025-09-12 12:11:55.849
6384,1,86,1,"",2025-09-12 12:11:55.863,2025-09-12 12:11:55.863
6385,1,97,1,"",2025-09-12 12:11:55.875,2025-09-12 12:11:55.875
6386,1,98,1,"",2025-09-12 12:11:55.887,2025-09-12 12:11:55.887
6387,1,99,1,"",2025-09-12 12:11:55.896,2025-09-12 12:11:55.896
6388,1,100,1,"",2025-09-12 12:11:55.908,2025-09-12 12:11:55.908
6389,1,85,5,"",2025-09-12 12:12:46.802,2025-09-12 12:12:46.802
6390,1,86,1,"",2025-09-12 12:12:46.82,2025-09-12 12:12:46.82
6391,1,87,1,"",2025-09-12 12:12:46.833,2025-09-12 12:12:46.833
6392,1,88,1,"",2025-09-12 12:12:46.847,2025-09-12 12:12:46.847
6393,1,89,6,"",2025-09-12 12:12:46.86,2025-09-12 12:12:46.86
6394,1,90,4,"",2025-09-12 12:12:46.872,2025-09-12 12:12:46.872
6395,1,91,1,"",2025-09-12 12:12:46.889,2025-09-12 12:12:46.889
6396,1,92,6,"",2025-09-12 12:12:46.905,2025-09-12 12:12:46.905
6397,1,93,3,"",2025-09-12 12:12:46.922,2025-09-12 12:12:46.922
6398,1,94,1,"",2025-09-12 12:12:46.941,2025-09-12 12:12:46.941
6399,1,95,1,"",2025-09-12 12:12:46.956,2025-09-12 12:12:46.956
6400,1,86,1,"",2025-09-12 12:12:46.973,2025-09-12 12:12:46.973
6401,1,97,4,"",2025-09-12 12:12:46.995,2025-09-12 12:12:46.995
6402,1,98,6,"",2025-09-12 12:12:47.008,2025-09-12 12:12:47.008
6403,1,99,1,"",2025-09-12 12:12:47.025,2025-09-12 12:12:47.025
6404,1,100,1,"",2025-09-12 12:12:47.035,2025-09-12 12:12:47.035
6405,1,85,1,"",2025-09-12 12:14:14.155,2025-09-12 12:14:14.155
6406,1,86,5,"",2025-09-12 12:14:14.179,2025-09-12 12:14:14.179
6407,1,87,1,"",2025-09-12 12:14:14.19,2025-09-12 12:14:14.19
6408,1,88,1,"",2025-09-12 12:14:14.203,2025-09-12 12:14:14.203
6409,1,89,1,"",2025-09-12 12:14:14.217,2025-09-12 12:14:14.217
6410,1,90,5,"",2025-09-12 12:14:14.231,2025-09-12 12:14:14.231
6411,1,91,1,"",2025-09-12 12:14:14.244,2025-09-12 12:14:14.244
6412,1,92,1,"",2025-09-12 12:14:14.256,2025-09-12 12:14:14.256
6413,1,93,1,"",2025-09-12 12:14:14.272,2025-09-12 12:14:14.272
6414,1,94,1,"",2025-09-12 12:14:14.296,2025-09-12 12:14:14.296
6415,1,95,1,"",2025-09-12 12:14:14.312,2025-09-12 12:14:14.312
6416,1,86,1,"",2025-09-12 12:14:14.327,2025-09-12 12:14:14.327
6417,1,97,1,"",2025-09-12 12:14:14.339,2025-09-12 12:14:14.339
6418,1,98,1,"",2025-09-12 12:14:14.352,2025-09-12 12:14:14.352
6419,1,99,4,"",2025-09-12 12:14:14.363,2025-09-12 12:14:14.363
6420,1,100,1,"",2025-09-12 12:14:14.378,2025-09-12 12:14:14.378
6421,1,19,4,"",2025-09-23 17:12:41.614,2025-09-23 17:12:41.614
6422,1,20,3,"",2025-09-23 17:12:41.668,2025-09-23 17:12:41.668
6423,1,21,6,"",2025-09-23 17:12:41.679,2025-09-23 17:12:41.679
6424,1,22,7,"",2025-09-23 17:12:41.691,2025-09-23 17:12:41.691
6425,1,23,3,"",2025-09-23 17:12:41.701,2025-09-23 17:12:41.701
6426,1,24,6,"",2025-09-23 17:12:41.71,2025-09-23 17:12:41.71
6427,1,25,3,"",2025-09-23 17:12:41.722,2025-09-23 17:12:41.722
6428,1,26,5,"",2025-09-23 17:12:41.734,2025-09-23 17:12:41.734
6429,1,27,4,"",2025-09-23 17:12:41.743,2025-09-23 17:12:41.743
6430,1,28,3,"",2025-09-23 17:12:41.752,2025-09-23 17:12:41.752
6431,1,29,5,"",2025-09-23 17:12:41.76,2025-09-23 17:12:41.76
6432,1,20,2,"",2025-09-23 17:12:41.769,2025-09-23 17:12:41.769
6433,1,31,1,"",2025-09-23 17:12:41.778,2025-09-23 17:12:41.778
6434,1,32,7,"",2025-09-23 17:12:41.786,2025-09-23 17:12:41.786
6435,1,33,3,"",2025-09-23 17:12:41.797,2025-09-23 17:12:41.797
6436,1,34,1,"",2025-09-23 17:12:41.806,2025-09-23 17:12:41.806
